n,p_trust,p_drop,p_test,false_trust,false_drop,wrong_nontest,method,triage_risk,full_risk,seed,param,coverage
30,0.43333333333333335,0.5666666666666667,0.0,0.23076923076923078,0.23529411764705882,0.23333333333333334,crc,0.23333333333333334,0.23333333333333334,0,0.0,
30,0.43333333333333335,0.5666666666666667,0.0,0.23076923076923078,0.23529411764705882,0.23333333333333334,rac,0.23333333333333334,0.23333333333333334,0,0.0,
30,0.43333333333333335,0.5666666666666667,0.0,0.23076923076923078,0.23529411764705882,0.23333333333333334,rac_interval_cost,0.23333333333333334,0.23333333333333334,0,0.0,
30,0.43333333333333335,0.5666666666666667,0.0,0.23076923076923078,0.23529411764705882,0.23333333333333334,risktriage,0.23333333333333334,0.23333333333333334,0,0.0,
30,0.43333333333333335,0.5666666666666667,0.0,0.23076923076923078,0.23529411764705882,0.23333333333333334,crc,0.23333333333333334,0.23333333333333334,0,0.001,
30,0.43333333333333335,0.5666666666666667,0.0,0.23076923076923078,0.23529411764705882,0.23333333333333334,rac,0.23333333333333334,0.23333333333333334,0,0.001,
30,0.43333333333333335,0.5666666666666667,0.0,0.23076923076923078,0.23529411764705882,0.23333333333333334,rac_interval_cost,0.23333333333333334,0.23333333333333334,0,0.001,
30,0.43333333333333335,0.5666666666666667,0.0,0.23076923076923078,0.23529411764705882,0.23333333333333334,risktriage,0.23333333333333334,0.23333333333333334,0,0.001,
30,0.43333333333333335,0.5666666666666667,0.0,0.23076923076923078,0.23529411764705882,0.23333333333333334,crc,0.23333333333333334,0.23333333333333334,0,0.0012726005814531914,
30,0.43333333333333335,0.5666666666666667,0.0,0.23076923076923078,0.23529411764705882,0.23333333333333334,rac,0.23333333333333334,0.23333333333333334,0,0.0012726005814531914,
30,0.43333333333333335,0.5666666666666667,0.0,0.23076923076923078,0.23529411764705882,0.23333333333333334,rac_interval_cost,0.23333333333333334,0.23333333333333334,0,0.0012726005814531914,
30,0.43333333333333335,0.5666666666666667,0.0,0.23076923076923078,0.23529411764705882,0.23333333333333334,risktriage,0.23333333333333334,0.23333333333333334,0,0.0012726005814531914,
30,0.43333333333333335,0.5666666666666667,0.0,0.23076923076923078,0.23529411764705882,0.23333333333333334,crc,0.23333333333333334,0.23333333333333334,0,0.001619512239914999,
30,0.43333333333333335,0.5666666666666667,0.0,0.23076923076923078,0.23529411764705882,0.23333333333333334,rac,0.23333333333333334,0.23333333333333334,0,0.001619512239914999,
30,0.43333333333333335,0.5666666666666667,0.0,0.23076923076923078,0.23529411764705882,0.23333333333333334,rac_interval_cost,0.23333333333333334,0.23333333333333334,0,0.001619512239914999,
30,0.43333333333333335,0.5666666666666667,0.0,0.23076923076923078,0.23529411764705882,0.23333333333333334,risktriage,0.23333333333333334,0.23333333333333334,0,0.001619512239914999,
30,0.43333333333333335,0.5666666666666667,0.0,0.23076923076923078,0.23529411764705882,0.23333333333333334,crc,0.23333333333333334,0.23333333333333334,0,0.002060992218186388,
30,0.43333333333333335,0.5666666666666667,0.0,0.23076923076923078,0.23529411764705882,0.23333333333333334,rac,0.23333333333333334,0.23333333333333334,0,0.002060992218186388,
30,0.43333333333333335,0.5666666666666667,0.0,0.23076923076923078,0.23529411764705882,0.23333333333333334,rac_interval_cost,0.23333333333333334,0.23333333333333334,0,0.002060992218186388,
30,0.43333333333333335,0.5666666666666667,0.0,0.23076923076923078,0.23529411764705882,0.23333333333333334,risktriage,0.23333333333333334,0.23333333333333334,0,0.002060992218186388,
30,0.43333333333333335,0.5666666666666667,0.0,0.23076923076923078,0.23529411764705882,0.23333333333333334,crc,0.23333333333333334,0.23333333333333334,0,0.002622819895234497,
30,0.43333333333333335,0.5666666666666667,0.0,0.23076923076923078,0.23529411764705882,0.23333333333333334,rac,0.23333333333333334,0.23333333333333334,0,0.002622819895234497,
30,0.43333333333333335,0.5666666666666667,0.0,0.23076923076923078,0.23529411764705882,0.23333333333333334,rac_interval_cost,0.23333333333333334,0.23333333333333334,0,0.002622819895234497,
30,0.43333333333333335,0.5666666666666667,0.0,0.23076923076923078,0.23529411764705882,0.23333333333333334,risktriage,0.23333333333333334,0.23333333333333334,0,0.002622819895234497,
30,0.43333333333333335,0.5666666666666667,0.0,0.23076923076923078,0.23529411764705882,0.23333333333333334,crc,0.23333333333333334,0.23333333333333334,0,0.0033378021237224194,
30,0.43333333333333335,0.5666666666666667,0.0,0.23076923076923078,0.23529411764705882,0.23333333333333334,rac,0.23333333333333334,0.23333333333333334,0,0.0033378021237224194,
30,0.43333333333333335,0.5666666666666667,0.0,0.23076923076923078,0.23529411764705882,0.23333333333333334,rac_interval_cost,0.23333333333333334,0.23333333333333334,0,0.0033378021237224194,
30,0.43333333333333335,0.5666666666666667,0.0,0.23076923076923078,0.23529411764705882,0.23333333333333334,risktriage,0.23333333333333334,0.23333333333333334,0,0.0033378021237224194,
30,0.43333333333333335,0.5666666666666667,0.0,0.23076923076923078,0.23529411764705882,0.23333333333333334,crc,0.23333333333333334,0.23333333333333334,0,0.004247688923424847,
30,0.43333333333333335,0.5666666666666667,0.0,0.23076923076923078,0.23529411764705882,0.23333333333333334,rac,0.23333333333333334,0.23333333333333334,0,0.004247688923424847,
30,0.43333333333333335,0.5666666666666667,0.0,0.23076923076923078,0.23529411764705882,0.23333333333333334,rac_interval_cost,0.23333333333333334,0.23333333333333334,0,0.004247688923424847,
30,0.43333333333333335,0.5666666666666667,0.0,0.23076923076923078,0.23529411764705882,0.23333333333333334,risktriage,0.23333333333333334,0.23333333333333334,0,0.004247688923424847,
30,0.43333333333333335,0.5666666666666667,0.0,0.23076923076923078,0.23529411764705882,0.23333333333333334,crc,0.23333333333333334,0.23333333333333334,0,0.005405611393782741,
30,0.43333333333333335,0.5666666666666667,0.0,0.23076923076923078,0.23529411764705882,0.23333333333333334,rac,0.23333333333333334,0.23333333333333334,0,0.005405611393782741,
30,0.43333333333333335,0.5666666666666667,0.0,0.23076923076923078,0.23529411764705882,0.23333333333333334,rac_interval_cost,0.23333333333333334,0.23333333333333334,0,0.005405611393782741,
30,0.43333333333333335,0.5666666666666667,0.0,0.23076923076923078,0.23529411764705882,0.23333333333333334,risktriage,0.23333333333333334,0.23333333333333334,0,0.005405611393782741,
30,0.43333333333333335,0.5666666666666667,0.0,0.23076923076923078,0.23529411764705882,0.23333333333333334,crc,0.23333333333333334,0.23333333333333334,0,0.006879184202837905,
30,0.43333333333333335,0.5666666666666667,0.0,0.23076923076923078,0.23529411764705882,0.23333333333333334,rac,0.23333333333333334,0.23333333333333334,0,0.006879184202837905,
30,0.43333333333333335,0.5666666666666667,0.0,0.23076923076923078,0.23529411764705882,0.23333333333333334,rac_interval_cost,0.23333333333333334,0.23333333333333334,0,0.006879184202837905,
30,0.43333333333333335,0.5666666666666667,0.0,0.23076923076923078,0.23529411764705882,0.23333333333333334,risktriage,0.23333333333333334,0.23333333333333334,0,0.006879184202837905,
30,0.43333333333333335,0.5666666666666667,0.0,0.23076923076923078,0.23529411764705882,0.23333333333333334,crc,0.23333333333333334,0.23333333333333334,0,0.008754453816455118,
30,0.43333333333333335,0.5666666666666667,0.0,0.23076923076923078,0.23529411764705882,0.23333333333333334,rac,0.23333333333333334,0.23333333333333334,0,0.008754453816455118,
30,0.43333333333333335,0.5666666666666667,0.0,0.23076923076923078,0.23529411764705882,0.23333333333333334,rac_interval_cost,0.23333333333333334,0.23333333333333334,0,0.008754453816455118,
30,0.43333333333333335,0.5666666666666667,0.0,0.23076923076923078,0.23529411764705882,0.23333333333333334,risktriage,0.23333333333333334,0.23333333333333334,0,0.008754453816455118,
30,0.43333333333333335,0.5666666666666667,0.0,0.23076923076923078,0.23529411764705882,0.23333333333333334,crc,0.23333333333333334,0.23333333333333334,0,0.011140923017125891,
30,0.43333333333333335,0.5666666666666667,0.0,0.23076923076923078,0.23529411764705882,0.23333333333333334,rac,0.23333333333333334,0.23333333333333334,0,0.011140923017125891,
30,0.43333333333333335,0.5666666666666667,0.0,0.23076923076923078,0.23529411764705882,0.23333333333333334,rac_interval_cost,0.23333333333333334,0.23333333333333334,0,0.011140923017125891,
30,0.43333333333333335,0.5666666666666667,0.0,0.23076923076923078,0.23529411764705882,0.23333333333333334,risktriage,0.23333333333333334,0.23333333333333334,0,0.011140923017125891,
30,0.43333333333333335,0.5666666666666667,0.0,0.23076923076923078,0.23529411764705882,0.23333333333333334,crc,0.23333333333333334,0.23333333333333334,0,0.014177945109519653,
30,0.43333333333333335,0.5666666666666667,0.0,0.23076923076923078,0.23529411764705882,0.23333333333333334,rac,0.23333333333333334,0.23333333333333334,0,0.014177945109519653,
30,0.43333333333333335,0.5666666666666667,0.0,0.23076923076923078,0.23529411764705882,0.23333333333333334,rac_interval_cost,0.23333333333333334,0.23333333333333334,0,0.014177945109519653,
30,0.43333333333333335,0.5666666666666667,0.0,0.23076923076923078,0.23529411764705882,0.23333333333333334,risktriage,0.23333333333333334,0.23333333333333334,0,0.014177945109519653,
30,0.43333333333333335,0.5666666666666667,0.0,0.23076923076923078,0.23529411764705882,0.23333333333333334,crc,0.23333333333333334,0.23333333333333334,0,0.01804286119018613,
30,0.43333333333333335,0.5666666666666667,0.0,0.23076923076923078,0.23529411764705882,0.23333333333333334,rac,0.23333333333333334,0.23333333333333334,0,0.01804286119018613,
30,0.43333333333333335,0.5666666666666667,0.0,0.23076923076923078,0.23529411764705882,0.23333333333333334,rac_interval_cost,0.23333333333333334,0.23333333333333334,0,0.01804286119018613,
30,0.43333333333333335,0.5666666666666667,0.0,0.23076923076923078,0.23529411764705882,0.23333333333333334,risktriage,0.23333333333333334,0.23333333333333334,0,0.01804286119018613,
30,0.43333333333333335,0.5666666666666667,0.0,0.23076923076923078,0.23529411764705882,0.23333333333333334,crc,0.23333333333333334,0.23333333333333334,0,0.022961355641710077,
30,0.43333333333333335,0.5666666666666667,0.0,0.23076923076923078,0.23529411764705882,0.23333333333333334,rac,0.23333333333333334,0.23333333333333334,0,0.022961355641710077,
30,0.43333333333333335,0.5666666666666667,0.0,0.23076923076923078,0.23529411764705882,0.23333333333333334,rac_interval_cost,0.23333333333333334,0.23333333333333334,0,0.022961355641710077,
30,0.43333333333333335,0.5666666666666667,0.0,0.23076923076923078,0.23529411764705882,0.23333333333333334,risktriage,0.23333333333333334,0.23333333333333334,0,0.022961355641710077,
30,0.43333333333333335,0.5666666666666667,0.0,0.23076923076923078,0.23529411764705882,0.23333333333333334,crc,0.23333333333333334,0.23333333333333334,0,0.02922063454059376,
30,0.43333333333333335,0.5666666666666667,0.0,0.23076923076923078,0.23529411764705882,0.23333333333333334,rac,0.23333333333333334,0.23333333333333334,0,0.02922063454059376,
30,0.43333333333333335,0.5666666666666667,0.0,0.23076923076923078,0.23529411764705882,0.23333333333333334,rac_interval_cost,0.23333333333333334,0.23333333333333334,0,0.02922063454059376,
30,0.43333333333333335,0.5666666666666667,0.0,0.23076923076923078,0.23529411764705882,0.23333333333333334,risktriage,0.23333333333333334,0.23333333333333334,0,0.02922063454059376,
30,0.43333333333333335,0.5666666666666667,0.0,0.23076923076923078,0.23529411764705882,0.23333333333333334,crc,0.23333333333333334,0.23333333333333334,0,0.0371861965067908,
30,0.43333333333333335,0.5666666666666667,0.0,0.23076923076923078,0.23529411764705882,0.23333333333333334,rac,0.23333333333333334,0.23333333333333334,0,0.0371861965067908,
30,0.43333333333333335,0.5666666666666667,0.0,0.23076923076923078,0.23529411764705882,0.23333333333333334,rac_interval_cost,0.23333333333333334,0.23333333333333334,0,0.0371861965067908,
30,0.43333333333333335,0.5666666666666667,0.0,0.23076923076923078,0.23529411764705882,0.23333333333333334,risktriage,0.23333333333333334,0.23333333333333334,0,0.0371861965067908,
30,0.43333333333333335,0.5666666666666667,0.0,0.23076923076923078,0.23529411764705882,0.23333333333333334,crc,0.23333333333333334,0.23333333333333334,0,0.047323175296574586,
30,0.43333333333333335,0.5666666666666667,0.0,0.23076923076923078,0.23529411764705882,0.23333333333333334,rac,0.23333333333333334,0.23333333333333334,0,0.047323175296574586,
30,0.43333333333333335,0.5666666666666667,0.0,0.23076923076923078,0.23529411764705882,0.23333333333333334,rac_interval_cost,0.23333333333333334,0.23333333333333334,0,0.047323175296574586,
30,0.43333333333333335,0.5666666666666667,0.0,0.23076923076923078,0.23529411764705882,0.23333333333333334,risktriage,0.23333333333333334,0.23333333333333334,0,0.047323175296574586,
30,0.43333333333333335,0.5666666666666667,0.0,0.23076923076923078,0.23529411764705882,0.23333333333333334,crc,0.23333333333333334,0.23333333333333334,0,0.060223500398632085,
30,0.43333333333333335,0.5666666666666667,0.0,0.23076923076923078,0.23529411764705882,0.23333333333333334,rac,0.23333333333333334,0.23333333333333334,0,0.060223500398632085,
30,0.43333333333333335,0.5666666666666667,0.0,0.23076923076923078,0.23529411764705882,0.23333333333333334,rac_interval_cost,0.23333333333333334,0.23333333333333334,0,0.060223500398632085,
30,0.43333333333333335,0.5666666666666667,0.0,0.23076923076923078,0.23529411764705882,0.23333333333333334,risktriage,0.23333333333333334,0.23333333333333334,0,0.060223500398632085,
30,0.43333333333333335,0.5666666666666667,0.0,0.23076923076923078,0.23529411764705882,0.23333333333333334,crc,0.23333333333333334,0.23333333333333334,0,0.07664046162444565,
30,0.43333333333333335,0.5666666666666667,0.0,0.23076923076923078,0.23529411764705882,0.23333333333333334,rac,0.23333333333333334,0.23333333333333334,0,0.07664046162444565,
30,0.43333333333333335,0.5666666666666667,0.0,0.23076923076923078,0.23529411764705882,0.23333333333333334,rac_interval_cost,0.23333333333333334,0.23333333333333334,0,0.07664046162444565,
30,0.43333333333333335,0.5666666666666667,0.0,0.23076923076923078,0.23529411764705882,0.23333333333333334,risktriage,0.23333333333333334,0.23333333333333334,0,0.07664046162444565,
30,0.43333333333333335,0.5666666666666667,0.0,0.23076923076923078,0.23529411764705882,0.23333333333333334,crc,0.23333333333333334,0.23333333333333334,0,0.09753269602611053,
30,0.43333333333333335,0.5666666666666667,0.0,0.23076923076923078,0.23529411764705882,0.23333333333333334,rac,0.23333333333333334,0.23333333333333334,0,0.09753269602611053,
30,0.43333333333333335,0.5666666666666667,0.0,0.23076923076923078,0.23529411764705882,0.23333333333333334,rac_interval_cost,0.23333333333333334,0.23333333333333334,0,0.09753269602611053,
30,0.43333333333333335,0.5666666666666667,0.0,0.23076923076923078,0.23529411764705882,0.23333333333333334,risktriage,0.23333333333333334,0.23333333333333334,0,0.09753269602611053,
30,0.43333333333333335,0.5666666666666667,0.0,0.23076923076923078,0.23529411764705882,0.23333333333333334,crc,0.23333333333333334,0.23333333333333334,0,0.12412016567352549,
30,0.43333333333333335,0.5666666666666667,0.0,0.23076923076923078,0.23529411764705882,0.23333333333333334,rac,0.23333333333333334,0.23333333333333334,0,0.12412016567352549,
30,0.43333333333333335,0.5666666666666667,0.0,0.23076923076923078,0.23529411764705882,0.23333333333333334,rac_interval_cost,0.23333333333333334,0.23333333333333334,0,0.12412016567352549,
30,0.43333333333333335,0.5666666666666667,0.0,0.23076923076923078,0.23529411764705882,0.23333333333333334,risktriage,0.23333333333333334,0.23333333333333334,0,0.12412016567352549,
30,0.43333333333333335,0.5666666666666667,0.0,0.23076923076923078,0.23529411764705882,0.23333333333333334,crc,0.23333333333333334,0.23333333333333334,0,0.157955395006195,
30,0.43333333333333335,0.5666666666666667,0.0,0.23076923076923078,0.23529411764705882,0.23333333333333334,rac,0.23333333333333334,0.23333333333333334,0,0.157955395006195,
30,0.43333333333333335,0.5666666666666667,0.0,0.23076923076923078,0.23529411764705882,0.23333333333333334,rac_interval_cost,0.23333333333333334,0.23333333333333334,0,0.157955395006195,
30,0.43333333333333335,0.5666666666666667,0.0,0.23076923076923078,0.23529411764705882,0.23333333333333334,risktriage,0.23333333333333334,0.23333333333333334,0,0.157955395006195,
30,0.43333333333333335,0.5666666666666667,0.0,0.23076923076923078,0.23529411764705882,0.23333333333333334,crc,0.23333333333333334,0.23333333333333334,0,0.20101412752855224,
30,0.43333333333333335,0.5666666666666667,0.0,0.23076923076923078,0.23529411764705882,0.23333333333333334,rac,0.23333333333333334,0.23333333333333334,0,0.20101412752855224,
30,0.43333333333333335,0.5666666666666667,0.0,0.23076923076923078,0.23529411764705882,0.23333333333333334,rac_interval_cost,0.23333333333333334,0.23333333333333334,0,0.20101412752855224,
30,0.43333333333333335,0.5666666666666667,0.0,0.23076923076923078,0.23529411764705882,0.23333333333333334,risktriage,0.23333333333333334,0.23333333333333334,0,0.20101412752855224,
30,0.43333333333333335,0.5333333333333333,0.03333333333333333,0.23076923076923078,0.1875,0.2,crc,0.2,0.20666666666666667,0,0.2558106955731413,
30,0.43333333333333335,0.5333333333333333,0.03333333333333333,0.23076923076923078,0.1875,0.2,rac,0.2,0.20666666666666667,0,0.2558106955731413,
30,0.43333333333333335,0.5333333333333333,0.03333333333333333,0.23076923076923078,0.1875,0.2,rac_interval_cost,0.2,0.20666666666666667,0,0.2558106955731413,
30,0.43333333333333335,0.5666666666666667,0.0,0.23076923076923078,0.23529411764705882,0.23333333333333334,risktriage,0.23333333333333334,0.23333333333333334,0,0.2558106955731413,
30,0.43333333333333335,0.5333333333333333,0.03333333333333333,0.23076923076923078,0.1875,0.2,crc,0.2,0.20666666666666667,0,0.3255448399283249,
30,0.43333333333333335,0.5333333333333333,0.03333333333333333,0.23076923076923078,0.1875,0.2,rac,0.2,0.20666666666666667,0,0.3255448399283249,
30,0.43333333333333335,0.5333333333333333,0.03333333333333333,0.23076923076923078,0.1875,0.2,rac_interval_cost,0.2,0.20666666666666667,0,0.3255448399283249,
30,0.43333333333333335,0.5333333333333333,0.03333333333333333,0.23076923076923078,0.1875,0.2,risktriage,0.2,0.20666666666666667,0,0.3255448399283249,
30,0.43333333333333335,0.5333333333333333,0.03333333333333333,0.23076923076923078,0.1875,0.2,crc,0.2,0.20666666666666667,0,0.41428855258187236,
30,0.43333333333333335,0.5333333333333333,0.03333333333333333,0.23076923076923078,0.1875,0.2,rac,0.2,0.20666666666666667,0,0.41428855258187236,
30,0.43333333333333335,0.5333333333333333,0.03333333333333333,0.23076923076923078,0.1875,0.2,rac_interval_cost,0.2,0.20666666666666667,0,0.41428855258187236,
30,0.43333333333333335,0.5333333333333333,0.03333333333333333,0.23076923076923078,0.1875,0.2,risktriage,0.2,0.20666666666666667,0,0.41428855258187236,
30,0.43333333333333335,0.5333333333333333,0.03333333333333333,0.23076923076923078,0.1875,0.2,crc,0.2,0.20666666666666667,0,0.5272238529050912,
30,0.43333333333333335,0.5333333333333333,0.03333333333333333,0.23076923076923078,0.1875,0.2,rac,0.2,0.20666666666666667,0,0.5272238529050912,
30,0.43333333333333335,0.5333333333333333,0.03333333333333333,0.23076923076923078,0.1875,0.2,rac_interval_cost,0.2,0.20666666666666667,0,0.5272238529050912,
30,0.43333333333333335,0.5333333333333333,0.03333333333333333,0.23076923076923078,0.1875,0.2,risktriage,0.2,0.20666666666666667,0,0.5272238529050912,
30,0.43333333333333335,0.5333333333333333,0.03333333333333333,0.23076923076923078,0.1875,0.2,crc,0.2,0.20666666666666667,0,0.6709453817630109,
30,0.43333333333333335,0.5333333333333333,0.03333333333333333,0.23076923076923078,0.1875,0.2,rac,0.2,0.20666666666666667,0,0.6709453817630109,
30,0.43333333333333335,0.5333333333333333,0.03333333333333333,0.23076923076923078,0.1875,0.2,rac_interval_cost,0.2,0.20666666666666667,0,0.6709453817630109,
30,0.43333333333333335,0.5333333333333333,0.03333333333333333,0.23076923076923078,0.1875,0.2,risktriage,0.2,0.20666666666666667,0,0.6709453817630109,
30,0.43333333333333335,0.5333333333333333,0.03333333333333333,0.23076923076923078,0.1875,0.2,crc,0.2,0.20666666666666667,0,0.8538454829549411,
30,0.43333333333333335,0.5333333333333333,0.03333333333333333,0.23076923076923078,0.1875,0.2,rac,0.2,0.20666666666666667,0,0.8538454829549411,
30,0.43333333333333335,0.5333333333333333,0.03333333333333333,0.23076923076923078,0.1875,0.2,rac_interval_cost,0.2,0.20666666666666667,0,0.8538454829549411,
30,0.43333333333333335,0.5333333333333333,0.03333333333333333,0.23076923076923078,0.1875,0.2,risktriage,0.2,0.20666666666666667,0,0.8538454829549411,
30,0.43333333333333335,0.5,0.06666666666666667,0.23076923076923078,0.2,0.2,crc,0.2,0.21333333333333335,0,1.0866042580796378,
30,0.43333333333333335,0.5,0.06666666666666667,0.23076923076923078,0.2,0.2,rac,0.2,0.21333333333333335,0,1.0866042580796378,
30,0.43333333333333335,0.5,0.06666666666666667,0.23076923076923078,0.2,0.2,rac_interval_cost,0.2,0.21333333333333335,0,1.0866042580796378,
30,0.43333333333333335,0.5,0.06666666666666667,0.23076923076923078,0.2,0.2,risktriage,0.2,0.21333333333333335,0,1.0866042580796378,
30,0.43333333333333335,0.5,0.06666666666666667,0.23076923076923078,0.2,0.2,crc,0.2,0.21333333333333335,0,1.3828132106416606,
30,0.43333333333333335,0.5,0.06666666666666667,0.23076923076923078,0.2,0.2,rac,0.2,0.21333333333333335,0,1.3828132106416606,
30,0.43333333333333335,0.5,0.06666666666666667,0.23076923076923078,0.2,0.2,rac_interval_cost,0.2,0.21333333333333335,0,1.3828132106416606,
30,0.43333333333333335,0.5,0.06666666666666667,0.23076923076923078,0.2,0.2,risktriage,0.2,0.21333333333333335,0,1.3828132106416606,
30,0.43333333333333335,0.5,0.06666666666666667,0.23076923076923078,0.2,0.2,crc,0.2,0.21333333333333335,0,1.7597688959037299,
30,0.43333333333333335,0.5,0.06666666666666667,0.23076923076923078,0.2,0.2,rac,0.2,0.21333333333333335,0,1.7597688959037299,
30,0.43333333333333335,0.5,0.06666666666666667,0.23076923076923078,0.2,0.2,rac_interval_cost,0.2,0.21333333333333335,0,1.7597688959037299,
30,0.43333333333333335,0.5,0.06666666666666667,0.23076923076923078,0.2,0.2,risktriage,0.2,0.21333333333333335,0,1.7597688959037299,
30,0.43333333333333335,0.5,0.06666666666666667,0.23076923076923078,0.2,0.2,crc,0.2,0.21333333333333335,0,2.2394829201503272,
30,0.43333333333333335,0.5,0.06666666666666667,0.23076923076923078,0.2,0.2,rac,0.2,0.21333333333333335,0,2.2394829201503272,
30,0.43333333333333335,0.5,0.06666666666666667,0.23076923076923078,0.2,0.2,rac_interval_cost,0.2,0.21333333333333335,0,2.2394829201503272,
30,0.43333333333333335,0.5,0.06666666666666667,0.23076923076923078,0.2,0.2,risktriage,0.2,0.21333333333333335,0,2.2394829201503272,
30,0.43333333333333335,0.5,0.06666666666666667,0.23076923076923078,0.2,0.2,crc,0.2,0.21333333333333335,0,2.849967266337797,
30,0.43333333333333335,0.5,0.06666666666666667,0.23076923076923078,0.2,0.2,rac,0.2,0.21333333333333335,0,2.849967266337797,
30,0.43333333333333335,0.5,0.06666666666666667,0.23076923076923078,0.2,0.2,rac_interval_cost,0.2,0.21333333333333335,0,2.849967266337797,
30,0.43333333333333335,0.5,0.06666666666666667,0.23076923076923078,0.2,0.2,risktriage,0.2,0.21333333333333335,0,2.849967266337797,
30,0.43333333333333335,0.5,0.06666666666666667,0.23076923076923078,0.2,0.2,crc,0.2,0.21333333333333335,0,3.626870000264039,
30,0.43333333333333335,0.5,0.06666666666666667,0.23076923076923078,0.2,0.2,rac,0.2,0.21333333333333335,0,3.626870000264039,
30,0.43333333333333335,0.5,0.06666666666666667,0.23076923076923078,0.2,0.2,rac_interval_cost,0.2,0.21333333333333335,0,3.626870000264039,
30,0.43333333333333335,0.5,0.06666666666666667,0.23076923076923078,0.2,0.2,risktriage,0.2,0.21333333333333335,0,3.626870000264039,
30,0.43333333333333335,0.5,0.06666666666666667,0.23076923076923078,0.2,0.2,crc,0.2,0.21333333333333335,0,4.615556871191152,
30,0.43333333333333335,0.5,0.06666666666666667,0.23076923076923078,0.2,0.2,rac,0.2,0.21333333333333335,0,4.615556871191152,
30,0.43333333333333335,0.5,0.06666666666666667,0.23076923076923078,0.2,0.2,rac_interval_cost,0.2,0.21333333333333335,0,4.615556871191152,
30,0.43333333333333335,0.5,0.06666666666666667,0.23076923076923078,0.2,0.2,risktriage,0.2,0.21333333333333335,0,4.615556871191152,
30,0.4,0.4666666666666667,0.13333333333333333,0.25,0.14285714285714285,0.16666666666666666,crc,0.16666666666666666,0.19333333333333333,0,5.873760358008126,
30,0.4,0.4666666666666667,0.13333333333333333,0.25,0.14285714285714285,0.16666666666666666,rac,0.16666666666666666,0.19333333333333333,0,5.873760358008126,
30,0.4,0.4666666666666667,0.13333333333333333,0.25,0.14285714285714285,0.16666666666666666,rac_interval_cost,0.16666666666666666,0.19333333333333333,0,5.873760358008126,
30,0.43333333333333335,0.4666666666666667,0.1,0.23076923076923078,0.14285714285714285,0.16666666666666666,risktriage,0.16666666666666666,0.18666666666666668,0,5.873760358008126,
30,0.36666666666666664,0.43333333333333335,0.2,0.2727272727272727,0.15384615384615385,0.16666666666666666,crc,0.16666666666666666,0.20666666666666667,0,7.474950846917847,
30,0.36666666666666664,0.43333333333333335,0.2,0.2727272727272727,0.15384615384615385,0.16666666666666666,rac,0.16666666666666666,0.20666666666666667,0,7.474950846917847,
30,0.36666666666666664,0.43333333333333335,0.2,0.2727272727272727,0.15384615384615385,0.16666666666666666,rac_interval_cost,0.16666666666666666,0.20666666666666667,0,7.474950846917847,
30,0.36666666666666664,0.43333333333333335,0.2,0.2727272727272727,0.15384615384615385,0.16666666666666666,risktriage,0.16666666666666666,0.20666666666666667,0,7.474950846917847,
30,0.3333333333333333,0.43333333333333335,0.23333333333333334,0.2,0.15384615384615385,0.13333333333333333,crc,0.13333333333333333,0.18,0,9.512626794121676,
30,0.3333333333333333,0.43333333333333335,0.23333333333333334,0.2,0.15384615384615385,0.13333333333333333,rac,0.13333333333333333,0.18,0,9.512626794121676,
30,0.3333333333333333,0.43333333333333335,0.23333333333333334,0.2,0.15384615384615385,0.13333333333333333,rac_interval_cost,0.13333333333333333,0.18,0,9.512626794121676,
30,0.36666666666666664,0.43333333333333335,0.2,0.2727272727272727,0.15384615384615385,0.16666666666666666,risktriage,0.16666666666666666,0.20666666666666667,0,9.512626794121676,
30,0.26666666666666666,0.43333333333333335,0.3,0.125,0.15384615384615385,0.1,crc,0.1,0.16,0,12.105774389346452,
30,0.26666666666666666,0.43333333333333335,0.3,0.125,0.15384615384615385,0.1,rac,0.1,0.16,0,12.105774389346452,
30,0.26666666666666666,0.43333333333333335,0.3,0.125,0.15384615384615385,0.1,rac_interval_cost,0.1,0.16,0,12.105774389346452,
30,0.3333333333333333,0.43333333333333335,0.23333333333333334,0.2,0.15384615384615385,0.13333333333333333,risktriage,0.13333333333333333,0.18,0,12.105774389346452,
30,0.2,0.4,0.4,0.0,0.16666666666666666,0.06666666666666667,crc,0.06666666666666667,0.14666666666666667,0,15.405815526823416,
30,0.2,0.4,0.4,0.0,0.16666666666666666,0.06666666666666667,rac,0.06666666666666667,0.14666666666666667,0,15.405815526823416,
30,0.2,0.4,0.4,0.0,0.16666666666666666,0.06666666666666667,rac_interval_cost,0.06666666666666667,0.14666666666666667,0,15.405815526823416,
30,0.23333333333333334,0.4,0.36666666666666664,0.0,0.16666666666666666,0.06666666666666667,risktriage,0.06666666666666667,0.14,0,15.405815526823416,
30,0.2,0.3333333333333333,0.4666666666666667,0.0,0.2,0.06666666666666667,crc,0.06666666666666667,0.16,0,19.605449797196083,
30,0.2,0.3333333333333333,0.4666666666666667,0.0,0.2,0.06666666666666667,rac,0.06666666666666667,0.16,0,19.605449797196083,
30,0.2,0.3333333333333333,0.4666666666666667,0.0,0.2,0.06666666666666667,rac_interval_cost,0.06666666666666667,0.16,0,19.605449797196083,
30,0.2,0.36666666666666664,0.43333333333333335,0.0,0.18181818181818182,0.06666666666666667,risktriage,0.06666666666666667,0.15333333333333335,0,19.605449797196083,
30,0.1,0.26666666666666666,0.6333333333333333,0.0,0.125,0.03333333333333333,crc,0.03333333333333333,0.16000000000000003,0,24.949906811563086,
30,0.1,0.26666666666666666,0.6333333333333333,0.0,0.125,0.03333333333333333,rac,0.03333333333333333,0.16000000000000003,0,24.949906811563086,
30,0.1,0.26666666666666666,0.6333333333333333,0.0,0.125,0.03333333333333333,rac_interval_cost,0.03333333333333333,0.16000000000000003,0,24.949906811563086,
30,0.16666666666666666,0.3,0.5333333333333333,0.0,0.1111111111111111,0.03333333333333333,risktriage,0.03333333333333333,0.14,0,24.949906811563086,
30,0.06666666666666667,0.23333333333333334,0.7,0.0,0.14285714285714285,0.03333333333333333,crc,0.03333333333333333,0.17333333333333337,0,31.751265915598122,
30,0.06666666666666667,0.23333333333333334,0.7,0.0,0.14285714285714285,0.03333333333333333,rac,0.03333333333333333,0.17333333333333337,0,31.751265915598122,
30,0.06666666666666667,0.23333333333333334,0.7,0.0,0.14285714285714285,0.03333333333333333,rac_interval_cost,0.03333333333333333,0.17333333333333337,0,31.751265915598122,
30,0.1,0.23333333333333334,0.6666666666666666,0.0,0.14285714285714285,0.03333333333333333,risktriage,0.03333333333333333,0.16666666666666669,0,31.751265915598122,
30,0.03333333333333333,0.2,0.7666666666666667,0.0,0.0,0.0,crc,0.0,0.15333333333333335,0,40.406679466065064,
30,0.03333333333333333,0.2,0.7666666666666667,0.0,0.0,0.0,rac,0.0,0.15333333333333335,0,40.406679466065064,
30,0.03333333333333333,0.2,0.7666666666666667,0.0,0.0,0.0,rac_interval_cost,0.0,0.15333333333333335,0,40.406679466065064,
30,0.06666666666666667,0.23333333333333334,0.7,0.0,0.14285714285714285,0.03333333333333333,risktriage,0.03333333333333333,0.17333333333333337,0,40.406679466065064,
30,0.03333333333333333,0.13333333333333333,0.8333333333333334,0.0,0.0,0.0,crc,0.0,0.16666666666666669,0,51.421563783107125,
30,0.03333333333333333,0.13333333333333333,0.8333333333333334,0.0,0.0,0.0,rac,0.0,0.16666666666666669,0,51.421563783107125,
30,0.03333333333333333,0.13333333333333333,0.8333333333333334,0.0,0.0,0.0,rac_interval_cost,0.0,0.16666666666666669,0,51.421563783107125,
30,0.03333333333333333,0.13333333333333333,0.8333333333333334,0.0,0.0,0.0,risktriage,0.0,0.16666666666666669,0,51.421563783107125,
30,0.0,0.03333333333333333,0.9666666666666667,,0.0,0.0,crc,0.0,0.19333333333333338,0,65.43911196961436,
30,0.0,0.03333333333333333,0.9666666666666667,,0.0,0.0,rac,0.0,0.19333333333333338,0,65.43911196961436,
30,0.0,0.03333333333333333,0.9666666666666667,,0.0,0.0,rac_interval_cost,0.0,0.19333333333333338,0,65.43911196961436,
30,0.03333333333333333,0.13333333333333333,0.8333333333333334,0.0,0.0,0.0,risktriage,0.0,0.16666666666666669,0,65.43911196961436,
30,0.0,0.03333333333333333,0.9666666666666667,,0.0,0.0,crc,0.0,0.19333333333333338,0,83.27785194231171,
30,0.0,0.03333333333333333,0.9666666666666667,,0.0,0.0,rac,0.0,0.19333333333333338,0,83.27785194231171,
30,0.0,0.03333333333333333,0.9666666666666667,,0.0,0.0,rac_interval_cost,0.0,0.19333333333333338,0,83.27785194231171,
30,0.0,0.03333333333333333,0.9666666666666667,,0.0,0.0,risktriage,0.0,0.19333333333333338,0,83.27785194231171,
30,0.43333333333333335,0.5666666666666667,0.0,0.23076923076923078,0.23529411764705882,0.23333333333333334,uncertainty,0.23333333333333334,0.23333333333333334,0,0.0,
30,0.43333333333333335,0.5,0.06666666666666667,0.23076923076923078,0.2,0.2,uncertainty,0.2,0.21333333333333335,0,0.05,
30,0.43333333333333335,0.4666666666666667,0.1,0.23076923076923078,0.14285714285714285,0.16666666666666666,uncertainty,0.16666666666666666,0.18666666666666665,0,0.1,
30,0.36666666666666664,0.4666666666666667,0.16666666666666666,0.18181818181818182,0.14285714285714285,0.13333333333333333,uncertainty,0.13333333333333333,0.16666666666666666,0,0.15000000000000002,
30,0.36666666666666664,0.43333333333333335,0.2,0.18181818181818182,0.15384615384615385,0.13333333333333333,uncertainty,0.13333333333333333,0.1733333333333333,0,0.2,
30,0.3,0.43333333333333335,0.26666666666666666,0.1111111111111111,0.15384615384615385,0.1,uncertainty,0.1,0.15333333333333332,0,0.25,
30,0.26666666666666666,0.43333333333333335,0.3,0.125,0.15384615384615385,0.1,uncertainty,0.1,0.16,0,0.30000000000000004,
30,0.26666666666666666,0.36666666666666664,0.36666666666666664,0.125,0.18181818181818182,0.1,uncertainty,0.1,0.17333333333333334,0,0.35000000000000003,
30,0.26666666666666666,0.3333333333333333,0.4,0.125,0.2,0.1,uncertainty,0.1,0.18000000000000002,0,0.4,
30,0.2,0.3333333333333333,0.4666666666666667,0.0,0.2,0.06666666666666667,uncertainty,0.06666666666666667,0.16000000000000003,0,0.45,
30,0.16666666666666666,0.3333333333333333,0.5,0.0,0.2,0.06666666666666667,uncertainty,0.06666666666666667,0.16666666666666669,0,0.5,
30,0.13333333333333333,0.3333333333333333,0.5333333333333333,0.0,0.2,0.06666666666666667,uncertainty,0.06666666666666667,0.17333333333333334,0,0.55,
30,0.06666666666666667,0.3333333333333333,0.6,0.0,0.2,0.06666666666666667,uncertainty,0.06666666666666667,0.18666666666666668,0,0.6000000000000001,
30,0.06666666666666667,0.26666666666666666,0.6666666666666666,0.0,0.125,0.03333333333333333,uncertainty,0.03333333333333333,0.16666666666666666,0,0.65,
30,0.06666666666666667,0.23333333333333334,0.7,0.0,0.0,0.0,uncertainty,0.0,0.14000000000000004,0,0.7000000000000001,
30,0.06666666666666667,0.2,0.7333333333333333,0.0,0.0,0.0,uncertainty,0.0,0.14666666666666667,0,0.75,
30,0.06666666666666667,0.13333333333333333,0.8,0.0,0.0,0.0,uncertainty,0.0,0.16000000000000003,0,0.8,
30,0.03333333333333333,0.1,0.8666666666666667,0.0,0.0,0.0,uncertainty,0.0,0.17333333333333337,0,0.8500000000000001,
30,0.03333333333333333,0.06666666666666667,0.9,0.0,0.0,0.0,uncertainty,0.0,0.18000000000000005,0,0.9,
30,0.0,0.03333333333333333,0.9666666666666667,,0.0,0.0,uncertainty,0.0,0.19333333333333338,0,0.9500000000000001,
30,0.0,0.0,1.0,,,0.0,uncertainty,0.0,0.20000000000000007,0,1.0,
30,0.03333333333333333,0.13333333333333333,0.8333333333333334,0.0,0.0,0.0,split_cp,0.0,0.16666666666666669,0,0.02,0.9666666666666667
30,0.03333333333333333,0.13333333333333333,0.8333333333333334,0.0,0.0,0.0,split_cp,0.0,0.16666666666666669,0,0.05,0.9666666666666667
30,0.03333333333333333,0.13333333333333333,0.8333333333333334,0.0,0.0,0.0,split_cp,0.0,0.16666666666666669,0,0.08,0.9666666666666667
30,0.03333333333333333,0.13333333333333333,0.8333333333333334,0.0,0.0,0.0,split_cp,0.0,0.16666666666666669,0,0.11,0.9666666666666667
30,0.03333333333333333,0.13333333333333333,0.8333333333333334,0.0,0.0,0.0,split_cp,0.0,0.16666666666666669,0,0.13999999999999999,0.9
30,0.03333333333333333,0.2,0.7666666666666667,0.0,0.0,0.0,split_cp,0.0,0.15333333333333335,0,0.16999999999999998,0.8666666666666667
30,0.1,0.23333333333333334,0.6666666666666666,0.0,0.14285714285714285,0.03333333333333333,split_cp,0.03333333333333333,0.16666666666666669,0,0.19999999999999998,0.7333333333333333
30,0.13333333333333333,0.3,0.5666666666666667,0.0,0.1111111111111111,0.03333333333333333,split_cp,0.03333333333333333,0.14666666666666667,0,0.22999999999999998,0.6666666666666666
30,0.13333333333333333,0.3,0.5666666666666667,0.0,0.1111111111111111,0.03333333333333333,split_cp,0.03333333333333333,0.14666666666666667,0,0.26,0.6333333333333333
30,0.13333333333333333,0.3,0.5666666666666667,0.0,0.1111111111111111,0.03333333333333333,split_cp,0.03333333333333333,0.14666666666666667,0,0.29000000000000004,0.6333333333333333
30,0.2,0.36666666666666664,0.43333333333333335,0.0,0.18181818181818182,0.06666666666666667,split_cp,0.06666666666666667,0.15333333333333335,0,0.32,0.36666666666666664
30,0.2,0.36666666666666664,0.43333333333333335,0.0,0.18181818181818182,0.06666666666666667,split_cp,0.06666666666666667,0.15333333333333335,0,0.35,0.36666666666666664
30,0.2,0.36666666666666664,0.43333333333333335,0.0,0.18181818181818182,0.06666666666666667,split_cp,0.06666666666666667,0.15333333333333335,0,0.38,0.36666666666666664
30,0.2,0.36666666666666664,0.43333333333333335,0.0,0.18181818181818182,0.06666666666666667,split_cp,0.06666666666666667,0.15333333333333335,0,0.41000000000000003,0.3333333333333333
30,0.23333333333333334,0.43333333333333335,0.3333333333333333,0.0,0.15384615384615385,0.06666666666666667,split_cp,0.06666666666666667,0.13333333333333333,0,0.44,0.23333333333333334
30,0.26666666666666666,0.43333333333333335,0.3,0.125,0.15384615384615385,0.1,split_cp,0.1,0.16,0,0.47,0.23333333333333334
30,0.26666666666666666,0.43333333333333335,0.3,0.125,0.15384615384615385,0.1,split_cp,0.1,0.16,0,0.5,0.23333333333333334
32,0.28125,0.71875,0.0,0.2222222222222222,0.043478260869565216,0.09375,crc,0.09375,0.09375,1,0.0,
32,0.28125,0.71875,0.0,0.2222222222222222,0.043478260869565216,0.09375,rac,0.09375,0.09375,1,0.0,
32,0.28125,0.71875,0.0,0.2222222222222222,0.043478260869565216,0.09375,rac_interval_cost,0.09375,0.09375,1,0.0,
32,0.28125,0.71875,0.0,0.2222222222222222,0.043478260869565216,0.09375,risktriage,0.09375,0.09375,1,0.0,
32,0.28125,0.71875,0.0,0.2222222222222222,0.043478260869565216,0.09375,crc,0.09375,0.09375,1,0.001,
32,0.28125,0.71875,0.0,0.2222222222222222,0.043478260869565216,0.09375,rac,0.09375,0.09375,1,0.001,
32,0.28125,0.71875,0.0,0.2222222222222222,0.043478260869565216,0.09375,rac_interval_cost,0.09375,0.09375,1,0.001,
32,0.28125,0.71875,0.0,0.2222222222222222,0.043478260869565216,0.09375,risktriage,0.09375,0.09375,1,0.001,
32,0.28125,0.71875,0.0,0.2222222222222222,0.043478260869565216,0.09375,crc,0.09375,0.09375,1,0.001268476987364238,
32,0.28125,0.71875,0.0,0.2222222222222222,0.043478260869565216,0.09375,rac,0.09375,0.09375,1,0.001268476987364238,
32,0.28125,0.71875,0.0,0.2222222222222222,0.043478260869565216,0.09375,rac_interval_cost,0.09375,0.09375,1,0.001268476987364238,
32,0.28125,0.71875,0.0,0.2222222222222222,0.043478260869565216,0.09375,risktriage,0.09375,0.09375,1,0.001268476987364238,
32,0.28125,0.71875,0.0,0.2222222222222222,0.043478260869565216,0.09375,crc,0.09375,0.09375,1,0.0016090338674726533,
32,0.28125,0.71875,0.0,0.2222222222222222,0.043478260869565216,0.09375,rac,0.09375,0.09375,1,0.0016090338674726533,
32,0.28125,0.71875,0.0,0.2222222222222222,0.043478260869565216,0.09375,rac_interval_cost,0.09375,0.09375,1,0.0016090338674726533,
32,0.28125,0.71875,0.0,0.2222222222222222,0.043478260869565216,0.09375,risktriage,0.09375,0.09375,1,0.0016090338674726533,
32,0.28125,0.71875,0.0,0.2222222222222222,0.043478260869565216,0.09375,crc,0.09375,0.09375,1,0.0020410224327787377,
32,0.28125,0.71875,0.0,0.2222222222222222,0.043478260869565216,0.09375,rac,0.09375,0.09375,1,0.0020410224327787377,
32,0.28125,0.71875,0.0,0.2222222222222222,0.043478260869565216,0.09375,rac_interval_cost,0.09375,0.09375,1,0.0020410224327787377,
32,0.28125,0.71875,0.0,0.2222222222222222,0.043478260869565216,0.09375,risktriage,0.09375,0.09375,1,0.0020410224327787377,
32,0.28125,0.71875,0.0,0.2222222222222222,0.043478260869565216,0.09375,crc,0.09375,0.09375,1,0.0025889899866740015,
32,0.28125,0.71875,0.0,0.2222222222222222,0.043478260869565216,0.09375,rac,0.09375,0.09375,1,0.0025889899866740015,
32,0.28125,0.71875,0.0,0.2222222222222222,0.043478260869565216,0.09375,rac_interval_cost,0.09375,0.09375,1,0.0025889899866740015,
32,0.28125,0.71875,0.0,0.2222222222222222,0.043478260869565216,0.09375,risktriage,0.09375,0.09375,1,0.0025889899866740015,
32,0.28125,0.71875,0.0,0.2222222222222222,0.043478260869565216,0.09375,crc,0.09375,0.09375,1,0.003284074218612416,
32,0.28125,0.71875,0.0,0.2222222222222222,0.043478260869565216,0.09375,rac,0.09375,0.09375,1,0.003284074218612416,
32,0.28125,0.71875,0.0,0.2222222222222222,0.043478260869565216,0.09375,rac_interval_cost,0.09375,0.09375,1,0.003284074218612416,
32,0.28125,0.71875,0.0,0.2222222222222222,0.043478260869565216,0.09375,risktriage,0.09375,0.09375,1,0.003284074218612416,
32,0.28125,0.71875,0.0,0.2222222222222222,0.043478260869565216,0.09375,crc,0.09375,0.09375,1,0.004165772571106042,
32,0.28125,0.71875,0.0,0.2222222222222222,0.043478260869565216,0.09375,rac,0.09375,0.09375,1,0.004165772571106042,
32,0.28125,0.71875,0.0,0.2222222222222222,0.043478260869565216,0.09375,rac_interval_cost,0.09375,0.09375,1,0.004165772571106042,
32,0.28125,0.71875,0.0,0.2222222222222222,0.043478260869565216,0.09375,risktriage,0.09375,0.09375,1,0.004165772571106042,
32,0.28125,0.71875,0.0,0.2222222222222222,0.043478260869565216,0.09375,crc,0.09375,0.09375,1,0.005284186641041168,
32,0.28125,0.71875,0.0,0.2222222222222222,0.043478260869565216,0.09375,rac,0.09375,0.09375,1,0.005284186641041168,
32,0.28125,0.71875,0.0,0.2222222222222222,0.043478260869565216,0.09375,rac_interval_cost,0.09375,0.09375,1,0.005284186641041168,
32,0.28125,0.71875,0.0,0.2222222222222222,0.043478260869565216,0.09375,risktriage,0.09375,0.09375,1,0.005284186641041168,
32,0.28125,0.71875,0.0,0.2222222222222222,0.043478260869565216,0.09375,crc,0.09375,0.09375,1,0.006702869151098246,
32,0.28125,0.71875,0.0,0.2222222222222222,0.043478260869565216,0.09375,rac,0.09375,0.09375,1,0.006702869151098246,
32,0.28125,0.71875,0.0,0.2222222222222222,0.043478260869565216,0.09375,rac_interval_cost,0.09375,0.09375,1,0.006702869151098246,
32,0.28125,0.71875,0.0,0.2222222222222222,0.043478260869565216,0.09375,risktriage,0.09375,0.09375,1,0.006702869151098246,
32,0.28125,0.71875,0.0,0.2222222222222222,0.043478260869565216,0.09375,crc,0.09375,0.09375,1,0.008502435267481791,
32,0.28125,0.71875,0.0,0.2222222222222222,0.043478260869565216,0.09375,rac,0.09375,0.09375,1,0.008502435267481791,
32,0.28125,0.71875,0.0,0.2222222222222222,0.043478260869565216,0.09375,rac_interval_cost,0.09375,0.09375,1,0.008502435267481791,
32,0.28125,0.71875,0.0,0.2222222222222222,0.043478260869565216,0.09375,risktriage,0.09375,0.09375,1,0.008502435267481791,
32,0.28125,0.71875,0.0,0.2222222222222222,0.043478260869565216,0.09375,crc,0.09375,0.09375,1,0.010785143473354752,
32,0.28125,0.71875,0.0,0.2222222222222222,0.043478260869565216,0.09375,rac,0.09375,0.09375,1,0.010785143473354752,
32,0.28125,0.71875,0.0,0.2222222222222222,0.043478260869565216,0.09375,rac_interval_cost,0.09375,0.09375,1,0.010785143473354752,
32,0.28125,0.71875,0.0,0.2222222222222222,0.043478260869565216,0.09375,risktriage,0.09375,0.09375,1,0.010785143473354752,
32,0.28125,0.71875,0.0,0.2222222222222222,0.043478260869565216,0.09375,crc,0.09375,0.09375,1,0.013680706301372103,
32,0.28125,0.71875,0.0,0.2222222222222222,0.043478260869565216,0.09375,rac,0.09375,0.09375,1,0.013680706301372103,
32,0.28125,0.71875,0.0,0.2222222222222222,0.043478260869565216,0.09375,rac_interval_cost,0.09375,0.09375,1,0.013680706301372103,
32,0.28125,0.71875,0.0,0.2222222222222222,0.043478260869565216,0.09375,risktriage,0.09375,0.09375,1,0.013680706301372103,
32,0.28125,0.71875,0.0,0.2222222222222222,0.043478260869565216,0.09375,crc,0.09375,0.09375,1,0.017353661114179433,
32,0.28125,0.71875,0.0,0.2222222222222222,0.043478260869565216,0.09375,rac,0.09375,0.09375,1,0.017353661114179433,
32,0.28125,0.71875,0.0,0.2222222222222222,0.043478260869565216,0.09375,rac_interval_cost,0.09375,0.09375,1,0.017353661114179433,
32,0.28125,0.71875,0.0,0.2222222222222222,0.043478260869565216,0.09375,risktriage,0.09375,0.09375,1,0.017353661114179433,
32,0.28125,0.71875,0.0,0.2222222222222222,0.043478260869565216,0.09375,crc,0.09375,0.09375,1,0.022012719769854243,
32,0.28125,0.71875,0.0,0.2222222222222222,0.043478260869565216,0.09375,rac,0.09375,0.09375,1,0.022012719769854243,
32,0.28125,0.71875,0.0,0.2222222222222222,0.043478260869565216,0.09375,rac_interval_cost,0.09375,0.09375,1,0.022012719769854243,
32,0.28125,0.71875,0.0,0.2222222222222222,0.043478260869565216,0.09375,risktriage,0.09375,0.09375,1,0.022012719769854243,
32,0.28125,0.71875,0.0,0.2222222222222222,0.043478260869565216,0.09375,crc,0.09375,0.09375,1,0.027922628457357913,
32,0.28125,0.71875,0.0,0.2222222222222222,0.043478260869565216,0.09375,rac,0.09375,0.09375,1,0.027922628457357913,
32,0.28125,0.71875,0.0,0.2222222222222222,0.043478260869565216,0.09375,rac_interval_cost,0.09375,0.09375,1,0.027922628457357913,
32,0.28125,0.71875,0.0,0.2222222222222222,0.043478260869565216,0.09375,risktriage,0.09375,0.09375,1,0.027922628457357913,
32,0.28125,0.71875,0.0,0.2222222222222222,0.043478260869565216,0.09375,crc,0.09375,0.09375,1,0.03541921162488029,
32,0.28125,0.71875,0.0,0.2222222222222222,0.043478260869565216,0.09375,rac,0.09375,0.09375,1,0.03541921162488029,
32,0.28125,0.71875,0.0,0.2222222222222222,0.043478260869565216,0.09375,rac_interval_cost,0.09375,0.09375,1,0.03541921162488029,
32,0.28125,0.71875,0.0,0.2222222222222222,0.043478260869565216,0.09375,risktriage,0.09375,0.09375,1,0.03541921162488029,
32,0.28125,0.71875,0.0,0.2222222222222222,0.043478260869565216,0.09375,crc,0.09375,0.09375,1,0.04492845485674455,
32,0.28125,0.71875,0.0,0.2222222222222222,0.043478260869565216,0.09375,rac,0.09375,0.09375,1,0.04492845485674455,
32,0.28125,0.71875,0.0,0.2222222222222222,0.043478260869565216,0.09375,rac_interval_cost,0.09375,0.09375,1,0.04492845485674455,
32,0.28125,0.71875,0.0,0.2222222222222222,0.043478260869565216,0.09375,risktriage,0.09375,0.09375,1,0.04492845485674455,
32,0.28125,0.71875,0.0,0.2222222222222222,0.043478260869565216,0.09375,crc,0.09375,0.09375,1,0.056990711063613496,
32,0.28125,0.71875,0.0,0.2222222222222222,0.043478260869565216,0.09375,rac,0.09375,0.09375,1,0.056990711063613496,
32,0.28125,0.71875,0.0,0.2222222222222222,0.043478260869565216,0.09375,rac_interval_cost,0.09375,0.09375,1,0.056990711063613496,
32,0.28125,0.71875,0.0,0.2222222222222222,0.043478260869565216,0.09375,risktriage,0.09375,0.09375,1,0.056990711063613496,
32,0.28125,0.71875,0.0,0.2222222222222222,0.043478260869565216,0.09375,crc,0.09375,0.09375,1,0.07229140547771816,
32,0.28125,0.71875,0.0,0.2222222222222222,0.043478260869565216,0.09375,rac,0.09375,0.09375,1,0.07229140547771816,
32,0.28125,0.71875,0.0,0.2222222222222222,0.043478260869565216,0.09375,rac_interval_cost,0.09375,0.09375,1,0.07229140547771816,
32,0.28125,0.71875,0.0,0.2222222222222222,0.043478260869565216,0.09375,risktriage,0.09375,0.09375,1,0.07229140547771816,
32,0.28125,0.71875,0.0,0.2222222222222222,0.043478260869565216,0.09375,crc,0.09375,0.09375,1,0.09169998423270251,
32,0.28125,0.71875,0.0,0.2222222222222222,0.043478260869565216,0.09375,rac,0.09375,0.09375,1,0.09169998423270251,
32,0.28125,0.71875,0.0,0.2222222222222222,0.043478260869565216,0.09375,rac_interval_cost,0.09375,0.09375,1,0.09169998423270251,
32,0.28125,0.71875,0.0,0.2222222222222222,0.043478260869565216,0.09375,risktriage,0.09375,0.09375,1,0.09169998423270251,
32,0.28125,0.71875,0.0,0.2222222222222222,0.043478260869565216,0.09375,crc,0.09375,0.09375,1,0.11631931974084661,
32,0.28125,0.71875,0.0,0.2222222222222222,0.043478260869565216,0.09375,rac,0.09375,0.09375,1,0.11631931974084661,
32,0.28125,0.71875,0.0,0.2222222222222222,0.043478260869565216,0.09375,rac_interval_cost,0.09375,0.09375,1,0.11631931974084661,
32,0.28125,0.71875,0.0,0.2222222222222222,0.043478260869565216,0.09375,risktriage,0.09375,0.09375,1,0.11631931974084661,
32,0.28125,0.71875,0.0,0.2222222222222222,0.043478260869565216,0.09375,crc,0.09375,0.09375,1,0.1475483802771265,
32,0.28125,0.71875,0.0,0.2222222222222222,0.043478260869565216,0.09375,rac,0.09375,0.09375,1,0.1475483802771265,
32,0.28125,0.71875,0.0,0.2222222222222222,0.043478260869565216,0.09375,rac_interval_cost,0.09375,0.09375,1,0.1475483802771265,
32,0.28125,0.71875,0.0,0.2222222222222222,0.043478260869565216,0.09375,risktriage,0.09375,0.09375,1,0.1475483802771265,
32,0.28125,0.71875,0.0,0.2222222222222222,0.043478260869565216,0.09375,crc,0.09375,0.09375,1,0.1871617249044024,
32,0.28125,0.71875,0.0,0.2222222222222222,0.043478260869565216,0.09375,rac,0.09375,0.09375,1,0.1871617249044024,
32,0.28125,0.71875,0.0,0.2222222222222222,0.043478260869565216,0.09375,rac_interval_cost,0.09375,0.09375,1,0.1871617249044024,
32,0.28125,0.71875,0.0,0.2222222222222222,0.043478260869565216,0.09375,risktriage,0.09375,0.09375,1,0.1871617249044024,
32,0.28125,0.71875,0.0,0.2222222222222222,0.043478260869565216,0.09375,crc,0.09375,0.09375,1,0.2374103409566306,
32,0.28125,0.71875,0.0,0.2222222222222222,0.043478260869565216,0.09375,rac,0.09375,0.09375,1,0.2374103409566306,
32,0.28125,0.71875,0.0,0.2222222222222222,0.043478260869565216,0.09375,rac_interval_cost,0.09375,0.09375,1,0.2374103409566306,
32,0.28125,0.71875,0.0,0.2222222222222222,0.043478260869565216,0.09375,risktriage,0.09375,0.09375,1,0.2374103409566306,
32,0.28125,0.71875,0.0,0.2222222222222222,0.043478260869565216,0.09375,crc,0.09375,0.09375,1,0.30114955406578336,
32,0.28125,0.71875,0.0,0.2222222222222222,0.043478260869565216,0.09375,rac,0.09375,0.09375,1,0.30114955406578336,
32,0.28125,0.71875,0.0,0.2222222222222222,0.043478260869565216,0.09375,rac_interval_cost,0.09375,0.09375,1,0.30114955406578336,
32,0.28125,0.71875,0.0,0.2222222222222222,0.043478260869565216,0.09375,risktriage,0.09375,0.09375,1,0.30114955406578336,
32,0.28125,0.71875,0.0,0.2222222222222222,0.043478260869565216,0.09375,crc,0.09375,0.09375,1,0.38200127908744863,
32,0.28125,0.71875,0.0,0.2222222222222222,0.043478260869565216,0.09375,rac,0.09375,0.09375,1,0.38200127908744863,
32,0.28125,0.71875,0.0,0.2222222222222222,0.043478260869565216,0.09375,rac_interval_cost,0.09375,0.09375,1,0.38200127908744863,
32,0.28125,0.71875,0.0,0.2222222222222222,0.043478260869565216,0.09375,risktriage,0.09375,0.09375,1,0.38200127908744863,
32,0.28125,0.71875,0.0,0.2222222222222222,0.043478260869565216,0.09375,crc,0.09375,0.09375,1,0.4845598316661318,
32,0.28125,0.71875,0.0,0.2222222222222222,0.043478260869565216,0.09375,rac,0.09375,0.09375,1,0.4845598316661318,
32,0.28125,0.71875,0.0,0.2222222222222222,0.043478260869565216,0.09375,rac_interval_cost,0.09375,0.09375,1,0.4845598316661318,
32,0.28125,0.71875,0.0,0.2222222222222222,0.043478260869565216,0.09375,risktriage,0.09375,0.09375,1,0.4845598316661318,
32,0.28125,0.71875,0.0,0.2222222222222222,0.043478260869565216,0.09375,crc,0.09375,0.09375,1,0.6146529954695772,
32,0.28125,0.71875,0.0,0.2222222222222222,0.043478260869565216,0.09375,rac,0.09375,0.09375,1,0.6146529954695772,
32,0.28125,0.71875,0.0,0.2222222222222222,0.043478260869565216,0.09375,rac_interval_cost,0.09375,0.09375,1,0.6146529954695772,
32,0.28125,0.71875,0.0,0.2222222222222222,0.043478260869565216,0.09375,risktriage,0.09375,0.09375,1,0.6146529954695772,
32,0.28125,0.71875,0.0,0.2222222222222222,0.043478260869565216,0.09375,crc,0.09375,0.09375,1,0.779673179967654,
32,0.28125,0.71875,0.0,0.2222222222222222,0.043478260869565216,0.09375,rac,0.09375,0.09375,1,0.779673179967654,
32,0.28125,0.71875,0.0,0.2222222222222222,0.043478260869565216,0.09375,rac_interval_cost,0.09375,0.09375,1,0.779673179967654,
32,0.28125,0.71875,0.0,0.2222222222222222,0.043478260869565216,0.09375,risktriage,0.09375,0.09375,1,0.779673179967654,
32,0.28125,0.71875,0.0,0.2222222222222222,0.043478260869565216,0.09375,crc,0.09375,0.09375,1,0.9889974864540652,
32,0.28125,0.71875,0.0,0.2222222222222222,0.043478260869565216,0.09375,rac,0.09375,0.09375,1,0.9889974864540652,
32,0.28125,0.71875,0.0,0.2222222222222222,0.043478260869565216,0.09375,rac_interval_cost,0.09375,0.09375,1,0.9889974864540652,
32,0.28125,0.71875,0.0,0.2222222222222222,0.043478260869565216,0.09375,risktriage,0.09375,0.09375,1,0.9889974864540652,
32,0.28125,0.71875,0.0,0.2222222222222222,0.043478260869565216,0.09375,crc,0.09375,0.09375,1,1.2545205521280551,
32,0.28125,0.71875,0.0,0.2222222222222222,0.043478260869565216,0.09375,rac,0.09375,0.09375,1,1.2545205521280551,
32,0.28125,0.71875,0.0,0.2222222222222222,0.043478260869565216,0.09375,rac_interval_cost,0.09375,0.09375,1,1.2545205521280551,
32,0.28125,0.71875,0.0,0.2222222222222222,0.043478260869565216,0.09375,risktriage,0.09375,0.09375,1,1.2545205521280551,
32,0.28125,0.71875,0.0,0.2222222222222222,0.043478260869565216,0.09375,crc,0.09375,0.09375,1,1.591330450549916,
32,0.28125,0.71875,0.0,0.2222222222222222,0.043478260869565216,0.09375,rac,0.09375,0.09375,1,1.591330450549916,
32,0.28125,0.71875,0.0,0.2222222222222222,0.043478260869565216,0.09375,rac_interval_cost,0.09375,0.09375,1,1.591330450549916,
32,0.28125,0.71875,0.0,0.2222222222222222,0.043478260869565216,0.09375,risktriage,0.09375,0.09375,1,1.591330450549916,
32,0.28125,0.71875,0.0,0.2222222222222222,0.043478260869565216,0.09375,crc,0.09375,0.09375,1,2.018566055814533,
32,0.28125,0.71875,0.0,0.2222222222222222,0.043478260869565216,0.09375,rac,0.09375,0.09375,1,2.018566055814533,
32,0.28125,0.71875,0.0,0.2222222222222222,0.043478260869565216,0.09375,rac_interval_cost,0.09375,0.09375,1,2.018566055814533,
32,0.28125,0.71875,0.0,0.2222222222222222,0.043478260869565216,0.09375,risktriage,0.09375,0.09375,1,2.018566055814533,
32,0.25,0.71875,0.03125,0.25,0.043478260869565216,0.09375,crc,0.09375,0.1,1,2.560504589275331,
32,0.25,0.71875,0.03125,0.25,0.043478260869565216,0.09375,rac,0.09375,0.1,1,2.560504589275331,
32,0.25,0.71875,0.03125,0.25,0.043478260869565216,0.09375,rac_interval_cost,0.09375,0.1,1,2.560504589275331,
32,0.28125,0.71875,0.0,0.2222222222222222,0.043478260869565216,0.09375,risktriage,0.09375,0.09375,1,2.560504589275331,
32,0.1875,0.6875,0.125,0.16666666666666666,0.045454545454545456,0.0625,crc,0.0625,0.08750000000000001,1,3.2479411475362774,
32,0.1875,0.6875,0.125,0.16666666666666666,0.045454545454545456,0.0625,rac,0.0625,0.08750000000000001,1,3.2479411475362774,
32,0.1875,0.6875,0.125,0.16666666666666666,0.045454545454545456,0.0625,rac_interval_cost,0.0625,0.08750000000000001,1,3.2479411475362774,
32,0.21875,0.71875,0.0625,0.2857142857142857,0.043478260869565216,0.09375,risktriage,0.09375,0.10625,1,3.2479411475362774,
32,0.1875,0.6875,0.125,0.16666666666666666,0.045454545454545456,0.0625,crc,0.0625,0.08750000000000001,1,4.11993860196316,
32,0.1875,0.6875,0.125,0.16666666666666666,0.045454545454545456,0.0625,rac,0.0625,0.08750000000000001,1,4.11993860196316,
32,0.1875,0.6875,0.125,0.16666666666666666,0.045454545454545456,0.0625,rac_interval_cost,0.0625,0.08750000000000001,1,4.11993860196316,
32,0.1875,0.6875,0.125,0.16666666666666666,0.045454545454545456,0.0625,risktriage,0.0625,0.08750000000000001,1,4.11993860196316,
32,0.1875,0.6875,0.125,0.16666666666666666,0.045454545454545456,0.0625,crc,0.0625,0.08750000000000001,1,5.226047305943859,
32,0.1875,0.6875,0.125,0.16666666666666666,0.045454545454545456,0.0625,rac,0.0625,0.08750000000000001,1,5.226047305943859,
32,0.1875,0.6875,0.125,0.16666666666666666,0.045454545454545456,0.0625,rac_interval_cost,0.0625,0.08750000000000001,1,5.226047305943859,
32,0.1875,0.6875,0.125,0.16666666666666666,0.045454545454545456,0.0625,risktriage,0.0625,0.08750000000000001,1,5.226047305943859,
32,0.1875,0.6875,0.125,0.16666666666666666,0.045454545454545456,0.0625,crc,0.0625,0.08750000000000001,1,6.629120742466659,
32,0.1875,0.6875,0.125,0.16666666666666666,0.045454545454545456,0.0625,rac,0.0625,0.08750000000000001,1,6.629120742466659,
32,0.1875,0.6875,0.125,0.16666666666666666,0.045454545454545456,0.0625,rac_interval_cost,0.0625,0.08750000000000001,1,6.629120742466659,
32,0.1875,0.6875,0.125,0.16666666666666666,0.045454545454545456,0.0625,risktriage,0.0625,0.08750000000000001,1,6.629120742466659,
32,0.125,0.6875,0.1875,0.25,0.045454545454545456,0.0625,crc,0.0625,0.1,1,8.408887108277888,
32,0.125,0.6875,0.1875,0.25,0.045454545454545456,0.0625,rac,0.0625,0.1,1,8.408887108277888,
32,0.125,0.6875,0.1875,0.25,0.045454545454545456,0.0625,rac_interval_cost,0.0625,0.1,1,8.408887108277888,
32,0.1875,0.6875,0.125,0.16666666666666666,0.045454545454545456,0.0625,risktriage,0.0625,0.08750000000000001,1,8.408887108277888,
32,0.09375,0.65625,0.25,0.0,0.047619047619047616,0.03125,crc,0.03125,0.08124999999999999,1,10.666479786194305,
32,0.09375,0.65625,0.25,0.0,0.047619047619047616,0.03125,rac,0.03125,0.08124999999999999,1,10.666479786194305,
32,0.09375,0.65625,0.25,0.0,0.047619047619047616,0.03125,rac_interval_cost,0.03125,0.08124999999999999,1,10.666479786194305,
32,0.125,0.6875,0.1875,0.25,0.045454545454545456,0.0625,risktriage,0.0625,0.1,1,10.666479786194305,
32,0.09375,0.59375,0.3125,0.0,0.05263157894736842,0.03125,crc,0.03125,0.09375,1,13.530184144973306,
32,0.09375,0.59375,0.3125,0.0,0.05263157894736842,0.03125,rac,0.03125,0.09375,1,13.530184144973306,
32,0.09375,0.59375,0.3125,0.0,0.05263157894736842,0.03125,rac_interval_cost,0.03125,0.09375,1,13.530184144973306,
32,0.09375,0.625,0.28125,0.0,0.05,0.03125,risktriage,0.03125,0.0875,1,13.530184144973306,
32,0.09375,0.59375,0.3125,0.0,0.05263157894736842,0.03125,crc,0.03125,0.09375,1,17.1627272226991,
32,0.09375,0.59375,0.3125,0.0,0.05263157894736842,0.03125,rac,0.03125,0.09375,1,17.1627272226991,
32,0.09375,0.59375,0.3125,0.0,0.05263157894736842,0.03125,rac_interval_cost,0.03125,0.09375,1,17.1627272226991,
32,0.09375,0.59375,0.3125,0.0,0.05263157894736842,0.03125,risktriage,0.03125,0.09375,1,17.1627272226991,
32,0.09375,0.5,0.40625,0.0,0.0,0.0,crc,0.0,0.08125,1,21.77052452240353,
32,0.09375,0.5,0.40625,0.0,0.0,0.0,rac,0.0,0.08125,1,21.77052452240353,
32,0.09375,0.5,0.40625,0.0,0.0,0.0,rac_interval_cost,0.0,0.08125,1,21.77052452240353,
32,0.09375,0.5625,0.34375,0.0,0.0,0.0,risktriage,0.0,0.06875,1,21.77052452240353,
32,0.0625,0.46875,0.46875,0.0,0.0,0.0,crc,0.0,0.09375,1,27.615409359517727,
32,0.0625,0.46875,0.46875,0.0,0.0,0.0,rac,0.0,0.09375,1,27.615409359517727,
32,0.0625,0.46875,0.46875,0.0,0.0,0.0,rac_interval_cost,0.0,0.09375,1,27.615409359517727,
32,0.09375,0.46875,0.4375,0.0,0.0,0.0,risktriage,0.0,0.08750000000000001,1,27.615409359517727,
32,0.0625,0.40625,0.53125,0.0,0.0,0.0,crc,0.0,0.10625000000000001,1,35.02951126919119,
32,0.0625,0.40625,0.53125,0.0,0.0,0.0,rac,0.0,0.10625000000000001,1,35.02951126919119,
32,0.0625,0.40625,0.53125,0.0,0.0,0.0,rac_interval_cost,0.0,0.10625000000000001,1,35.02951126919119,
32,0.0625,0.46875,0.46875,0.0,0.0,0.0,risktriage,0.0,0.09375,1,35.02951126919119,
32,0.0625,0.25,0.6875,0.0,0.0,0.0,crc,0.0,0.1375,1,44.43412892358531,
32,0.0625,0.25,0.6875,0.0,0.0,0.0,rac,0.0,0.1375,1,44.43412892358531,
32,0.0625,0.25,0.6875,0.0,0.0,0.0,rac_interval_cost,0.0,0.1375,1,44.43412892358531,
32,0.0625,0.34375,0.59375,0.0,0.0,0.0,risktriage,0.0,0.11875,1,44.43412892358531,
32,0.03125,0.1875,0.78125,0.0,0.0,0.0,crc,0.0,0.15625,1,56.363669993143596,
32,0.03125,0.1875,0.78125,0.0,0.0,0.0,rac,0.0,0.15625,1,56.363669993143596,
32,0.03125,0.1875,0.78125,0.0,0.0,0.0,rac_interval_cost,0.0,0.15625,1,56.363669993143596,
32,0.03125,0.21875,0.75,0.0,0.0,0.0,risktriage,0.0,0.15000000000000002,1,56.363669993143596,
32,0.0,0.125,0.875,,0.0,0.0,crc,0.0,0.17500000000000002,1,71.49601830969485,
32,0.0,0.125,0.875,,0.0,0.0,rac,0.0,0.17500000000000002,1,71.49601830969485,
32,0.0,0.125,0.875,,0.0,0.0,rac_interval_cost,0.0,0.17500000000000002,1,71.49601830969485,
32,0.0,0.15625,0.84375,,0.0,0.0,risktriage,0.0,0.16875,1,71.49601830969485,
32,0.28125,0.71875,0.0,0.2222222222222222,0.043478260869565216,0.09375,uncertainty,0.09375,0.09375,1,0.0,
32,0.28125,0.65625,0.0625,0.2222222222222222,0.047619047619047616,0.09375,uncertainty,0.09375,0.10625,1,0.05,
32,0.28125,0.625,0.09375,0.2222222222222222,0.0,0.0625,uncertainty,0.0625,0.08125,1,0.1,
32,0.28125,0.5625,0.15625,0.2222222222222222,0.0,0.0625,uncertainty,0.0625,0.09375,1,0.15000000000000002,
32,0.25,0.5625,0.1875,0.25,0.0,0.0625,uncertainty,0.0625,0.1,1,0.2,
32,0.21875,0.53125,0.25,0.2857142857142857,0.0,0.0625,uncertainty,0.0625,0.1125,1,0.25,
32,0.1875,0.5,0.3125,0.16666666666666666,0.0,0.03125,uncertainty,0.03125,0.09375,1,0.30000000000000004,
32,0.15625,0.5,0.34375,0.2,0.0,0.03125,uncertainty,0.03125,0.1,1,0.35000000000000003,
32,0.15625,0.4375,0.40625,0.2,0.0,0.03125,uncertainty,0.03125,0.1125,1,0.4,
32,0.15625,0.40625,0.4375,0.2,0.0,0.03125,uncertainty,0.03125,0.11875,1,0.45,
32,0.125,0.375,0.5,0.25,0.0,0.03125,uncertainty,0.03125,0.13125,1,0.5,
32,0.125,0.3125,0.5625,0.25,0.0,0.03125,uncertainty,0.03125,0.14375,1,0.55,
32,0.125,0.28125,0.59375,0.25,0.0,0.03125,uncertainty,0.03125,0.15,1,0.6000000000000001,
32,0.125,0.21875,0.65625,0.25,0.0,0.03125,uncertainty,0.03125,0.1625,1,0.65,
32,0.125,0.1875,0.6875,0.25,0.0,0.03125,uncertainty,0.03125,0.16875,1,0.7000000000000001,
32,0.09375,0.15625,0.75,0.3333333333333333,0.0,0.03125,uncertainty,0.03125,0.18125000000000002,1,0.75,
32,0.0625,0.125,0.8125,0.0,0.0,0.0,uncertainty,0.0,0.16250000000000003,1,0.8,
32,0.03125,0.125,0.84375,0.0,0.0,0.0,uncertainty,0.0,0.16875,1,0.8500000000000001,
32,0.03125,0.0625,0.90625,0.0,0.0,0.0,uncertainty,0.0,0.18125000000000002,1,0.9,
32,0.0,0.0625,0.9375,,0.0,0.0,uncertainty,0.0,0.1875,1,0.9500000000000001,
32,0.0,0.0,1.0,,,0.0,uncertainty,0.0,0.2,1,1.0,
32,0.03125,0.21875,0.75,0.0,0.0,0.0,split_cp,0.0,0.15000000000000002,1,0.02,0.96875
32,0.03125,0.21875,0.75,0.0,0.0,0.0,split_cp,0.0,0.15000000000000002,1,0.05,0.96875
32,0.03125,0.21875,0.75,0.0,0.0,0.0,split_cp,0.0,0.15000000000000002,1,0.08,0.96875
32,0.0625,0.25,0.6875,0.0,0.0,0.0,split_cp,0.0,0.1375,1,0.11,0.9375
32,0.0625,0.46875,0.46875,0.0,0.0,0.0,split_cp,0.0,0.09375,1,0.13999999999999999,0.84375
32,0.09375,0.46875,0.4375,0.0,0.0,0.0,split_cp,0.0,0.08750000000000001,1,0.16999999999999998,0.78125
32,0.09375,0.5625,0.34375,0.0,0.0,0.0,split_cp,0.0,0.06875,1,0.19999999999999998,0.6875
32,0.09375,0.5625,0.34375,0.0,0.0,0.0,split_cp,0.0,0.06875,1,0.22999999999999998,0.6875
32,0.09375,0.5625,0.34375,0.0,0.0,0.0,split_cp,0.0,0.06875,1,0.26,0.6875
32,0.09375,0.59375,0.3125,0.0,0.05263157894736842,0.03125,split_cp,0.03125,0.09375,1,0.29000000000000004,0.6875
32,0.09375,0.59375,0.3125,0.0,0.05263157894736842,0.03125,split_cp,0.03125,0.09375,1,0.32,0.65625
32,0.09375,0.59375,0.3125,0.0,0.05263157894736842,0.03125,split_cp,0.03125,0.09375,1,0.35,0.625
32,0.09375,0.59375,0.3125,0.0,0.05263157894736842,0.03125,split_cp,0.03125,0.09375,1,0.38,0.625
32,0.09375,0.59375,0.3125,0.0,0.05263157894736842,0.03125,split_cp,0.03125,0.09375,1,0.41000000000000003,0.59375
32,0.09375,0.59375,0.3125,0.0,0.05263157894736842,0.03125,split_cp,0.03125,0.09375,1,0.44,0.59375
32,0.09375,0.65625,0.25,0.0,0.047619047619047616,0.03125,split_cp,0.03125,0.08124999999999999,1,0.47,0.5625
32,0.09375,0.65625,0.25,0.0,0.047619047619047616,0.03125,split_cp,0.03125,0.08124999999999999,1,0.5,0.5625
31,0.3225806451612903,0.6774193548387096,0.0,0.1,0.09523809523809523,0.0967741935483871,crc,0.0967741935483871,0.0967741935483871,2,0.0,
31,0.3225806451612903,0.6774193548387096,0.0,0.1,0.09523809523809523,0.0967741935483871,rac,0.0967741935483871,0.0967741935483871,2,0.0,
31,0.3225806451612903,0.6774193548387096,0.0,0.1,0.09523809523809523,0.0967741935483871,rac_interval_cost,0.0967741935483871,0.0967741935483871,2,0.0,
31,0.3225806451612903,0.6774193548387096,0.0,0.1,0.09523809523809523,0.0967741935483871,risktriage,0.0967741935483871,0.0967741935483871,2,0.0,
31,0.3225806451612903,0.6774193548387096,0.0,0.1,0.09523809523809523,0.0967741935483871,crc,0.0967741935483871,0.0967741935483871,2,0.001,
31,0.3225806451612903,0.6774193548387096,0.0,0.1,0.09523809523809523,0.0967741935483871,rac,0.0967741935483871,0.0967741935483871,2,0.001,
31,0.3225806451612903,0.6774193548387096,0.0,0.1,0.09523809523809523,0.0967741935483871,rac_interval_cost,0.0967741935483871,0.0967741935483871,2,0.001,
31,0.3225806451612903,0.6774193548387096,0.0,0.1,0.09523809523809523,0.0967741935483871,risktriage,0.0967741935483871,0.0967741935483871,2,0.001,
31,0.3225806451612903,0.6774193548387096,0.0,0.1,0.09523809523809523,0.0967741935483871,crc,0.0967741935483871,0.0967741935483871,2,0.0012959625219437444,
31,0.3225806451612903,0.6774193548387096,0.0,0.1,0.09523809523809523,0.0967741935483871,rac,0.0967741935483871,0.0967741935483871,2,0.0012959625219437444,
31,0.3225806451612903,0.6774193548387096,0.0,0.1,0.09523809523809523,0.0967741935483871,rac_interval_cost,0.0967741935483871,0.0967741935483871,2,0.0012959625219437444,
31,0.3225806451612903,0.6774193548387096,0.0,0.1,0.09523809523809523,0.0967741935483871,risktriage,0.0967741935483871,0.0967741935483871,2,0.0012959625219437444,
31,0.3225806451612903,0.6774193548387096,0.0,0.1,0.09523809523809523,0.0967741935483871,crc,0.0967741935483871,0.0967741935483871,2,0.0016795188582827887,
31,0.3225806451612903,0.6774193548387096,0.0,0.1,0.09523809523809523,0.0967741935483871,rac,0.0967741935483871,0.0967741935483871,2,0.0016795188582827887,
31,0.3225806451612903,0.6774193548387096,0.0,0.1,0.09523809523809523,0.0967741935483871,rac_interval_cost,0.0967741935483871,0.0967741935483871,2,0.0016795188582827887,
31,0.3225806451612903,0.6774193548387096,0.0,0.1,0.09523809523809523,0.0967741935483871,risktriage,0.0967741935483871,0.0967741935483871,2,0.0016795188582827887,
31,0.3225806451612903,0.6774193548387096,0.0,0.1,0.09523809523809523,0.0967741935483871,crc,0.0967741935483871,0.0967741935483871,2,0.002176593495232241,
31,0.3225806451612903,0.6774193548387096,0.0,0.1,0.09523809523809523,0.0967741935483871,rac,0.0967741935483871,0.0967741935483871,2,0.002176593495232241,
31,0.3225806451612903,0.6774193548387096,0.0,0.1,0.09523809523809523,0.0967741935483871,rac_interval_cost,0.0967741935483871,0.0967741935483871,2,0.002176593495232241,
31,0.3225806451612903,0.6774193548387096,0.0,0.1,0.09523809523809523,0.0967741935483871,risktriage,0.0967741935483871,0.0967741935483871,2,0.002176593495232241,
31,0.3225806451612903,0.6774193548387096,0.0,0.1,0.09523809523809523,0.0967741935483871,crc,0.0967741935483871,0.0967741935483871,2,0.002820783595327525,
31,0.3225806451612903,0.6774193548387096,0.0,0.1,0.09523809523809523,0.0967741935483871,rac,0.0967741935483871,0.0967741935483871,2,0.002820783595327525,
31,0.3225806451612903,0.6774193548387096,0.0,0.1,0.09523809523809523,0.0967741935483871,rac_interval_cost,0.0967741935483871,0.0967741935483871,2,0.002820783595327525,
31,0.3225806451612903,0.6774193548387096,0.0,0.1,0.09523809523809523,0.0967741935483871,risktriage,0.0967741935483871,0.0967741935483871,2,0.002820783595327525,
31,0.3225806451612903,0.6774193548387096,0.0,0.1,0.09523809523809523,0.0967741935483871,crc,0.0967741935483871,0.0967741935483871,2,0.0036556298220581985,
31,0.3225806451612903,0.6774193548387096,0.0,0.1,0.09523809523809523,0.0967741935483871,rac,0.0967741935483871,0.0967741935483871,2,0.0036556298220581985,
31,0.3225806451612903,0.6774193548387096,0.0,0.1,0.09523809523809523,0.0967741935483871,rac_interval_cost,0.0967741935483871,0.0967741935483871,2,0.0036556298220581985,
31,0.3225806451612903,0.6774193548387096,0.0,0.1,0.09523809523809523,0.0967741935483871,risktriage,0.0967741935483871,0.0967741935483871,2,0.0036556298220581985,
31,0.3225806451612903,0.6774193548387096,0.0,0.1,0.09523809523809523,0.0967741935483871,crc,0.0967741935483871,0.0967741935483871,2,0.004737559243487305,
31,0.3225806451612903,0.6774193548387096,0.0,0.1,0.09523809523809523,0.0967741935483871,rac,0.0967741935483871,0.0967741935483871,2,0.004737559243487305,
31,0.3225806451612903,0.6774193548387096,0.0,0.1,0.09523809523809523,0.0967741935483871,rac_interval_cost,0.0967741935483871,0.0967741935483871,2,0.004737559243487305,
31,0.3225806451612903,0.6774193548387096,0.0,0.1,0.09523809523809523,0.0967741935483871,risktriage,0.0967741935483871,0.0967741935483871,2,0.004737559243487305,
31,0.3225806451612903,0.6774193548387096,0.0,0.1,0.09523809523809523,0.0967741935483871,crc,0.0967741935483871,0.0967741935483871,2,0.0061396992250477055,
31,0.3225806451612903,0.6774193548387096,0.0,0.1,0.09523809523809523,0.0967741935483871,rac,0.0967741935483871,0.0967741935483871,2,0.0061396992250477055,
31,0.3225806451612903,0.6774193548387096,0.0,0.1,0.09523809523809523,0.0967741935483871,rac_interval_cost,0.0967741935483871,0.0967741935483871,2,0.0061396992250477055,
31,0.3225806451612903,0.6774193548387096,0.0,0.1,0.09523809523809523,0.0967741935483871,risktriage,0.0967741935483871,0.0967741935483871,2,0.0061396992250477055,
31,0.3225806451612903,0.6774193548387096,0.0,0.1,0.09523809523809523,0.0967741935483871,crc,0.0967741935483871,0.0967741935483871,2,0.00795682009166887,
31,0.3225806451612903,0.6774193548387096,0.0,0.1,0.09523809523809523,0.0967741935483871,rac,0.0967741935483871,0.0967741935483871,2,0.00795682009166887,
31,0.3225806451612903,0.6774193548387096,0.0,0.1,0.09523809523809523,0.0967741935483871,rac_interval_cost,0.0967741935483871,0.0967741935483871,2,0.00795682009166887,
31,0.3225806451612903,0.6774193548387096,0.0,0.1,0.09523809523809523,0.0967741935483871,risktriage,0.0967741935483871,0.0967741935483871,2,0.00795682009166887,
31,0.3225806451612903,0.6774193548387096,0.0,0.1,0.09523809523809523,0.0967741935483871,crc,0.0967741935483871,0.0967741935483871,2,0.010311740632651846,
31,0.3225806451612903,0.6774193548387096,0.0,0.1,0.09523809523809523,0.0967741935483871,rac,0.0967741935483871,0.0967741935483871,2,0.010311740632651846,
31,0.3225806451612903,0.6774193548387096,0.0,0.1,0.09523809523809523,0.0967741935483871,rac_interval_cost,0.0967741935483871,0.0967741935483871,2,0.010311740632651846,
31,0.3225806451612903,0.6774193548387096,0.0,0.1,0.09523809523809523,0.0967741935483871,risktriage,0.0967741935483871,0.0967741935483871,2,0.010311740632651846,
31,0.3225806451612903,0.6774193548387096,0.0,0.1,0.09523809523809523,0.0967741935483871,crc,0.0967741935483871,0.0967741935483871,2,0.013363629395921261,
31,0.3225806451612903,0.6774193548387096,0.0,0.1,0.09523809523809523,0.0967741935483871,rac,0.0967741935483871,0.0967741935483871,2,0.013363629395921261,
31,0.3225806451612903,0.6774193548387096,0.0,0.1,0.09523809523809523,0.0967741935483871,rac_interval_cost,0.0967741935483871,0.0967741935483871,2,0.013363629395921261,
31,0.3225806451612903,0.6774193548387096,0.0,0.1,0.09523809523809523,0.0967741935483871,risktriage,0.0967741935483871,0.0967741935483871,2,0.013363629395921261,
31,0.3225806451612903,0.6774193548387096,0.0,0.1,0.09523809523809523,0.0967741935483871,crc,0.0967741935483871,0.0967741935483871,2,0.017318762854259668,
31,0.3225806451612903,0.6774193548387096,0.0,0.1,0.09523809523809523,0.0967741935483871,rac,0.0967741935483871,0.0967741935483871,2,0.017318762854259668,
31,0.3225806451612903,0.6774193548387096,0.0,0.1,0.09523809523809523,0.0967741935483871,rac_interval_cost,0.0967741935483871,0.0967741935483871,2,0.017318762854259668,
31,0.3225806451612903,0.6774193548387096,0.0,0.1,0.09523809523809523,0.0967741935483871,risktriage,0.0967741935483871,0.0967741935483871,2,0.017318762854259668,
31,0.3225806451612903,0.6774193548387096,0.0,0.1,0.09523809523809523,0.0967741935483871,crc,0.0967741935483871,0.0967741935483871,2,0.022444467585552002,
31,0.3225806451612903,0.6774193548387096,0.0,0.1,0.09523809523809523,0.0967741935483871,rac,0.0967741935483871,0.0967741935483871,2,0.022444467585552002,
31,0.3225806451612903,0.6774193548387096,0.0,0.1,0.09523809523809523,0.0967741935483871,rac_interval_cost,0.0967741935483871,0.0967741935483871,2,0.022444467585552002,
31,0.3225806451612903,0.6774193548387096,0.0,0.1,0.09523809523809523,0.0967741935483871,risktriage,0.0967741935483871,0.0967741935483871,2,0.022444467585552002,
31,0.3225806451612903,0.6774193548387096,0.0,0.1,0.09523809523809523,0.0967741935483871,crc,0.0967741935483871,0.0967741935483871,2,0.029087188815856584,
31,0.3225806451612903,0.6774193548387096,0.0,0.1,0.09523809523809523,0.0967741935483871,rac,0.0967741935483871,0.0967741935483871,2,0.029087188815856584,
31,0.3225806451612903,0.6774193548387096,0.0,0.1,0.09523809523809523,0.0967741935483871,rac_interval_cost,0.0967741935483871,0.0967741935483871,2,0.029087188815856584,
31,0.3225806451612903,0.6774193548387096,0.0,0.1,0.09523809523809523,0.0967741935483871,risktriage,0.0967741935483871,0.0967741935483871,2,0.029087188815856584,
31,0.3225806451612903,0.6774193548387096,0.0,0.1,0.09523809523809523,0.0967741935483871,crc,0.0967741935483871,0.0967741935483871,2,0.037695906574051356,
31,0.3225806451612903,0.6774193548387096,0.0,0.1,0.09523809523809523,0.0967741935483871,rac,0.0967741935483871,0.0967741935483871,2,0.037695906574051356,
31,0.3225806451612903,0.6774193548387096,0.0,0.1,0.09523809523809523,0.0967741935483871,rac_interval_cost,0.0967741935483871,0.0967741935483871,2,0.037695906574051356,
31,0.3225806451612903,0.6774193548387096,0.0,0.1,0.09523809523809523,0.0967741935483871,risktriage,0.0967741935483871,0.0967741935483871,2,0.037695906574051356,
31,0.3225806451612903,0.6774193548387096,0.0,0.1,0.09523809523809523,0.0967741935483871,crc,0.0967741935483871,0.0967741935483871,2,0.04885248215066337,
31,0.3225806451612903,0.6774193548387096,0.0,0.1,0.09523809523809523,0.0967741935483871,rac,0.0967741935483871,0.0967741935483871,2,0.04885248215066337,
31,0.3225806451612903,0.6774193548387096,0.0,0.1,0.09523809523809523,0.0967741935483871,rac_interval_cost,0.0967741935483871,0.0967741935483871,2,0.04885248215066337,
31,0.3225806451612903,0.6774193548387096,0.0,0.1,0.09523809523809523,0.0967741935483871,risktriage,0.0967741935483871,0.0967741935483871,2,0.04885248215066337,
31,0.3225806451612903,0.6774193548387096,0.0,0.1,0.09523809523809523,0.0967741935483871,crc,0.0967741935483871,0.0967741935483871,2,0.06331098597118544,
31,0.3225806451612903,0.6774193548387096,0.0,0.1,0.09523809523809523,0.0967741935483871,rac,0.0967741935483871,0.0967741935483871,2,0.06331098597118544,
31,0.3225806451612903,0.6774193548387096,0.0,0.1,0.09523809523809523,0.0967741935483871,rac_interval_cost,0.0967741935483871,0.0967741935483871,2,0.06331098597118544,
31,0.3225806451612903,0.6774193548387096,0.0,0.1,0.09523809523809523,0.0967741935483871,risktriage,0.0967741935483871,0.0967741935483871,2,0.06331098597118544,
31,0.3225806451612903,0.6774193548387096,0.0,0.1,0.09523809523809523,0.0967741935483871,crc,0.0967741935483871,0.0967741935483871,2,0.08204866504596246,
31,0.3225806451612903,0.6774193548387096,0.0,0.1,0.09523809523809523,0.0967741935483871,rac,0.0967741935483871,0.0967741935483871,2,0.08204866504596246,
31,0.3225806451612903,0.6774193548387096,0.0,0.1,0.09523809523809523,0.0967741935483871,rac_interval_cost,0.0967741935483871,0.0967741935483871,2,0.08204866504596246,
31,0.3225806451612903,0.6774193548387096,0.0,0.1,0.09523809523809523,0.0967741935483871,risktriage,0.0967741935483871,0.0967741935483871,2,0.08204866504596246,
31,0.3225806451612903,0.6774193548387096,0.0,0.1,0.09523809523809523,0.0967741935483871,crc,0.0967741935483871,0.0967741935483871,2,0.10633199487508307,
31,0.3225806451612903,0.6774193548387096,0.0,0.1,0.09523809523809523,0.0967741935483871,rac,0.0967741935483871,0.0967741935483871,2,0.10633199487508307,
31,0.3225806451612903,0.6774193548387096,0.0,0.1,0.09523809523809523,0.0967741935483871,rac_interval_cost,0.0967741935483871,0.0967741935483871,2,0.10633199487508307,
31,0.3225806451612903,0.6774193548387096,0.0,0.1,0.09523809523809523,0.0967741935483871,risktriage,0.0967741935483871,0.0967741935483871,2,0.10633199487508307,
31,0.3225806451612903,0.6774193548387096,0.0,0.1,0.09523809523809523,0.0967741935483871,crc,0.0967741935483871,0.0967741935483871,2,0.13780228024162183,
31,0.3225806451612903,0.6774193548387096,0.0,0.1,0.09523809523809523,0.0967741935483871,rac,0.0967741935483871,0.0967741935483871,2,0.13780228024162183,
31,0.3225806451612903,0.6774193548387096,0.0,0.1,0.09523809523809523,0.0967741935483871,rac_interval_cost,0.0967741935483871,0.0967741935483871,2,0.13780228024162183,
31,0.3225806451612903,0.6774193548387096,0.0,0.1,0.09523809523809523,0.0967741935483871,risktriage,0.0967741935483871,0.0967741935483871,2,0.13780228024162183,
31,0.3225806451612903,0.6774193548387096,0.0,0.1,0.09523809523809523,0.0967741935483871,crc,0.0967741935483871,0.0967741935483871,2,0.17858659063153087,
31,0.3225806451612903,0.6774193548387096,0.0,0.1,0.09523809523809523,0.0967741935483871,rac,0.0967741935483871,0.0967741935483871,2,0.17858659063153087,
31,0.3225806451612903,0.6774193548387096,0.0,0.1,0.09523809523809523,0.0967741935483871,rac_interval_cost,0.0967741935483871,0.0967741935483871,2,0.17858659063153087,
31,0.3225806451612903,0.6774193548387096,0.0,0.1,0.09523809523809523,0.0967741935483871,risktriage,0.0967741935483871,0.0967741935483871,2,0.17858659063153087,
31,0.3225806451612903,0.6774193548387096,0.0,0.1,0.09523809523809523,0.0967741935483871,crc,0.0967741935483871,0.0967741935483871,2,0.23144152838017384,
31,0.3225806451612903,0.6774193548387096,0.0,0.1,0.09523809523809523,0.0967741935483871,rac,0.0967741935483871,0.0967741935483871,2,0.23144152838017384,
31,0.3225806451612903,0.6774193548387096,0.0,0.1,0.09523809523809523,0.0967741935483871,rac_interval_cost,0.0967741935483871,0.0967741935483871,2,0.23144152838017384,
31,0.3225806451612903,0.6774193548387096,0.0,0.1,0.09523809523809523,0.0967741935483871,risktriage,0.0967741935483871,0.0967741935483871,2,0.23144152838017384,
31,0.3225806451612903,0.6774193548387096,0.0,0.1,0.09523809523809523,0.0967741935483871,crc,0.0967741935483871,0.0967741935483871,2,0.2999395468020845,
31,0.3225806451612903,0.6774193548387096,0.0,0.1,0.09523809523809523,0.0967741935483871,rac,0.0967741935483871,0.0967741935483871,2,0.2999395468020845,
31,0.3225806451612903,0.6774193548387096,0.0,0.1,0.09523809523809523,0.0967741935483871,rac_interval_cost,0.0967741935483871,0.0967741935483871,2,0.2999395468020845,
31,0.3225806451612903,0.6774193548387096,0.0,0.1,0.09523809523809523,0.0967741935483871,risktriage,0.0967741935483871,0.0967741935483871,2,0.2999395468020845,
31,0.3225806451612903,0.6774193548387096,0.0,0.1,0.09523809523809523,0.0967741935483871,crc,0.0967741935483871,0.0967741935483871,2,0.3887104115042932,
31,0.3225806451612903,0.6774193548387096,0.0,0.1,0.09523809523809523,0.0967741935483871,rac,0.0967741935483871,0.0967741935483871,2,0.3887104115042932,
31,0.3225806451612903,0.6774193548387096,0.0,0.1,0.09523809523809523,0.0967741935483871,rac_interval_cost,0.0967741935483871,0.0967741935483871,2,0.3887104115042932,
31,0.3225806451612903,0.6774193548387096,0.0,0.1,0.09523809523809523,0.0967741935483871,risktriage,0.0967741935483871,0.0967741935483871,2,0.3887104115042932,
31,0.3225806451612903,0.6774193548387096,0.0,0.1,0.09523809523809523,0.0967741935483871,crc,0.0967741935483871,0.0967741935483871,2,0.5037541251988945,
31,0.3225806451612903,0.6774193548387096,0.0,0.1,0.09523809523809523,0.0967741935483871,rac,0.0967741935483871,0.0967741935483871,2,0.5037541251988945,
31,0.3225806451612903,0.6774193548387096,0.0,0.1,0.09523809523809523,0.0967741935483871,rac_interval_cost,0.0967741935483871,0.0967741935483871,2,0.5037541251988945,
31,0.3225806451612903,0.6774193548387096,0.0,0.1,0.09523809523809523,0.0967741935483871,risktriage,0.0967741935483871,0.0967741935483871,2,0.5037541251988945,
31,0.3225806451612903,0.6774193548387096,0.0,0.1,0.09523809523809523,0.0967741935483871,crc,0.0967741935483871,0.0967741935483871,2,0.6528464665323235,
31,0.3225806451612903,0.6774193548387096,0.0,0.1,0.09523809523809523,0.0967741935483871,rac,0.0967741935483871,0.0967741935483871,2,0.6528464665323235,
31,0.3225806451612903,0.6774193548387096,0.0,0.1,0.09523809523809523,0.0967741935483871,rac_interval_cost,0.0967741935483871,0.0967741935483871,2,0.6528464665323235,
31,0.3225806451612903,0.6774193548387096,0.0,0.1,0.09523809523809523,0.0967741935483871,risktriage,0.0967741935483871,0.0967741935483871,2,0.6528464665323235,
31,0.3225806451612903,0.6774193548387096,0.0,0.1,0.09523809523809523,0.0967741935483871,crc,0.0967741935483871,0.0967741935483871,2,0.8460645532092923,
31,0.3225806451612903,0.6774193548387096,0.0,0.1,0.09523809523809523,0.0967741935483871,rac,0.0967741935483871,0.0967741935483871,2,0.8460645532092923,
31,0.3225806451612903,0.6774193548387096,0.0,0.1,0.09523809523809523,0.0967741935483871,rac_interval_cost,0.0967741935483871,0.0967741935483871,2,0.8460645532092923,
31,0.3225806451612903,0.6774193548387096,0.0,0.1,0.09523809523809523,0.0967741935483871,risktriage,0.0967741935483871,0.0967741935483871,2,0.8460645532092923,
31,0.3225806451612903,0.6774193548387096,0.0,0.1,0.09523809523809523,0.0967741935483871,crc,0.0967741935483871,0.0967741935483871,2,1.096467952104322,
31,0.3225806451612903,0.6774193548387096,0.0,0.1,0.09523809523809523,0.0967741935483871,rac,0.0967741935483871,0.0967741935483871,2,1.096467952104322,
31,0.3225806451612903,0.6774193548387096,0.0,0.1,0.09523809523809523,0.0967741935483871,rac_interval_cost,0.0967741935483871,0.0967741935483871,2,1.096467952104322,
31,0.3225806451612903,0.6774193548387096,0.0,0.1,0.09523809523809523,0.0967741935483871,risktriage,0.0967741935483871,0.0967741935483871,2,1.096467952104322,
31,0.3225806451612903,0.6774193548387096,0.0,0.1,0.09523809523809523,0.0967741935483871,crc,0.0967741935483871,0.0967741935483871,2,1.4209813724396085,
31,0.3225806451612903,0.6774193548387096,0.0,0.1,0.09523809523809523,0.0967741935483871,rac,0.0967741935483871,0.0967741935483871,2,1.4209813724396085,
31,0.3225806451612903,0.6774193548387096,0.0,0.1,0.09523809523809523,0.0967741935483871,rac_interval_cost,0.0967741935483871,0.0967741935483871,2,1.4209813724396085,
31,0.3225806451612903,0.6774193548387096,0.0,0.1,0.09523809523809523,0.0967741935483871,risktriage,0.0967741935483871,0.0967741935483871,2,1.4209813724396085,
31,0.3225806451612903,0.6774193548387096,0.0,0.1,0.09523809523809523,0.0967741935483871,crc,0.0967741935483871,0.0967741935483871,2,1.8415386030619183,
31,0.3225806451612903,0.6774193548387096,0.0,0.1,0.09523809523809523,0.0967741935483871,rac,0.0967741935483871,0.0967741935483871,2,1.8415386030619183,
31,0.3225806451612903,0.6774193548387096,0.0,0.1,0.09523809523809523,0.0967741935483871,rac_interval_cost,0.0967741935483871,0.0967741935483871,2,1.8415386030619183,
31,0.3225806451612903,0.6774193548387096,0.0,0.1,0.09523809523809523,0.0967741935483871,risktriage,0.0967741935483871,0.0967741935483871,2,1.8415386030619183,
31,0.2903225806451613,0.6774193548387096,0.03225806451612903,0.1111111111111111,0.09523809523809523,0.0967741935483871,crc,0.0967741935483871,0.1032258064516129,2,2.386565012280884,
31,0.2903225806451613,0.6774193548387096,0.03225806451612903,0.1111111111111111,0.09523809523809523,0.0967741935483871,rac,0.0967741935483871,0.1032258064516129,2,2.386565012280884,
31,0.2903225806451613,0.6774193548387096,0.03225806451612903,0.1111111111111111,0.09523809523809523,0.0967741935483871,rac_interval_cost,0.0967741935483871,0.1032258064516129,2,2.386565012280884,
31,0.3225806451612903,0.6774193548387096,0.0,0.1,0.09523809523809523,0.0967741935483871,risktriage,0.0967741935483871,0.0967741935483871,2,2.386565012280884,
31,0.2903225806451613,0.6451612903225806,0.06451612903225806,0.1111111111111111,0.1,0.0967741935483871,crc,0.0967741935483871,0.10967741935483873,2,3.0928988120982344,
31,0.2903225806451613,0.6451612903225806,0.06451612903225806,0.1111111111111111,0.1,0.0967741935483871,rac,0.0967741935483871,0.10967741935483873,2,3.0928988120982344,
31,0.2903225806451613,0.6451612903225806,0.06451612903225806,0.1111111111111111,0.1,0.0967741935483871,rac_interval_cost,0.0967741935483871,0.10967741935483873,2,3.0928988120982344,
31,0.2903225806451613,0.6451612903225806,0.06451612903225806,0.1111111111111111,0.1,0.0967741935483871,risktriage,0.0967741935483871,0.10967741935483873,2,3.0928988120982344,
31,0.2903225806451613,0.6129032258064516,0.0967741935483871,0.1111111111111111,0.05263157894736842,0.06451612903225806,crc,0.06451612903225806,0.08387096774193548,2,4.00828094464364,
31,0.2903225806451613,0.6129032258064516,0.0967741935483871,0.1111111111111111,0.05263157894736842,0.06451612903225806,rac,0.06451612903225806,0.08387096774193548,2,4.00828094464364,
31,0.2903225806451613,0.6129032258064516,0.0967741935483871,0.1111111111111111,0.05263157894736842,0.06451612903225806,rac_interval_cost,0.06451612903225806,0.08387096774193548,2,4.00828094464364,
31,0.2903225806451613,0.6451612903225806,0.06451612903225806,0.1111111111111111,0.1,0.0967741935483871,risktriage,0.0967741935483871,0.10967741935483873,2,4.00828094464364,
31,0.25806451612903225,0.6129032258064516,0.12903225806451613,0.125,0.05263157894736842,0.06451612903225806,crc,0.06451612903225806,0.09032258064516129,2,5.194581881679426,
31,0.25806451612903225,0.6129032258064516,0.12903225806451613,0.125,0.05263157894736842,0.06451612903225806,rac,0.06451612903225806,0.09032258064516129,2,5.194581881679426,
31,0.25806451612903225,0.6129032258064516,0.12903225806451613,0.125,0.05263157894736842,0.06451612903225806,rac_interval_cost,0.06451612903225806,0.09032258064516129,2,5.194581881679426,
31,0.2903225806451613,0.6129032258064516,0.0967741935483871,0.1111111111111111,0.05263157894736842,0.06451612903225806,risktriage,0.06451612903225806,0.08387096774193548,2,5.194581881679426,
31,0.25806451612903225,0.6129032258064516,0.12903225806451613,0.125,0.05263157894736842,0.06451612903225806,crc,0.06451612903225806,0.09032258064516129,2,6.731983435824543,
31,0.25806451612903225,0.6129032258064516,0.12903225806451613,0.125,0.05263157894736842,0.06451612903225806,rac,0.06451612903225806,0.09032258064516129,2,6.731983435824543,
31,0.25806451612903225,0.6129032258064516,0.12903225806451613,0.125,0.05263157894736842,0.06451612903225806,rac_interval_cost,0.06451612903225806,0.09032258064516129,2,6.731983435824543,
31,0.25806451612903225,0.6129032258064516,0.12903225806451613,0.125,0.05263157894736842,0.06451612903225806,risktriage,0.06451612903225806,0.09032258064516129,2,6.731983435824543,
31,0.25806451612903225,0.5806451612903226,0.16129032258064516,0.125,0.05555555555555555,0.06451612903225806,crc,0.06451612903225806,0.0967741935483871,2,8.724398231174689,
31,0.25806451612903225,0.5806451612903226,0.16129032258064516,0.125,0.05555555555555555,0.06451612903225806,rac,0.06451612903225806,0.0967741935483871,2,8.724398231174689,
31,0.25806451612903225,0.5806451612903226,0.16129032258064516,0.125,0.05555555555555555,0.06451612903225806,rac_interval_cost,0.06451612903225806,0.0967741935483871,2,8.724398231174689,
31,0.25806451612903225,0.6129032258064516,0.12903225806451613,0.125,0.05263157894736842,0.06451612903225806,risktriage,0.06451612903225806,0.09032258064516129,2,8.724398231174689,
31,0.25806451612903225,0.5483870967741935,0.1935483870967742,0.125,0.058823529411764705,0.06451612903225806,crc,0.06451612903225806,0.1032258064516129,2,11.306493134114694,
31,0.25806451612903225,0.5483870967741935,0.1935483870967742,0.125,0.058823529411764705,0.06451612903225806,rac,0.06451612903225806,0.1032258064516129,2,11.306493134114694,
31,0.25806451612903225,0.5483870967741935,0.1935483870967742,0.125,0.058823529411764705,0.06451612903225806,rac_interval_cost,0.06451612903225806,0.1032258064516129,2,11.306493134114694,
31,0.25806451612903225,0.5806451612903226,0.16129032258064516,0.125,0.05555555555555555,0.06451612903225806,risktriage,0.06451612903225806,0.0967741935483871,2,11.306493134114694,
31,0.22580645161290322,0.5483870967741935,0.22580645161290322,0.14285714285714285,0.058823529411764705,0.06451612903225806,crc,0.06451612903225806,0.10967741935483873,2,14.65279135642691,
31,0.22580645161290322,0.5483870967741935,0.22580645161290322,0.14285714285714285,0.058823529411764705,0.06451612903225806,rac,0.06451612903225806,0.10967741935483873,2,14.65279135642691,
31,0.22580645161290322,0.5483870967741935,0.22580645161290322,0.14285714285714285,0.058823529411764705,0.06451612903225806,rac_interval_cost,0.06451612903225806,0.10967741935483873,2,14.65279135642691,
31,0.22580645161290322,0.5483870967741935,0.22580645161290322,0.14285714285714285,0.058823529411764705,0.06451612903225806,risktriage,0.06451612903225806,0.10967741935483873,2,14.65279135642691,
31,0.22580645161290322,0.5483870967741935,0.22580645161290322,0.14285714285714285,0.058823529411764705,0.06451612903225806,crc,0.06451612903225806,0.10967741935483873,2,18.989468439790482,
31,0.22580645161290322,0.5483870967741935,0.22580645161290322,0.14285714285714285,0.058823529411764705,0.06451612903225806,rac,0.06451612903225806,0.10967741935483873,2,18.989468439790482,
31,0.22580645161290322,0.5483870967741935,0.22580645161290322,0.14285714285714285,0.058823529411764705,0.06451612903225806,rac_interval_cost,0.06451612903225806,0.10967741935483873,2,18.989468439790482,
31,0.22580645161290322,0.5483870967741935,0.22580645161290322,0.14285714285714285,0.058823529411764705,0.06451612903225806,risktriage,0.06451612903225806,0.10967741935483873,2,18.989468439790482,
31,0.16129032258064516,0.4838709677419355,0.3548387096774194,0.0,0.06666666666666667,0.03225806451612903,crc,0.03225806451612903,0.1032258064516129,2,24.609639409602014,
31,0.16129032258064516,0.4838709677419355,0.3548387096774194,0.0,0.06666666666666667,0.03225806451612903,rac,0.03225806451612903,0.1032258064516129,2,24.609639409602014,
31,0.16129032258064516,0.4838709677419355,0.3548387096774194,0.0,0.06666666666666667,0.03225806451612903,rac_interval_cost,0.03225806451612903,0.1032258064516129,2,24.609639409602014,
31,0.22580645161290322,0.5483870967741935,0.22580645161290322,0.14285714285714285,0.058823529411764705,0.06451612903225806,risktriage,0.06451612903225806,0.10967741935483873,2,24.609639409602014,
31,0.12903225806451613,0.3870967741935484,0.4838709677419355,0.0,0.0,0.0,crc,0.0,0.09677419354838712,2,31.89317035339399,
31,0.12903225806451613,0.3870967741935484,0.4838709677419355,0.0,0.0,0.0,rac,0.0,0.09677419354838712,2,31.89317035339399,
31,0.12903225806451613,0.3870967741935484,0.4838709677419355,0.0,0.0,0.0,rac_interval_cost,0.0,0.09677419354838712,2,31.89317035339399,
31,0.16129032258064516,0.3870967741935484,0.45161290322580644,0.0,0.0,0.0,risktriage,0.0,0.09032258064516131,2,31.89317035339399,
31,0.03225806451612903,0.1935483870967742,0.7741935483870968,0.0,0.0,0.0,crc,0.0,0.15483870967741942,2,41.33235348396594,
31,0.03225806451612903,0.1935483870967742,0.7741935483870968,0.0,0.0,0.0,rac,0.0,0.15483870967741942,2,41.33235348396594,
31,0.03225806451612903,0.1935483870967742,0.7741935483870968,0.0,0.0,0.0,rac_interval_cost,0.0,0.15483870967741942,2,41.33235348396594,
31,0.0967741935483871,0.3225806451612903,0.5806451612903226,0.0,0.0,0.0,risktriage,0.0,0.11612903225806455,2,41.33235348396594,
31,0.03225806451612903,0.1935483870967742,0.7741935483870968,0.0,0.0,0.0,crc,0.0,0.15483870967741942,2,53.56518105895081,
31,0.03225806451612903,0.1935483870967742,0.7741935483870968,0.0,0.0,0.0,rac,0.0,0.15483870967741942,2,53.56518105895081,
31,0.03225806451612903,0.1935483870967742,0.7741935483870968,0.0,0.0,0.0,rac_interval_cost,0.0,0.15483870967741942,2,53.56518105895081,
31,0.03225806451612903,0.1935483870967742,0.7741935483870968,0.0,0.0,0.0,risktriage,0.0,0.15483870967741942,2,53.56518105895081,
31,0.03225806451612903,0.16129032258064516,0.8064516129032258,0.0,0.0,0.0,crc,0.0,0.16129032258064518,2,69.4184671335312,
31,0.03225806451612903,0.16129032258064516,0.8064516129032258,0.0,0.0,0.0,rac,0.0,0.16129032258064518,2,69.4184671335312,
31,0.03225806451612903,0.16129032258064516,0.8064516129032258,0.0,0.0,0.0,rac_interval_cost,0.0,0.16129032258064518,2,69.4184671335312,
31,0.03225806451612903,0.1935483870967742,0.7741935483870968,0.0,0.0,0.0,risktriage,0.0,0.15483870967741942,2,69.4184671335312,
31,0.03225806451612903,0.12903225806451613,0.8387096774193549,0.0,0.0,0.0,crc,0.0,0.167741935483871,2,89.96373173583983,
31,0.03225806451612903,0.12903225806451613,0.8387096774193549,0.0,0.0,0.0,rac,0.0,0.167741935483871,2,89.96373173583983,
31,0.03225806451612903,0.12903225806451613,0.8387096774193549,0.0,0.0,0.0,rac_interval_cost,0.0,0.167741935483871,2,89.96373173583983,
31,0.03225806451612903,0.16129032258064516,0.8064516129032258,0.0,0.0,0.0,risktriage,0.0,0.16129032258064518,2,89.96373173583983,
31,0.0,0.0967741935483871,0.9032258064516129,,0.0,0.0,crc,0.0,0.18064516129032263,2,116.58962466384948,
31,0.0,0.0967741935483871,0.9032258064516129,,0.0,0.0,rac,0.0,0.18064516129032263,2,116.58962466384948,
31,0.0,0.0967741935483871,0.9032258064516129,,0.0,0.0,rac_interval_cost,0.0,0.18064516129032263,2,116.58962466384948,
31,0.03225806451612903,0.12903225806451613,0.8387096774193549,0.0,0.0,0.0,risktriage,0.0,0.167741935483871,2,116.58962466384948,
31,0.0,0.06451612903225806,0.9354838709677419,,0.0,0.0,crc,0.0,0.18709677419354845,2,151.09578401183697,
31,0.0,0.06451612903225806,0.9354838709677419,,0.0,0.0,rac,0.0,0.18709677419354845,2,151.09578401183697,
31,0.0,0.06451612903225806,0.9354838709677419,,0.0,0.0,rac_interval_cost,0.0,0.18709677419354845,2,151.09578401183697,
31,0.0,0.0967741935483871,0.9032258064516129,,0.0,0.0,risktriage,0.0,0.18064516129032263,2,151.09578401183697,
31,0.0,0.06451612903225806,0.9354838709677419,,0.0,0.0,crc,0.0,0.18709677419354845,2,195.81447330304775,
31,0.0,0.06451612903225806,0.9354838709677419,,0.0,0.0,rac,0.0,0.18709677419354845,2,195.81447330304775,
31,0.0,0.06451612903225806,0.9354838709677419,,0.0,0.0,rac_interval_cost,0.0,0.18709677419354845,2,195.81447330304775,
31,0.0,0.06451612903225806,0.9354838709677419,,0.0,0.0,risktriage,0.0,0.18709677419354845,2,195.81447330304775,
31,0.3225806451612903,0.6774193548387096,0.0,0.1,0.09523809523809523,0.0967741935483871,uncertainty,0.0967741935483871,0.0967741935483871,2,0.0,
31,0.3225806451612903,0.6129032258064516,0.06451612903225806,0.1,0.05263157894736842,0.06451612903225806,uncertainty,0.06451612903225806,0.07741935483870968,2,0.05,
31,0.3225806451612903,0.5806451612903226,0.0967741935483871,0.1,0.05555555555555555,0.06451612903225806,uncertainty,0.06451612903225806,0.08387096774193549,2,0.1,
31,0.3225806451612903,0.5161290322580645,0.16129032258064516,0.1,0.0625,0.06451612903225806,uncertainty,0.06451612903225806,0.0967741935483871,2,0.15000000000000002,
31,0.3225806451612903,0.4838709677419355,0.1935483870967742,0.1,0.06666666666666667,0.06451612903225806,uncertainty,0.06451612903225806,0.1032258064516129,2,0.2,
31,0.3225806451612903,0.41935483870967744,0.25806451612903225,0.1,0.07692307692307693,0.06451612903225806,uncertainty,0.06451612903225806,0.11612903225806452,2,0.25,
31,0.3225806451612903,0.3870967741935484,0.2903225806451613,0.1,0.08333333333333333,0.06451612903225806,uncertainty,0.06451612903225806,0.12258064516129032,2,0.30000000000000004,
31,0.2903225806451613,0.3548387096774194,0.3548387096774194,0.1111111111111111,0.09090909090909091,0.06451612903225806,uncertainty,0.06451612903225806,0.13548387096774195,2,0.35000000000000003,
31,0.2903225806451613,0.3225806451612903,0.3870967741935484,0.1111111111111111,0.1,0.06451612903225806,uncertainty,0.06451612903225806,0.14193548387096774,2,0.4,
31,0.25806451612903225,0.2903225806451613,0.45161290322580644,0.0,0.0,0.0,uncertainty,0.0,0.09032258064516131,2,0.45,
31,0.25806451612903225,0.22580645161290322,0.5161290322580645,0.0,0.0,0.0,uncertainty,0.0,0.10322580645161293,2,0.5,
31,0.25806451612903225,0.1935483870967742,0.5483870967741935,0.0,0.0,0.0,uncertainty,0.0,0.10967741935483874,2,0.55,
31,0.1935483870967742,0.1935483870967742,0.6129032258064516,0.0,0.0,0.0,uncertainty,0.0,0.12258064516129034,2,0.6000000000000001,
31,0.16129032258064516,0.1935483870967742,0.6451612903225806,0.0,0.0,0.0,uncertainty,0.0,0.12903225806451615,2,0.65,
31,0.0967741935483871,0.1935483870967742,0.7096774193548387,0.0,0.0,0.0,uncertainty,0.0,0.14193548387096777,2,0.7000000000000001,
31,0.06451612903225806,0.1935483870967742,0.7419354838709677,0.0,0.0,0.0,uncertainty,0.0,0.1483870967741936,2,0.75,
31,0.03225806451612903,0.16129032258064516,0.8064516129032258,0.0,0.0,0.0,uncertainty,0.0,0.16129032258064518,2,0.8,
31,0.03225806451612903,0.12903225806451613,0.8387096774193549,0.0,0.0,0.0,uncertainty,0.0,0.167741935483871,2,0.8500000000000001,
31,0.03225806451612903,0.06451612903225806,0.9032258064516129,0.0,0.0,0.0,uncertainty,0.0,0.18064516129032263,2,0.9,
31,0.0,0.06451612903225806,0.9354838709677419,,0.0,0.0,uncertainty,0.0,0.18709677419354845,2,0.9500000000000001,
31,0.0,0.0,1.0,,,0.0,uncertainty,0.0,0.20000000000000007,2,1.0,
31,0.0,0.06451612903225806,0.9354838709677419,,0.0,0.0,split_cp,0.0,0.18709677419354845,2,0.02,1.0
31,0.0,0.06451612903225806,0.9354838709677419,,0.0,0.0,split_cp,0.0,0.18709677419354845,2,0.05,1.0
31,0.0,0.06451612903225806,0.9354838709677419,,0.0,0.0,split_cp,0.0,0.18709677419354845,2,0.08,1.0
31,0.03225806451612903,0.16129032258064516,0.8064516129032258,0.0,0.0,0.0,split_cp,0.0,0.16129032258064518,2,0.11,0.9032258064516129
31,0.03225806451612903,0.16129032258064516,0.8064516129032258,0.0,0.0,0.0,split_cp,0.0,0.16129032258064518,2,0.13999999999999999,0.9032258064516129
31,0.03225806451612903,0.1935483870967742,0.7741935483870968,0.0,0.0,0.0,split_cp,0.0,0.15483870967741942,2,0.16999999999999998,0.9032258064516129
31,0.03225806451612903,0.1935483870967742,0.7741935483870968,0.0,0.0,0.0,split_cp,0.0,0.15483870967741942,2,0.19999999999999998,0.9032258064516129
31,0.03225806451612903,0.1935483870967742,0.7741935483870968,0.0,0.0,0.0,split_cp,0.0,0.15483870967741942,2,0.22999999999999998,0.9032258064516129
31,0.16129032258064516,0.3870967741935484,0.45161290322580644,0.0,0.0,0.0,split_cp,0.0,0.09032258064516131,2,0.26,0.7741935483870968
31,0.16129032258064516,0.3870967741935484,0.45161290322580644,0.0,0.0,0.0,split_cp,0.0,0.09032258064516131,2,0.29000000000000004,0.7096774193548387
31,0.16129032258064516,0.3870967741935484,0.45161290322580644,0.0,0.0,0.0,split_cp,0.0,0.09032258064516131,2,0.32,0.7096774193548387
31,0.16129032258064516,0.3870967741935484,0.45161290322580644,0.0,0.0,0.0,split_cp,0.0,0.09032258064516131,2,0.35,0.7096774193548387
31,0.16129032258064516,0.41935483870967744,0.41935483870967744,0.0,0.0,0.0,split_cp,0.0,0.0838709677419355,2,0.38,0.6774193548387096
31,0.22580645161290322,0.5483870967741935,0.22580645161290322,0.14285714285714285,0.058823529411764705,0.06451612903225806,split_cp,0.06451612903225806,0.10967741935483873,2,0.41000000000000003,0.6451612903225806
31,0.22580645161290322,0.5483870967741935,0.22580645161290322,0.14285714285714285,0.058823529411764705,0.06451612903225806,split_cp,0.06451612903225806,0.10967741935483873,2,0.44,0.6451612903225806
31,0.22580645161290322,0.5483870967741935,0.22580645161290322,0.14285714285714285,0.058823529411764705,0.06451612903225806,split_cp,0.06451612903225806,0.10967741935483873,2,0.47,0.5806451612903226
31,0.22580645161290322,0.5483870967741935,0.22580645161290322,0.14285714285714285,0.058823529411764705,0.06451612903225806,split_cp,0.06451612903225806,0.10967741935483873,2,0.5,0.5806451612903226
29,0.41379310344827586,0.5862068965517241,0.0,0.4166666666666667,0.17647058823529413,0.27586206896551724,crc,0.27586206896551724,0.27586206896551724,3,0.0,
29,0.41379310344827586,0.5862068965517241,0.0,0.4166666666666667,0.17647058823529413,0.27586206896551724,rac,0.27586206896551724,0.27586206896551724,3,0.0,
29,0.41379310344827586,0.5862068965517241,0.0,0.4166666666666667,0.17647058823529413,0.27586206896551724,rac_interval_cost,0.27586206896551724,0.27586206896551724,3,0.0,
29,0.41379310344827586,0.5862068965517241,0.0,0.4166666666666667,0.17647058823529413,0.27586206896551724,risktriage,0.27586206896551724,0.27586206896551724,3,0.0,
29,0.41379310344827586,0.5862068965517241,0.0,0.4166666666666667,0.17647058823529413,0.27586206896551724,crc,0.27586206896551724,0.27586206896551724,3,0.001,
29,0.41379310344827586,0.5862068965517241,0.0,0.4166666666666667,0.17647058823529413,0.27586206896551724,rac,0.27586206896551724,0.27586206896551724,3,0.001,
29,0.41379310344827586,0.5862068965517241,0.0,0.4166666666666667,0.17647058823529413,0.27586206896551724,rac_interval_cost,0.27586206896551724,0.27586206896551724,3,0.001,
29,0.41379310344827586,0.5862068965517241,0.0,0.4166666666666667,0.17647058823529413,0.27586206896551724,risktriage,0.27586206896551724,0.27586206896551724,3,0.001,
29,0.41379310344827586,0.5862068965517241,0.0,0.4166666666666667,0.17647058823529413,0.27586206896551724,crc,0.27586206896551724,0.27586206896551724,3,0.0012716372372425647,
29,0.41379310344827586,0.5862068965517241,0.0,0.4166666666666667,0.17647058823529413,0.27586206896551724,rac,0.27586206896551724,0.27586206896551724,3,0.0012716372372425647,
29,0.41379310344827586,0.5862068965517241,0.0,0.4166666666666667,0.17647058823529413,0.27586206896551724,rac_interval_cost,0.27586206896551724,0.27586206896551724,3,0.0012716372372425647,
29,0.41379310344827586,0.5862068965517241,0.0,0.4166666666666667,0.17647058823529413,0.27586206896551724,risktriage,0.27586206896551724,0.27586206896551724,3,0.0012716372372425647,
29,0.41379310344827586,0.5862068965517241,0.0,0.4166666666666667,0.17647058823529413,0.27586206896551724,crc,0.27586206896551724,0.27586206896551724,3,0.0016170612631419014,
29,0.41379310344827586,0.5862068965517241,0.0,0.4166666666666667,0.17647058823529413,0.27586206896551724,rac,0.27586206896551724,0.27586206896551724,3,0.0016170612631419014,
29,0.41379310344827586,0.5862068965517241,0.0,0.4166666666666667,0.17647058823529413,0.27586206896551724,rac_interval_cost,0.27586206896551724,0.27586206896551724,3,0.0016170612631419014,
29,0.41379310344827586,0.5862068965517241,0.0,0.4166666666666667,0.17647058823529413,0.27586206896551724,risktriage,0.27586206896551724,0.27586206896551724,3,0.0016170612631419014,
29,0.41379310344827586,0.5862068965517241,0.0,0.4166666666666667,0.17647058823529413,0.27586206896551724,crc,0.27586206896551724,0.27586206896551724,3,0.0020563153171137393,
29,0.41379310344827586,0.5862068965517241,0.0,0.4166666666666667,0.17647058823529413,0.27586206896551724,rac,0.27586206896551724,0.27586206896551724,3,0.0020563153171137393,
29,0.41379310344827586,0.5862068965517241,0.0,0.4166666666666667,0.17647058823529413,0.27586206896551724,rac_interval_cost,0.27586206896551724,0.27586206896551724,3,0.0020563153171137393,
29,0.41379310344827586,0.5862068965517241,0.0,0.4166666666666667,0.17647058823529413,0.27586206896551724,risktriage,0.27586206896551724,0.27586206896551724,3,0.0020563153171137393,
29,0.41379310344827586,0.5862068965517241,0.0,0.4166666666666667,0.17647058823529413,0.27586206896551724,crc,0.27586206896551724,0.27586206896551724,3,0.002614887128754084,
29,0.41379310344827586,0.5862068965517241,0.0,0.4166666666666667,0.17647058823529413,0.27586206896551724,rac,0.27586206896551724,0.27586206896551724,3,0.002614887128754084,
29,0.41379310344827586,0.5862068965517241,0.0,0.4166666666666667,0.17647058823529413,0.27586206896551724,rac_interval_cost,0.27586206896551724,0.27586206896551724,3,0.002614887128754084,
29,0.41379310344827586,0.5862068965517241,0.0,0.4166666666666667,0.17647058823529413,0.27586206896551724,risktriage,0.27586206896551724,0.27586206896551724,3,0.002614887128754084,
29,0.41379310344827586,0.5862068965517241,0.0,0.4166666666666667,0.17647058823529413,0.27586206896551724,crc,0.27586206896551724,0.27586206896551724,3,0.0033251878441099866,
29,0.41379310344827586,0.5862068965517241,0.0,0.4166666666666667,0.17647058823529413,0.27586206896551724,rac,0.27586206896551724,0.27586206896551724,3,0.0033251878441099866,
29,0.41379310344827586,0.5862068965517241,0.0,0.4166666666666667,0.17647058823529413,0.27586206896551724,rac_interval_cost,0.27586206896551724,0.27586206896551724,3,0.0033251878441099866,
29,0.41379310344827586,0.5862068965517241,0.0,0.4166666666666667,0.17647058823529413,0.27586206896551724,risktriage,0.27586206896551724,0.27586206896551724,3,0.0033251878441099866,
29,0.41379310344827586,0.5862068965517241,0.0,0.4166666666666667,0.17647058823529413,0.27586206896551724,crc,0.27586206896551724,0.27586206896551724,3,0.004228432683396579,
29,0.41379310344827586,0.5862068965517241,0.0,0.4166666666666667,0.17647058823529413,0.27586206896551724,rac,0.27586206896551724,0.27586206896551724,3,0.004228432683396579,
29,0.41379310344827586,0.5862068965517241,0.0,0.4166666666666667,0.17647058823529413,0.27586206896551724,rac_interval_cost,0.27586206896551724,0.27586206896551724,3,0.004228432683396579,
29,0.41379310344827586,0.5862068965517241,0.0,0.4166666666666667,0.17647058823529413,0.27586206896551724,risktriage,0.27586206896551724,0.27586206896551724,3,0.004228432683396579,
29,0.41379310344827586,0.5862068965517241,0.0,0.4166666666666667,0.17647058823529413,0.27586206896551724,crc,0.27586206896551724,0.27586206896551724,3,0.00537703245538059,
29,0.41379310344827586,0.5862068965517241,0.0,0.4166666666666667,0.17647058823529413,0.27586206896551724,rac,0.27586206896551724,0.27586206896551724,3,0.00537703245538059,
29,0.41379310344827586,0.5862068965517241,0.0,0.4166666666666667,0.17647058823529413,0.27586206896551724,rac_interval_cost,0.27586206896551724,0.27586206896551724,3,0.00537703245538059,
29,0.41379310344827586,0.5862068965517241,0.0,0.4166666666666667,0.17647058823529413,0.27586206896551724,risktriage,0.27586206896551724,0.27586206896551724,3,0.00537703245538059,
29,0.41379310344827586,0.5862068965517241,0.0,0.4166666666666667,0.17647058823529413,0.27586206896551724,crc,0.27586206896551724,0.27586206896551724,3,0.006837634696123779,
29,0.41379310344827586,0.5862068965517241,0.0,0.4166666666666667,0.17647058823529413,0.27586206896551724,rac,0.27586206896551724,0.27586206896551724,3,0.006837634696123779,
29,0.41379310344827586,0.5862068965517241,0.0,0.4166666666666667,0.17647058823529413,0.27586206896551724,rac_interval_cost,0.27586206896551724,0.27586206896551724,3,0.006837634696123779,
29,0.41379310344827586,0.5862068965517241,0.0,0.4166666666666667,0.17647058823529413,0.27586206896551724,risktriage,0.27586206896551724,0.27586206896551724,3,0.006837634696123779,
29,0.41379310344827586,0.5862068965517241,0.0,0.4166666666666667,0.17647058823529413,0.27586206896551724,crc,0.27586206896551724,0.27586206896551724,3,0.008694990894252737,
29,0.41379310344827586,0.5862068965517241,0.0,0.4166666666666667,0.17647058823529413,0.27586206896551724,rac,0.27586206896551724,0.27586206896551724,3,0.008694990894252737,
29,0.41379310344827586,0.5862068965517241,0.0,0.4166666666666667,0.17647058823529413,0.27586206896551724,rac_interval_cost,0.27586206896551724,0.27586206896551724,3,0.008694990894252737,
29,0.41379310344827586,0.5862068965517241,0.0,0.4166666666666667,0.17647058823529413,0.27586206896551724,risktriage,0.27586206896551724,0.27586206896551724,3,0.008694990894252737,
29,0.41379310344827586,0.5862068965517241,0.0,0.4166666666666667,0.17647058823529413,0.27586206896551724,crc,0.27586206896551724,0.27586206896551724,3,0.011056874198616808,
29,0.41379310344827586,0.5862068965517241,0.0,0.4166666666666667,0.17647058823529413,0.27586206896551724,rac,0.27586206896551724,0.27586206896551724,3,0.011056874198616808,
29,0.41379310344827586,0.5862068965517241,0.0,0.4166666666666667,0.17647058823529413,0.27586206896551724,rac_interval_cost,0.27586206896551724,0.27586206896551724,3,0.011056874198616808,
29,0.41379310344827586,0.5862068965517241,0.0,0.4166666666666667,0.17647058823529413,0.27586206896551724,risktriage,0.27586206896551724,0.27586206896551724,3,0.011056874198616808,
29,0.41379310344827586,0.5862068965517241,0.0,0.4166666666666667,0.17647058823529413,0.27586206896551724,crc,0.27586206896551724,0.27586206896551724,3,0.014060332958467675,
29,0.41379310344827586,0.5862068965517241,0.0,0.4166666666666667,0.17647058823529413,0.27586206896551724,rac,0.27586206896551724,0.27586206896551724,3,0.014060332958467675,
29,0.41379310344827586,0.5862068965517241,0.0,0.4166666666666667,0.17647058823529413,0.27586206896551724,rac_interval_cost,0.27586206896551724,0.27586206896551724,3,0.014060332958467675,
29,0.41379310344827586,0.5862068965517241,0.0,0.4166666666666667,0.17647058823529413,0.27586206896551724,risktriage,0.27586206896551724,0.27586206896551724,3,0.014060332958467675,
29,0.41379310344827586,0.5862068965517241,0.0,0.4166666666666667,0.17647058823529413,0.27586206896551724,crc,0.27586206896551724,0.27586206896551724,3,0.017879642958016403,
29,0.41379310344827586,0.5862068965517241,0.0,0.4166666666666667,0.17647058823529413,0.27586206896551724,rac,0.27586206896551724,0.27586206896551724,3,0.017879642958016403,
29,0.41379310344827586,0.5862068965517241,0.0,0.4166666666666667,0.17647058823529413,0.27586206896551724,rac_interval_cost,0.27586206896551724,0.27586206896551724,3,0.017879642958016403,
29,0.41379310344827586,0.5862068965517241,0.0,0.4166666666666667,0.17647058823529413,0.27586206896551724,risktriage,0.27586206896551724,0.27586206896551724,3,0.017879642958016403,
29,0.41379310344827586,0.5862068965517241,0.0,0.4166666666666667,0.17647058823529413,0.27586206896551724,crc,0.27586206896551724,0.27586206896551724,3,0.022736419774015457,
29,0.41379310344827586,0.5862068965517241,0.0,0.4166666666666667,0.17647058823529413,0.27586206896551724,rac,0.27586206896551724,0.27586206896551724,3,0.022736419774015457,
29,0.41379310344827586,0.5862068965517241,0.0,0.4166666666666667,0.17647058823529413,0.27586206896551724,rac_interval_cost,0.27586206896551724,0.27586206896551724,3,0.022736419774015457,
29,0.41379310344827586,0.5862068965517241,0.0,0.4166666666666667,0.17647058823529413,0.27586206896551724,risktriage,0.27586206896551724,0.27586206896551724,3,0.022736419774015457,
29,0.41379310344827586,0.5862068965517241,0.0,0.4166666666666667,0.17647058823529413,0.27586206896551724,crc,0.27586206896551724,0.27586206896551724,3,0.028912478026216222,
29,0.41379310344827586,0.5862068965517241,0.0,0.4166666666666667,0.17647058823529413,0.27586206896551724,rac,0.27586206896551724,0.27586206896551724,3,0.028912478026216222,
29,0.41379310344827586,0.5862068965517241,0.0,0.4166666666666667,0.17647058823529413,0.27586206896551724,rac_interval_cost,0.27586206896551724,0.27586206896551724,3,0.028912478026216222,
29,0.41379310344827586,0.5862068965517241,0.0,0.4166666666666667,0.17647058823529413,0.27586206896551724,risktriage,0.27586206896551724,0.27586206896551724,3,0.028912478026216222,
29,0.41379310344827586,0.5862068965517241,0.0,0.4166666666666667,0.17647058823529413,0.27586206896551724,crc,0.27586206896551724,0.27586206896551724,3,0.036766183679093956,
29,0.41379310344827586,0.5862068965517241,0.0,0.4166666666666667,0.17647058823529413,0.27586206896551724,rac,0.27586206896551724,0.27586206896551724,3,0.036766183679093956,
29,0.41379310344827586,0.5862068965517241,0.0,0.4166666666666667,0.17647058823529413,0.27586206896551724,rac_interval_cost,0.27586206896551724,0.27586206896551724,3,0.036766183679093956,
29,0.41379310344827586,0.5862068965517241,0.0,0.4166666666666667,0.17647058823529413,0.27586206896551724,risktriage,0.27586206896551724,0.27586206896551724,3,0.036766183679093956,
29,0.41379310344827586,0.5862068965517241,0.0,0.4166666666666667,0.17647058823529413,0.27586206896551724,crc,0.27586206896551724,0.27586206896551724,3,0.04675324823763569,
29,0.41379310344827586,0.5862068965517241,0.0,0.4166666666666667,0.17647058823529413,0.27586206896551724,rac,0.27586206896551724,0.27586206896551724,3,0.04675324823763569,
29,0.41379310344827586,0.5862068965517241,0.0,0.4166666666666667,0.17647058823529413,0.27586206896551724,rac_interval_cost,0.27586206896551724,0.27586206896551724,3,0.04675324823763569,
29,0.41379310344827586,0.5862068965517241,0.0,0.4166666666666667,0.17647058823529413,0.27586206896551724,risktriage,0.27586206896551724,0.27586206896551724,3,0.04675324823763569,
29,0.41379310344827586,0.5862068965517241,0.0,0.4166666666666667,0.17647058823529413,0.27586206896551724,crc,0.27586206896551724,0.27586206896551724,3,0.059453171421022834,
29,0.41379310344827586,0.5862068965517241,0.0,0.4166666666666667,0.17647058823529413,0.27586206896551724,rac,0.27586206896551724,0.27586206896551724,3,0.059453171421022834,
29,0.41379310344827586,0.5862068965517241,0.0,0.4166666666666667,0.17647058823529413,0.27586206896551724,rac_interval_cost,0.27586206896551724,0.27586206896551724,3,0.059453171421022834,
29,0.41379310344827586,0.5862068965517241,0.0,0.4166666666666667,0.17647058823529413,0.27586206896551724,risktriage,0.27586206896551724,0.27586206896551724,3,0.059453171421022834,
29,0.41379310344827586,0.5862068965517241,0.0,0.4166666666666667,0.17647058823529413,0.27586206896551724,crc,0.27586206896551724,0.27586206896551724,3,0.07560286665113808,
29,0.41379310344827586,0.5862068965517241,0.0,0.4166666666666667,0.17647058823529413,0.27586206896551724,rac,0.27586206896551724,0.27586206896551724,3,0.07560286665113808,
29,0.41379310344827586,0.5862068965517241,0.0,0.4166666666666667,0.17647058823529413,0.27586206896551724,rac_interval_cost,0.27586206896551724,0.27586206896551724,3,0.07560286665113808,
29,0.41379310344827586,0.5862068965517241,0.0,0.4166666666666667,0.17647058823529413,0.27586206896551724,risktriage,0.27586206896551724,0.27586206896551724,3,0.07560286665113808,
29,0.41379310344827586,0.5862068965517241,0.0,0.4166666666666667,0.17647058823529413,0.27586206896551724,crc,0.27586206896551724,0.27586206896551724,3,0.09613942047587122,
29,0.41379310344827586,0.5862068965517241,0.0,0.4166666666666667,0.17647058823529413,0.27586206896551724,rac,0.27586206896551724,0.27586206896551724,3,0.09613942047587122,
29,0.41379310344827586,0.5862068965517241,0.0,0.4166666666666667,0.17647058823529413,0.27586206896551724,rac_interval_cost,0.27586206896551724,0.27586206896551724,3,0.09613942047587122,
29,0.41379310344827586,0.5862068965517241,0.0,0.4166666666666667,0.17647058823529413,0.27586206896551724,risktriage,0.27586206896551724,0.27586206896551724,3,0.09613942047587122,
29,0.41379310344827586,0.5862068965517241,0.0,0.4166666666666667,0.17647058823529413,0.27586206896551724,crc,0.27586206896551724,0.27586206896551724,3,0.12225446704403808,
29,0.41379310344827586,0.5862068965517241,0.0,0.4166666666666667,0.17647058823529413,0.27586206896551724,rac,0.27586206896551724,0.27586206896551724,3,0.12225446704403808,
29,0.41379310344827586,0.5862068965517241,0.0,0.4166666666666667,0.17647058823529413,0.27586206896551724,rac_interval_cost,0.27586206896551724,0.27586206896551724,3,0.12225446704403808,
29,0.41379310344827586,0.5862068965517241,0.0,0.4166666666666667,0.17647058823529413,0.27586206896551724,risktriage,0.27586206896551724,0.27586206896551724,3,0.12225446704403808,
29,0.41379310344827586,0.5862068965517241,0.0,0.4166666666666667,0.17647058823529413,0.27586206896551724,crc,0.27586206896551724,0.27586206896551724,3,0.15546333271244278,
29,0.41379310344827586,0.5862068965517241,0.0,0.4166666666666667,0.17647058823529413,0.27586206896551724,rac,0.27586206896551724,0.27586206896551724,3,0.15546333271244278,
29,0.41379310344827586,0.5862068965517241,0.0,0.4166666666666667,0.17647058823529413,0.27586206896551724,rac_interval_cost,0.27586206896551724,0.27586206896551724,3,0.15546333271244278,
29,0.41379310344827586,0.5862068965517241,0.0,0.4166666666666667,0.17647058823529413,0.27586206896551724,risktriage,0.27586206896551724,0.27586206896551724,3,0.15546333271244278,
29,0.41379310344827586,0.5862068965517241,0.0,0.4166666666666667,0.17647058823529413,0.27586206896551724,crc,0.27586206896551724,0.27586206896551724,3,0.19769296290297236,
29,0.41379310344827586,0.5862068965517241,0.0,0.4166666666666667,0.17647058823529413,0.27586206896551724,rac,0.27586206896551724,0.27586206896551724,3,0.19769296290297236,
29,0.41379310344827586,0.5862068965517241,0.0,0.4166666666666667,0.17647058823529413,0.27586206896551724,rac_interval_cost,0.27586206896551724,0.27586206896551724,3,0.19769296290297236,
29,0.41379310344827586,0.5862068965517241,0.0,0.4166666666666667,0.17647058823529413,0.27586206896551724,risktriage,0.27586206896551724,0.27586206896551724,3,0.19769296290297236,
29,0.41379310344827586,0.5862068965517241,0.0,0.4166666666666667,0.17647058823529413,0.27586206896551724,crc,0.27586206896551724,0.27586206896551724,3,0.25139373316823266,
29,0.41379310344827586,0.5862068965517241,0.0,0.4166666666666667,0.17647058823529413,0.27586206896551724,rac,0.27586206896551724,0.27586206896551724,3,0.25139373316823266,
29,0.41379310344827586,0.5862068965517241,0.0,0.4166666666666667,0.17647058823529413,0.27586206896551724,rac_interval_cost,0.27586206896551724,0.27586206896551724,3,0.25139373316823266,
29,0.41379310344827586,0.5862068965517241,0.0,0.4166666666666667,0.17647058823529413,0.27586206896551724,risktriage,0.27586206896551724,0.27586206896551724,3,0.25139373316823266,
29,0.41379310344827586,0.5862068965517241,0.0,0.4166666666666667,0.17647058823529413,0.27586206896551724,crc,0.27586206896551724,0.27586206896551724,3,0.31968163230614555,
29,0.41379310344827586,0.5862068965517241,0.0,0.4166666666666667,0.17647058823529413,0.27586206896551724,rac,0.27586206896551724,0.27586206896551724,3,0.31968163230614555,
29,0.41379310344827586,0.5862068965517241,0.0,0.4166666666666667,0.17647058823529413,0.27586206896551724,rac_interval_cost,0.27586206896551724,0.27586206896551724,3,0.31968163230614555,
29,0.41379310344827586,0.5862068965517241,0.0,0.4166666666666667,0.17647058823529413,0.27586206896551724,risktriage,0.27586206896551724,0.27586206896551724,3,0.31968163230614555,
29,0.41379310344827586,0.5862068965517241,0.0,0.4166666666666667,0.17647058823529413,0.27586206896551724,crc,0.27586206896551724,0.27586206896551724,3,0.40651906770298035,
29,0.41379310344827586,0.5862068965517241,0.0,0.4166666666666667,0.17647058823529413,0.27586206896551724,rac,0.27586206896551724,0.27586206896551724,3,0.40651906770298035,
29,0.41379310344827586,0.5862068965517241,0.0,0.4166666666666667,0.17647058823529413,0.27586206896551724,rac_interval_cost,0.27586206896551724,0.27586206896551724,3,0.40651906770298035,
29,0.41379310344827586,0.5862068965517241,0.0,0.4166666666666667,0.17647058823529413,0.27586206896551724,risktriage,0.27586206896551724,0.27586206896551724,3,0.40651906770298035,
29,0.41379310344827586,0.5862068965517241,0.0,0.4166666666666667,0.17647058823529413,0.27586206896551724,crc,0.27586206896551724,0.27586206896551724,3,0.5169447841402411,
29,0.41379310344827586,0.5862068965517241,0.0,0.4166666666666667,0.17647058823529413,0.27586206896551724,rac,0.27586206896551724,0.27586206896551724,3,0.5169447841402411,
29,0.41379310344827586,0.5862068965517241,0.0,0.4166666666666667,0.17647058823529413,0.27586206896551724,rac_interval_cost,0.27586206896551724,0.27586206896551724,3,0.5169447841402411,
29,0.41379310344827586,0.5862068965517241,0.0,0.4166666666666667,0.17647058823529413,0.27586206896551724,risktriage,0.27586206896551724,0.27586206896551724,3,0.5169447841402411,
29,0.41379310344827586,0.5862068965517241,0.0,0.4166666666666667,0.17647058823529413,0.27586206896551724,crc,0.27586206896551724,0.27586206896551724,3,0.6573662371110496,
29,0.41379310344827586,0.5862068965517241,0.0,0.4166666666666667,0.17647058823529413,0.27586206896551724,rac,0.27586206896551724,0.27586206896551724,3,0.6573662371110496,
29,0.41379310344827586,0.5862068965517241,0.0,0.4166666666666667,0.17647058823529413,0.27586206896551724,rac_interval_cost,0.27586206896551724,0.27586206896551724,3,0.6573662371110496,
29,0.41379310344827586,0.5862068965517241,0.0,0.4166666666666667,0.17647058823529413,0.27586206896551724,risktriage,0.27586206896551724,0.27586206896551724,3,0.6573662371110496,
29,0.3448275862068966,0.5862068965517241,0.06896551724137931,0.4,0.17647058823529413,0.2413793103448276,crc,0.2413793103448276,0.25517241379310346,3,0.8359313856164358,
29,0.3448275862068966,0.5862068965517241,0.06896551724137931,0.4,0.17647058823529413,0.2413793103448276,rac,0.2413793103448276,0.25517241379310346,3,0.8359313856164358,
29,0.3448275862068966,0.5862068965517241,0.06896551724137931,0.4,0.17647058823529413,0.2413793103448276,rac_interval_cost,0.2413793103448276,0.25517241379310346,3,0.8359313856164358,
29,0.41379310344827586,0.5862068965517241,0.0,0.4166666666666667,0.17647058823529413,0.27586206896551724,risktriage,0.27586206896551724,0.27586206896551724,3,0.8359313856164358,
29,0.3448275862068966,0.5862068965517241,0.06896551724137931,0.4,0.17647058823529413,0.2413793103448276,crc,0.2413793103448276,0.25517241379310346,3,1.0630014777296335,
29,0.3448275862068966,0.5862068965517241,0.06896551724137931,0.4,0.17647058823529413,0.2413793103448276,rac,0.2413793103448276,0.25517241379310346,3,1.0630014777296335,
29,0.3448275862068966,0.5862068965517241,0.06896551724137931,0.4,0.17647058823529413,0.2413793103448276,rac_interval_cost,0.2413793103448276,0.25517241379310346,3,1.0630014777296335,
29,0.3448275862068966,0.5862068965517241,0.06896551724137931,0.4,0.17647058823529413,0.2413793103448276,risktriage,0.2413793103448276,0.25517241379310346,3,1.0630014777296335,
29,0.3448275862068966,0.5517241379310345,0.10344827586206896,0.4,0.125,0.20689655172413793,crc,0.20689655172413793,0.22758620689655173,3,1.3517522623248748,
29,0.3448275862068966,0.5517241379310345,0.10344827586206896,0.4,0.125,0.20689655172413793,rac,0.20689655172413793,0.22758620689655173,3,1.3517522623248748,
29,0.3448275862068966,0.5517241379310345,0.10344827586206896,0.4,0.125,0.20689655172413793,rac_interval_cost,0.20689655172413793,0.22758620689655173,3,1.3517522623248748,
29,0.3448275862068966,0.5517241379310345,0.10344827586206896,0.4,0.125,0.20689655172413793,risktriage,0.20689655172413793,0.22758620689655173,3,1.3517522623248748,
29,0.3448275862068966,0.5517241379310345,0.10344827586206896,0.4,0.125,0.20689655172413793,crc,0.20689655172413793,0.22758620689655173,3,1.718938512299189,
29,0.3448275862068966,0.5517241379310345,0.10344827586206896,0.4,0.125,0.20689655172413793,rac,0.20689655172413793,0.22758620689655173,3,1.718938512299189,
29,0.3448275862068966,0.5517241379310345,0.10344827586206896,0.4,0.125,0.20689655172413793,rac_interval_cost,0.20689655172413793,0.22758620689655173,3,1.718938512299189,
29,0.3448275862068966,0.5517241379310345,0.10344827586206896,0.4,0.125,0.20689655172413793,risktriage,0.20689655172413793,0.22758620689655173,3,1.718938512299189,
29,0.3448275862068966,0.5517241379310345,0.10344827586206896,0.4,0.125,0.20689655172413793,crc,0.20689655172413793,0.22758620689655173,3,2.185866220769985,
29,0.3448275862068966,0.5517241379310345,0.10344827586206896,0.4,0.125,0.20689655172413793,rac,0.20689655172413793,0.22758620689655173,3,2.185866220769985,
29,0.3448275862068966,0.5517241379310345,0.10344827586206896,0.4,0.125,0.20689655172413793,rac_interval_cost,0.20689655172413793,0.22758620689655173,3,2.185866220769985,
29,0.3448275862068966,0.5517241379310345,0.10344827586206896,0.4,0.125,0.20689655172413793,risktriage,0.20689655172413793,0.22758620689655173,3,2.185866220769985,
29,0.3448275862068966,0.5517241379310345,0.10344827586206896,0.4,0.125,0.20689655172413793,crc,0.20689655172413793,0.22758620689655173,3,2.77962888196179,
29,0.3448275862068966,0.5517241379310345,0.10344827586206896,0.4,0.125,0.20689655172413793,rac,0.20689655172413793,0.22758620689655173,3,2.77962888196179,
29,0.3448275862068966,0.5517241379310345,0.10344827586206896,0.4,0.125,0.20689655172413793,rac_interval_cost,0.20689655172413793,0.22758620689655173,3,2.77962888196179,
29,0.3448275862068966,0.5517241379310345,0.10344827586206896,0.4,0.125,0.20689655172413793,risktriage,0.20689655172413793,0.22758620689655173,3,2.77962888196179,
29,0.3448275862068966,0.5517241379310345,0.10344827586206896,0.4,0.125,0.20689655172413793,crc,0.20689655172413793,0.22758620689655173,3,3.5346795920175262,
29,0.3448275862068966,0.5517241379310345,0.10344827586206896,0.4,0.125,0.20689655172413793,rac,0.20689655172413793,0.22758620689655173,3,3.5346795920175262,
29,0.3448275862068966,0.5517241379310345,0.10344827586206896,0.4,0.125,0.20689655172413793,rac_interval_cost,0.20689655172413793,0.22758620689655173,3,3.5346795920175262,
29,0.3448275862068966,0.5517241379310345,0.10344827586206896,0.4,0.125,0.20689655172413793,risktriage,0.20689655172413793,0.22758620689655173,3,3.5346795920175262,
29,0.3448275862068966,0.5517241379310345,0.10344827586206896,0.4,0.125,0.20689655172413793,crc,0.20689655172413793,0.22758620689655173,3,4.494830190930843,
29,0.3448275862068966,0.5517241379310345,0.10344827586206896,0.4,0.125,0.20689655172413793,rac,0.20689655172413793,0.22758620689655173,3,4.494830190930843,
29,0.3448275862068966,0.5517241379310345,0.10344827586206896,0.4,0.125,0.20689655172413793,rac_interval_cost,0.20689655172413793,0.22758620689655173,3,4.494830190930843,
29,0.3448275862068966,0.5517241379310345,0.10344827586206896,0.4,0.125,0.20689655172413793,risktriage,0.20689655172413793,0.22758620689655173,3,4.494830190930843,
29,0.27586206896551724,0.5517241379310345,0.1724137931034483,0.375,0.125,0.1724137931034483,crc,0.1724137931034483,0.20689655172413793,3,5.7157934458697675,
29,0.27586206896551724,0.5517241379310345,0.1724137931034483,0.375,0.125,0.1724137931034483,rac,0.1724137931034483,0.20689655172413793,3,5.7157934458697675,
29,0.27586206896551724,0.5517241379310345,0.1724137931034483,0.375,0.125,0.1724137931034483,rac_interval_cost,0.1724137931034483,0.20689655172413793,3,5.7157934458697675,
29,0.3103448275862069,0.5517241379310345,0.13793103448275862,0.4444444444444444,0.125,0.20689655172413793,risktriage,0.20689655172413793,0.23448275862068965,3,5.7157934458697675,
29,0.20689655172413793,0.5517241379310345,0.2413793103448276,0.16666666666666666,0.125,0.10344827586206896,crc,0.10344827586206896,0.15172413793103445,3,7.26841578615499,
29,0.20689655172413793,0.5517241379310345,0.2413793103448276,0.16666666666666666,0.125,0.10344827586206896,rac,0.10344827586206896,0.15172413793103445,3,7.26841578615499,
29,0.20689655172413793,0.5517241379310345,0.2413793103448276,0.16666666666666666,0.125,0.10344827586206896,rac_interval_cost,0.10344827586206896,0.15172413793103445,3,7.26841578615499,
29,0.27586206896551724,0.5517241379310345,0.1724137931034483,0.375,0.125,0.1724137931034483,risktriage,0.1724137931034483,0.20689655172413793,3,7.26841578615499,
29,0.20689655172413793,0.5172413793103449,0.27586206896551724,0.16666666666666666,0.13333333333333333,0.10344827586206896,crc,0.10344827586206896,0.1586206896551724,3,9.242788169436366,
29,0.20689655172413793,0.5172413793103449,0.27586206896551724,0.16666666666666666,0.13333333333333333,0.10344827586206896,rac,0.10344827586206896,0.1586206896551724,3,9.242788169436366,
29,0.20689655172413793,0.5172413793103449,0.27586206896551724,0.16666666666666666,0.13333333333333333,0.10344827586206896,rac_interval_cost,0.10344827586206896,0.1586206896551724,3,9.242788169436366,
29,0.20689655172413793,0.5517241379310345,0.2413793103448276,0.16666666666666666,0.125,0.10344827586206896,risktriage,0.10344827586206896,0.15172413793103445,3,9.242788169436366,
29,0.13793103448275862,0.4827586206896552,0.3793103448275862,0.0,0.14285714285714285,0.06896551724137931,crc,0.06896551724137931,0.14482758620689656,3,11.753473612200324,
29,0.13793103448275862,0.4827586206896552,0.3793103448275862,0.0,0.14285714285714285,0.06896551724137931,rac,0.06896551724137931,0.14482758620689656,3,11.753473612200324,
29,0.13793103448275862,0.4827586206896552,0.3793103448275862,0.0,0.14285714285714285,0.06896551724137931,rac_interval_cost,0.06896551724137931,0.14482758620689656,3,11.753473612200324,
29,0.1724137931034483,0.5172413793103449,0.3103448275862069,0.2,0.13333333333333333,0.10344827586206896,risktriage,0.10344827586206896,0.16551724137931034,3,11.753473612200324,
29,0.13793103448275862,0.4482758620689655,0.41379310344827586,0.0,0.15384615384615385,0.06896551724137931,crc,0.06896551724137931,0.1517241379310345,3,14.946154712221793,
29,0.13793103448275862,0.4482758620689655,0.41379310344827586,0.0,0.15384615384615385,0.06896551724137931,rac,0.06896551724137931,0.1517241379310345,3,14.946154712221793,
29,0.13793103448275862,0.4482758620689655,0.41379310344827586,0.0,0.15384615384615385,0.06896551724137931,rac_interval_cost,0.06896551724137931,0.1517241379310345,3,14.946154712221793,
29,0.13793103448275862,0.4827586206896552,0.3793103448275862,0.0,0.14285714285714285,0.06896551724137931,risktriage,0.06896551724137931,0.14482758620689656,3,14.946154712221793,
29,0.13793103448275862,0.4482758620689655,0.41379310344827586,0.0,0.15384615384615385,0.06896551724137931,crc,0.06896551724137931,0.1517241379310345,3,19.00608688564968,
29,0.13793103448275862,0.4482758620689655,0.41379310344827586,0.0,0.15384615384615385,0.06896551724137931,rac,0.06896551724137931,0.1517241379310345,3,19.00608688564968,
29,0.13793103448275862,0.4482758620689655,0.41379310344827586,0.0,0.15384615384615385,0.06896551724137931,rac_interval_cost,0.06896551724137931,0.1517241379310345,3,19.00608688564968,
29,0.13793103448275862,0.4482758620689655,0.41379310344827586,0.0,0.15384615384615385,0.06896551724137931,risktriage,0.06896551724137931,0.1517241379310345,3,19.00608688564968,
29,0.13793103448275862,0.3448275862068966,0.5172413793103449,0.0,0.0,0.0,crc,0.0,0.10344827586206896,3,24.168847818059678,
29,0.13793103448275862,0.3448275862068966,0.5172413793103449,0.0,0.0,0.0,rac,0.0,0.10344827586206896,3,24.168847818059678,
29,0.13793103448275862,0.3448275862068966,0.5172413793103449,0.0,0.0,0.0,rac_interval_cost,0.0,0.10344827586206896,3,24.168847818059678,
29,0.13793103448275862,0.4482758620689655,0.41379310344827586,0.0,0.15384615384615385,0.06896551724137931,risktriage,0.06896551724137931,0.1517241379310345,3,24.168847818059678,
29,0.10344827586206896,0.27586206896551724,0.6206896551724138,0.0,0.0,0.0,crc,0.0,0.12413793103448277,3,30.734006866693367,
29,0.10344827586206896,0.27586206896551724,0.6206896551724138,0.0,0.0,0.0,rac,0.0,0.12413793103448277,3,30.734006866693367,
29,0.10344827586206896,0.27586206896551724,0.6206896551724138,0.0,0.0,0.0,rac_interval_cost,0.0,0.12413793103448277,3,30.734006866693367,
29,0.10344827586206896,0.3448275862068966,0.5517241379310345,0.0,0.0,0.0,risktriage,0.0,0.11034482758620691,3,30.734006866693367,
29,0.034482758620689655,0.1724137931034483,0.7931034482758621,0.0,0.0,0.0,crc,0.0,0.15862068965517243,3,39.08250758135601,
29,0.034482758620689655,0.1724137931034483,0.7931034482758621,0.0,0.0,0.0,rac,0.0,0.15862068965517243,3,39.08250758135601,
29,0.034482758620689655,0.1724137931034483,0.7931034482758621,0.0,0.0,0.0,rac_interval_cost,0.0,0.15862068965517243,3,39.08250758135601,
29,0.034482758620689655,0.2413793103448276,0.7241379310344828,0.0,0.0,0.0,risktriage,0.0,0.1448275862068966,3,39.08250758135601,
29,0.034482758620689655,0.1724137931034483,0.7931034482758621,0.0,0.0,0.0,crc,0.0,0.15862068965517243,3,49.6987719652671,
29,0.034482758620689655,0.1724137931034483,0.7931034482758621,0.0,0.0,0.0,rac,0.0,0.15862068965517243,3,49.6987719652671,
29,0.034482758620689655,0.1724137931034483,0.7931034482758621,0.0,0.0,0.0,rac_interval_cost,0.0,0.15862068965517243,3,49.6987719652671,
29,0.034482758620689655,0.1724137931034483,0.7931034482758621,0.0,0.0,0.0,risktriage,0.0,0.15862068965517243,3,49.6987719652671,
29,0.034482758620689655,0.1724137931034483,0.7931034482758621,0.0,0.0,0.0,crc,0.0,0.15862068965517243,3,63.198809076260545,
29,0.034482758620689655,0.1724137931034483,0.7931034482758621,0.0,0.0,0.0,rac,0.0,0.15862068965517243,3,63.198809076260545,
29,0.034482758620689655,0.1724137931034483,0.7931034482758621,0.0,0.0,0.0,rac_interval_cost,0.0,0.15862068965517243,3,63.198809076260545,
29,0.034482758620689655,0.1724137931034483,0.7931034482758621,0.0,0.0,0.0,risktriage,0.0,0.15862068965517243,3,63.198809076260545,
29,0.0,0.13793103448275862,0.8620689655172413,,0.0,0.0,crc,0.0,0.17241379310344832,3,80.36595897075617,
29,0.0,0.13793103448275862,0.8620689655172413,,0.0,0.0,rac,0.0,0.17241379310344832,3,80.36595897075617,
29,0.0,0.13793103448275862,0.8620689655172413,,0.0,0.0,rac_interval_cost,0.0,0.17241379310344832,3,80.36595897075617,
29,0.0,0.1724137931034483,0.8275862068965517,,0.0,0.0,risktriage,0.0,0.16551724137931037,3,80.36595897075617,
29,0.41379310344827586,0.5862068965517241,0.0,0.4166666666666667,0.17647058823529413,0.27586206896551724,uncertainty,0.27586206896551724,0.27586206896551724,3,0.0,
29,0.41379310344827586,0.5517241379310345,0.034482758620689655,0.4166666666666667,0.1875,0.27586206896551724,uncertainty,0.27586206896551724,0.2827586206896551,3,0.05,
29,0.3793103448275862,0.5172413793103449,0.10344827586206896,0.36363636363636365,0.13333333333333333,0.20689655172413793,uncertainty,0.20689655172413793,0.22758620689655173,3,0.1,
29,0.3448275862068966,0.5172413793103449,0.13793103448275862,0.3,0.13333333333333333,0.1724137931034483,uncertainty,0.1724137931034483,0.19999999999999998,3,0.15000000000000002,
29,0.3448275862068966,0.4482758620689655,0.20689655172413793,0.3,0.07692307692307693,0.13793103448275862,uncertainty,0.13793103448275862,0.1793103448275862,3,0.2,
29,0.3103448275862069,0.4482758620689655,0.2413793103448276,0.3333333333333333,0.07692307692307693,0.13793103448275862,uncertainty,0.13793103448275862,0.18620689655172415,3,0.25,
29,0.2413793103448276,0.4482758620689655,0.3103448275862069,0.2857142857142857,0.07692307692307693,0.10344827586206896,uncertainty,0.10344827586206896,0.16551724137931034,3,0.30000000000000004,
29,0.20689655172413793,0.4482758620689655,0.3448275862068966,0.3333333333333333,0.07692307692307693,0.10344827586206896,uncertainty,0.10344827586206896,0.1724137931034483,3,0.35000000000000003,
29,0.13793103448275862,0.4482758620689655,0.41379310344827586,0.25,0.07692307692307693,0.06896551724137931,uncertainty,0.06896551724137931,0.1517241379310345,3,0.4,
29,0.13793103448275862,0.41379310344827586,0.4482758620689655,0.25,0.08333333333333333,0.06896551724137931,uncertainty,0.06896551724137931,0.15862068965517243,3,0.45,
29,0.13793103448275862,0.3793103448275862,0.4827586206896552,0.25,0.09090909090909091,0.06896551724137931,uncertainty,0.06896551724137931,0.16551724137931037,3,0.5,
29,0.13793103448275862,0.3103448275862069,0.5517241379310345,0.25,0.1111111111111111,0.06896551724137931,uncertainty,0.06896551724137931,0.1793103448275862,3,0.55,
29,0.10344827586206896,0.3103448275862069,0.5862068965517241,0.3333333333333333,0.1111111111111111,0.06896551724137931,uncertainty,0.06896551724137931,0.18620689655172415,3,0.6000000000000001,
29,0.06896551724137931,0.27586206896551724,0.6551724137931034,0.5,0.125,0.06896551724137931,uncertainty,0.06896551724137931,0.2,3,0.65,
29,0.034482758620689655,0.27586206896551724,0.6896551724137931,0.0,0.125,0.034482758620689655,uncertainty,0.034482758620689655,0.17241379310344832,3,0.7000000000000001,
29,0.034482758620689655,0.20689655172413793,0.7586206896551724,0.0,0.16666666666666666,0.034482758620689655,uncertainty,0.034482758620689655,0.18620689655172415,3,0.75,
29,0.034482758620689655,0.1724137931034483,0.7931034482758621,0.0,0.2,0.034482758620689655,uncertainty,0.034482758620689655,0.19310344827586212,3,0.8,
29,0.034482758620689655,0.10344827586206896,0.8620689655172413,0.0,0.0,0.0,uncertainty,0.0,0.17241379310344832,3,0.8500000000000001,
29,0.034482758620689655,0.06896551724137931,0.896551724137931,0.0,0.0,0.0,uncertainty,0.0,0.17931034482758623,3,0.9,
29,0.0,0.034482758620689655,0.9655172413793104,,0.0,0.0,uncertainty,0.0,0.19310344827586212,3,0.9500000000000001,
29,0.0,0.0,1.0,,,0.0,uncertainty,0.0,0.20000000000000007,3,1.0,
29,0.034482758620689655,0.1724137931034483,0.7931034482758621,0.0,0.0,0.0,split_cp,0.0,0.15862068965517243,3,0.02,0.9310344827586207
29,0.034482758620689655,0.1724137931034483,0.7931034482758621,0.0,0.0,0.0,split_cp,0.0,0.15862068965517243,3,0.05,0.9310344827586207
29,0.034482758620689655,0.1724137931034483,0.7931034482758621,0.0,0.0,0.0,split_cp,0.0,0.15862068965517243,3,0.08,0.9310344827586207
29,0.034482758620689655,0.1724137931034483,0.7931034482758621,0.0,0.0,0.0,split_cp,0.0,0.15862068965517243,3,0.11,0.9310344827586207
29,0.034482758620689655,0.2413793103448276,0.7241379310344828,0.0,0.0,0.0,split_cp,0.0,0.1448275862068966,3,0.13999999999999999,0.896551724137931
29,0.034482758620689655,0.2413793103448276,0.7241379310344828,0.0,0.0,0.0,split_cp,0.0,0.1448275862068966,3,0.16999999999999998,0.8620689655172413
29,0.10344827586206896,0.3103448275862069,0.5862068965517241,0.0,0.0,0.0,split_cp,0.0,0.11724137931034484,3,0.19999999999999998,0.7931034482758621
29,0.13793103448275862,0.4482758620689655,0.41379310344827586,0.0,0.15384615384615385,0.06896551724137931,split_cp,0.06896551724137931,0.1517241379310345,3,0.22999999999999998,0.5517241379310345
29,0.13793103448275862,0.4482758620689655,0.41379310344827586,0.0,0.15384615384615385,0.06896551724137931,split_cp,0.06896551724137931,0.1517241379310345,3,0.26,0.5517241379310345
29,0.13793103448275862,0.4482758620689655,0.41379310344827586,0.0,0.15384615384615385,0.06896551724137931,split_cp,0.06896551724137931,0.1517241379310345,3,0.29000000000000004,0.4827586206896552
29,0.13793103448275862,0.4482758620689655,0.41379310344827586,0.0,0.15384615384615385,0.06896551724137931,split_cp,0.06896551724137931,0.1517241379310345,3,0.32,0.4827586206896552
29,0.13793103448275862,0.4482758620689655,0.41379310344827586,0.0,0.15384615384615385,0.06896551724137931,split_cp,0.06896551724137931,0.1517241379310345,3,0.35,0.4827586206896552
29,0.13793103448275862,0.4482758620689655,0.41379310344827586,0.0,0.15384615384615385,0.06896551724137931,split_cp,0.06896551724137931,0.1517241379310345,3,0.38,0.4827586206896552
29,0.13793103448275862,0.4827586206896552,0.3793103448275862,0.0,0.14285714285714285,0.06896551724137931,split_cp,0.06896551724137931,0.14482758620689656,3,0.41000000000000003,0.41379310344827586
29,0.13793103448275862,0.4827586206896552,0.3793103448275862,0.0,0.14285714285714285,0.06896551724137931,split_cp,0.06896551724137931,0.14482758620689656,3,0.44,0.41379310344827586
29,0.1724137931034483,0.5172413793103449,0.3103448275862069,0.2,0.13333333333333333,0.10344827586206896,split_cp,0.10344827586206896,0.16551724137931034,3,0.47,0.3793103448275862
29,0.1724137931034483,0.5172413793103449,0.3103448275862069,0.2,0.13333333333333333,0.10344827586206896,split_cp,0.10344827586206896,0.16551724137931034,3,0.5,0.3793103448275862
31,0.1935483870967742,0.8064516129032258,0.0,0.0,0.24,0.1935483870967742,crc,0.1935483870967742,0.1935483870967742,4,0.0,
31,0.1935483870967742,0.8064516129032258,0.0,0.0,0.24,0.1935483870967742,rac,0.1935483870967742,0.1935483870967742,4,0.0,
31,0.1935483870967742,0.8064516129032258,0.0,0.0,0.24,0.1935483870967742,rac_interval_cost,0.1935483870967742,0.1935483870967742,4,0.0,
31,0.1935483870967742,0.8064516129032258,0.0,0.0,0.24,0.1935483870967742,risktriage,0.1935483870967742,0.1935483870967742,4,0.0,
31,0.1935483870967742,0.8064516129032258,0.0,0.0,0.24,0.1935483870967742,crc,0.1935483870967742,0.1935483870967742,4,0.001,
31,0.1935483870967742,0.8064516129032258,0.0,0.0,0.24,0.1935483870967742,rac,0.1935483870967742,0.1935483870967742,4,0.001,
31,0.1935483870967742,0.8064516129032258,0.0,0.0,0.24,0.1935483870967742,rac_interval_cost,0.1935483870967742,0.1935483870967742,4,0.001,
31,0.1935483870967742,0.8064516129032258,0.0,0.0,0.24,0.1935483870967742,risktriage,0.1935483870967742,0.1935483870967742,4,0.001,
31,0.1935483870967742,0.8064516129032258,0.0,0.0,0.24,0.1935483870967742,crc,0.1935483870967742,0.1935483870967742,4,0.0012763568844383717,
31,0.1935483870967742,0.8064516129032258,0.0,0.0,0.24,0.1935483870967742,rac,0.1935483870967742,0.1935483870967742,4,0.0012763568844383717,
31,0.1935483870967742,0.8064516129032258,0.0,0.0,0.24,0.1935483870967742,rac_interval_cost,0.1935483870967742,0.1935483870967742,4,0.0012763568844383717,
31,0.1935483870967742,0.8064516129032258,0.0,0.0,0.24,0.1935483870967742,risktriage,0.1935483870967742,0.1935483870967742,4,0.0012763568844383717,
31,0.1935483870967742,0.8064516129032258,0.0,0.0,0.24,0.1935483870967742,crc,0.1935483870967742,0.1935483870967742,4,0.001629086896453227,
31,0.1935483870967742,0.8064516129032258,0.0,0.0,0.24,0.1935483870967742,rac,0.1935483870967742,0.1935483870967742,4,0.001629086896453227,
31,0.1935483870967742,0.8064516129032258,0.0,0.0,0.24,0.1935483870967742,rac_interval_cost,0.1935483870967742,0.1935483870967742,4,0.001629086896453227,
31,0.1935483870967742,0.8064516129032258,0.0,0.0,0.24,0.1935483870967742,risktriage,0.1935483870967742,0.1935483870967742,4,0.001629086896453227,
31,0.1935483870967742,0.8064516129032258,0.0,0.0,0.24,0.1935483870967742,crc,0.1935483870967742,0.1935483870967742,4,0.002079296275636417,
31,0.1935483870967742,0.8064516129032258,0.0,0.0,0.24,0.1935483870967742,rac,0.1935483870967742,0.1935483870967742,4,0.002079296275636417,
31,0.1935483870967742,0.8064516129032258,0.0,0.0,0.24,0.1935483870967742,rac_interval_cost,0.1935483870967742,0.1935483870967742,4,0.002079296275636417,
31,0.1935483870967742,0.8064516129032258,0.0,0.0,0.24,0.1935483870967742,risktriage,0.1935483870967742,0.1935483870967742,4,0.002079296275636417,
31,0.1935483870967742,0.8064516129032258,0.0,0.0,0.24,0.1935483870967742,crc,0.1935483870967742,0.1935483870967742,4,0.002653924116195607,
31,0.1935483870967742,0.8064516129032258,0.0,0.0,0.24,0.1935483870967742,rac,0.1935483870967742,0.1935483870967742,4,0.002653924116195607,
31,0.1935483870967742,0.8064516129032258,0.0,0.0,0.24,0.1935483870967742,rac_interval_cost,0.1935483870967742,0.1935483870967742,4,0.002653924116195607,
31,0.1935483870967742,0.8064516129032258,0.0,0.0,0.24,0.1935483870967742,risktriage,0.1935483870967742,0.1935483870967742,4,0.002653924116195607,
31,0.1935483870967742,0.8064516129032258,0.0,0.0,0.24,0.1935483870967742,crc,0.1935483870967742,0.1935483870967742,4,0.0033873543164832844,
31,0.1935483870967742,0.8064516129032258,0.0,0.0,0.24,0.1935483870967742,rac,0.1935483870967742,0.1935483870967742,4,0.0033873543164832844,
31,0.1935483870967742,0.8064516129032258,0.0,0.0,0.24,0.1935483870967742,rac_interval_cost,0.1935483870967742,0.1935483870967742,4,0.0033873543164832844,
31,0.1935483870967742,0.8064516129032258,0.0,0.0,0.24,0.1935483870967742,risktriage,0.1935483870967742,0.1935483870967742,4,0.0033873543164832844,
31,0.1935483870967742,0.8064516129032258,0.0,0.0,0.24,0.1935483870967742,crc,0.1935483870967742,0.1935483870967742,4,0.004323473001875475,
31,0.1935483870967742,0.8064516129032258,0.0,0.0,0.24,0.1935483870967742,rac,0.1935483870967742,0.1935483870967742,4,0.004323473001875475,
31,0.1935483870967742,0.8064516129032258,0.0,0.0,0.24,0.1935483870967742,rac_interval_cost,0.1935483870967742,0.1935483870967742,4,0.004323473001875475,
31,0.1935483870967742,0.8064516129032258,0.0,0.0,0.24,0.1935483870967742,risktriage,0.1935483870967742,0.1935483870967742,4,0.004323473001875475,
31,0.1935483870967742,0.8064516129032258,0.0,0.0,0.24,0.1935483870967742,crc,0.1935483870967742,0.1935483870967742,4,0.005518294530627201,
31,0.1935483870967742,0.8064516129032258,0.0,0.0,0.24,0.1935483870967742,rac,0.1935483870967742,0.1935483870967742,4,0.005518294530627201,
31,0.1935483870967742,0.8064516129032258,0.0,0.0,0.24,0.1935483870967742,rac_interval_cost,0.1935483870967742,0.1935483870967742,4,0.005518294530627201,
31,0.1935483870967742,0.8064516129032258,0.0,0.0,0.24,0.1935483870967742,risktriage,0.1935483870967742,0.1935483870967742,4,0.005518294530627201,
31,0.1935483870967742,0.8064516129032258,0.0,0.0,0.24,0.1935483870967742,crc,0.1935483870967742,0.1935483870967742,4,0.007043313214524634,
31,0.1935483870967742,0.8064516129032258,0.0,0.0,0.24,0.1935483870967742,rac,0.1935483870967742,0.1935483870967742,4,0.007043313214524634,
31,0.1935483870967742,0.8064516129032258,0.0,0.0,0.24,0.1935483870967742,rac_interval_cost,0.1935483870967742,0.1935483870967742,4,0.007043313214524634,
31,0.1935483870967742,0.8064516129032258,0.0,0.0,0.24,0.1935483870967742,risktriage,0.1935483870967742,0.1935483870967742,4,0.007043313214524634,
31,0.1935483870967742,0.8064516129032258,0.0,0.0,0.24,0.1935483870967742,crc,0.1935483870967742,0.1935483870967742,4,0.008989781310614285,
31,0.1935483870967742,0.8064516129032258,0.0,0.0,0.24,0.1935483870967742,rac,0.1935483870967742,0.1935483870967742,4,0.008989781310614285,
31,0.1935483870967742,0.8064516129032258,0.0,0.0,0.24,0.1935483870967742,rac_interval_cost,0.1935483870967742,0.1935483870967742,4,0.008989781310614285,
31,0.1935483870967742,0.8064516129032258,0.0,0.0,0.24,0.1935483870967742,risktriage,0.1935483870967742,0.1935483870967742,4,0.008989781310614285,
31,0.1935483870967742,0.8064516129032258,0.0,0.0,0.24,0.1935483870967742,crc,0.1935483870967742,0.1935483870967742,4,0.011474169265397944,
31,0.1935483870967742,0.8064516129032258,0.0,0.0,0.24,0.1935483870967742,rac,0.1935483870967742,0.1935483870967742,4,0.011474169265397944,
31,0.1935483870967742,0.8064516129032258,0.0,0.0,0.24,0.1935483870967742,rac_interval_cost,0.1935483870967742,0.1935483870967742,4,0.011474169265397944,
31,0.1935483870967742,0.8064516129032258,0.0,0.0,0.24,0.1935483870967742,risktriage,0.1935483870967742,0.1935483870967742,4,0.011474169265397944,
31,0.1935483870967742,0.8064516129032258,0.0,0.0,0.24,0.1935483870967742,crc,0.1935483870967742,0.1935483870967742,4,0.01464513493510184,
31,0.1935483870967742,0.8064516129032258,0.0,0.0,0.24,0.1935483870967742,rac,0.1935483870967742,0.1935483870967742,4,0.01464513493510184,
31,0.1935483870967742,0.8064516129032258,0.0,0.0,0.24,0.1935483870967742,rac_interval_cost,0.1935483870967742,0.1935483870967742,4,0.01464513493510184,
31,0.1935483870967742,0.8064516129032258,0.0,0.0,0.24,0.1935483870967742,risktriage,0.1935483870967742,0.1935483870967742,4,0.01464513493510184,
31,0.1935483870967742,0.8064516129032258,0.0,0.0,0.24,0.1935483870967742,crc,0.1935483870967742,0.1935483870967742,4,0.01869241879794615,
31,0.1935483870967742,0.8064516129032258,0.0,0.0,0.24,0.1935483870967742,rac,0.1935483870967742,0.1935483870967742,4,0.01869241879794615,
31,0.1935483870967742,0.8064516129032258,0.0,0.0,0.24,0.1935483870967742,rac_interval_cost,0.1935483870967742,0.1935483870967742,4,0.01869241879794615,
31,0.1935483870967742,0.8064516129032258,0.0,0.0,0.24,0.1935483870967742,risktriage,0.1935483870967742,0.1935483870967742,4,0.01869241879794615,
31,0.1935483870967742,0.8064516129032258,0.0,0.0,0.24,0.1935483870967742,crc,0.1935483870967742,0.1935483870967742,4,0.0238581974195638,
31,0.1935483870967742,0.8064516129032258,0.0,0.0,0.24,0.1935483870967742,rac,0.1935483870967742,0.1935483870967742,4,0.0238581974195638,
31,0.1935483870967742,0.8064516129032258,0.0,0.0,0.24,0.1935483870967742,rac_interval_cost,0.1935483870967742,0.1935483870967742,4,0.0238581974195638,
31,0.1935483870967742,0.8064516129032258,0.0,0.0,0.24,0.1935483870967742,risktriage,0.1935483870967742,0.1935483870967742,4,0.0238581974195638,
31,0.1935483870967742,0.8064516129032258,0.0,0.0,0.24,0.1935483870967742,crc,0.1935483870967742,0.1935483870967742,4,0.030451574526750052,
31,0.1935483870967742,0.8064516129032258,0.0,0.0,0.24,0.1935483870967742,rac,0.1935483870967742,0.1935483870967742,4,0.030451574526750052,
31,0.1935483870967742,0.8064516129032258,0.0,0.0,0.24,0.1935483870967742,rac_interval_cost,0.1935483870967742,0.1935483870967742,4,0.030451574526750052,
31,0.1935483870967742,0.8064516129032258,0.0,0.0,0.24,0.1935483870967742,risktriage,0.1935483870967742,0.1935483870967742,4,0.030451574526750052,
31,0.1935483870967742,0.8064516129032258,0.0,0.0,0.24,0.1935483870967742,crc,0.1935483870967742,0.1935483870967742,4,0.03886707678920558,
31,0.1935483870967742,0.8064516129032258,0.0,0.0,0.24,0.1935483870967742,rac,0.1935483870967742,0.1935483870967742,4,0.03886707678920558,
31,0.1935483870967742,0.8064516129032258,0.0,0.0,0.24,0.1935483870967742,rac_interval_cost,0.1935483870967742,0.1935483870967742,4,0.03886707678920558,
31,0.1935483870967742,0.8064516129032258,0.0,0.0,0.24,0.1935483870967742,risktriage,0.1935483870967742,0.1935483870967742,4,0.03886707678920558,
31,0.1935483870967742,0.8064516129032258,0.0,0.0,0.24,0.1935483870967742,crc,0.1935483870967742,0.1935483870967742,4,0.04960826103789739,
31,0.1935483870967742,0.8064516129032258,0.0,0.0,0.24,0.1935483870967742,rac,0.1935483870967742,0.1935483870967742,4,0.04960826103789739,
31,0.1935483870967742,0.8064516129032258,0.0,0.0,0.24,0.1935483870967742,rac_interval_cost,0.1935483870967742,0.1935483870967742,4,0.04960826103789739,
31,0.1935483870967742,0.8064516129032258,0.0,0.0,0.24,0.1935483870967742,risktriage,0.1935483870967742,0.1935483870967742,4,0.04960826103789739,
31,0.1935483870967742,0.8064516129032258,0.0,0.0,0.24,0.1935483870967742,crc,0.1935483870967742,0.1935483870967742,4,0.06331784550073617,
31,0.1935483870967742,0.8064516129032258,0.0,0.0,0.24,0.1935483870967742,rac,0.1935483870967742,0.1935483870967742,4,0.06331784550073617,
31,0.1935483870967742,0.8064516129032258,0.0,0.0,0.24,0.1935483870967742,rac_interval_cost,0.1935483870967742,0.1935483870967742,4,0.06331784550073617,
31,0.1935483870967742,0.8064516129032258,0.0,0.0,0.24,0.1935483870967742,risktriage,0.1935483870967742,0.1935483870967742,4,0.06331784550073617,
31,0.1935483870967742,0.8064516129032258,0.0,0.0,0.24,0.1935483870967742,crc,0.1935483870967742,0.1935483870967742,4,0.0808161680126698,
31,0.1935483870967742,0.8064516129032258,0.0,0.0,0.24,0.1935483870967742,rac,0.1935483870967742,0.1935483870967742,4,0.0808161680126698,
31,0.1935483870967742,0.8064516129032258,0.0,0.0,0.24,0.1935483870967742,rac_interval_cost,0.1935483870967742,0.1935483870967742,4,0.0808161680126698,
31,0.1935483870967742,0.8064516129032258,0.0,0.0,0.24,0.1935483870967742,risktriage,0.1935483870967742,0.1935483870967742,4,0.0808161680126698,
31,0.1935483870967742,0.8064516129032258,0.0,0.0,0.24,0.1935483870967742,crc,0.1935483870967742,0.1935483870967742,4,0.10315027241689922,
31,0.1935483870967742,0.8064516129032258,0.0,0.0,0.24,0.1935483870967742,rac,0.1935483870967742,0.1935483870967742,4,0.10315027241689922,
31,0.1935483870967742,0.8064516129032258,0.0,0.0,0.24,0.1935483870967742,rac_interval_cost,0.1935483870967742,0.1935483870967742,4,0.10315027241689922,
31,0.1935483870967742,0.8064516129032258,0.0,0.0,0.24,0.1935483870967742,risktriage,0.1935483870967742,0.1935483870967742,4,0.10315027241689922,
31,0.1935483870967742,0.8064516129032258,0.0,0.0,0.24,0.1935483870967742,crc,0.1935483870967742,0.1935483870967742,4,0.1316565603310028,
31,0.1935483870967742,0.8064516129032258,0.0,0.0,0.24,0.1935483870967742,rac,0.1935483870967742,0.1935483870967742,4,0.1316565603310028,
31,0.1935483870967742,0.8064516129032258,0.0,0.0,0.24,0.1935483870967742,rac_interval_cost,0.1935483870967742,0.1935483870967742,4,0.1316565603310028,
31,0.1935483870967742,0.8064516129032258,0.0,0.0,0.24,0.1935483870967742,risktriage,0.1935483870967742,0.1935483870967742,4,0.1316565603310028,
31,0.1935483870967742,0.8064516129032258,0.0,0.0,0.24,0.1935483870967742,crc,0.1935483870967742,0.1935483870967742,4,0.16804075715995126,
31,0.1935483870967742,0.8064516129032258,0.0,0.0,0.24,0.1935483870967742,rac,0.1935483870967742,0.1935483870967742,4,0.16804075715995126,
31,0.1935483870967742,0.8064516129032258,0.0,0.0,0.24,0.1935483870967742,rac_interval_cost,0.1935483870967742,0.1935483870967742,4,0.16804075715995126,
31,0.1935483870967742,0.8064516129032258,0.0,0.0,0.24,0.1935483870967742,risktriage,0.1935483870967742,0.1935483870967742,4,0.16804075715995126,
31,0.1935483870967742,0.8064516129032258,0.0,0.0,0.24,0.1935483870967742,crc,0.1935483870967742,0.1935483870967742,4,0.2144799772673404,
31,0.1935483870967742,0.8064516129032258,0.0,0.0,0.24,0.1935483870967742,rac,0.1935483870967742,0.1935483870967742,4,0.2144799772673404,
31,0.1935483870967742,0.8064516129032258,0.0,0.0,0.24,0.1935483870967742,rac_interval_cost,0.1935483870967742,0.1935483870967742,4,0.2144799772673404,
31,0.1935483870967742,0.8064516129032258,0.0,0.0,0.24,0.1935483870967742,risktriage,0.1935483870967742,0.1935483870967742,4,0.2144799772673404,
31,0.1935483870967742,0.8064516129032258,0.0,0.0,0.24,0.1935483870967742,crc,0.1935483870967742,0.1935483870967742,4,0.2737529955593554,
31,0.1935483870967742,0.8064516129032258,0.0,0.0,0.24,0.1935483870967742,rac,0.1935483870967742,0.1935483870967742,4,0.2737529955593554,
31,0.1935483870967742,0.8064516129032258,0.0,0.0,0.24,0.1935483870967742,rac_interval_cost,0.1935483870967742,0.1935483870967742,4,0.2737529955593554,
31,0.1935483870967742,0.8064516129032258,0.0,0.0,0.24,0.1935483870967742,risktriage,0.1935483870967742,0.1935483870967742,4,0.2737529955593554,
31,0.1935483870967742,0.8064516129032258,0.0,0.0,0.24,0.1935483870967742,crc,0.1935483870967742,0.1935483870967742,4,0.34940652051781057,
31,0.1935483870967742,0.8064516129032258,0.0,0.0,0.24,0.1935483870967742,rac,0.1935483870967742,0.1935483870967742,4,0.34940652051781057,
31,0.1935483870967742,0.8064516129032258,0.0,0.0,0.24,0.1935483870967742,rac_interval_cost,0.1935483870967742,0.1935483870967742,4,0.34940652051781057,
31,0.1935483870967742,0.8064516129032258,0.0,0.0,0.24,0.1935483870967742,risktriage,0.1935483870967742,0.1935483870967742,4,0.34940652051781057,
31,0.1935483870967742,0.7741935483870968,0.03225806451612903,0.0,0.20833333333333334,0.16129032258064516,crc,0.16129032258064516,0.16774193548387098,4,0.4459674179305647,
31,0.1935483870967742,0.7741935483870968,0.03225806451612903,0.0,0.20833333333333334,0.16129032258064516,rac,0.16129032258064516,0.16774193548387098,4,0.4459674179305647,
31,0.1935483870967742,0.7741935483870968,0.03225806451612903,0.0,0.20833333333333334,0.16129032258064516,rac_interval_cost,0.16129032258064516,0.16774193548387098,4,0.4459674179305647,
31,0.1935483870967742,0.8064516129032258,0.0,0.0,0.24,0.1935483870967742,risktriage,0.1935483870967742,0.1935483870967742,4,0.4459674179305647,
31,0.1935483870967742,0.7741935483870968,0.03225806451612903,0.0,0.20833333333333334,0.16129032258064516,crc,0.16129032258064516,0.16774193548387098,4,0.5692135841108809,
31,0.1935483870967742,0.7741935483870968,0.03225806451612903,0.0,0.20833333333333334,0.16129032258064516,rac,0.16129032258064516,0.16774193548387098,4,0.5692135841108809,
31,0.1935483870967742,0.7741935483870968,0.03225806451612903,0.0,0.20833333333333334,0.16129032258064516,rac_interval_cost,0.16129032258064516,0.16774193548387098,4,0.5692135841108809,
31,0.1935483870967742,0.7741935483870968,0.03225806451612903,0.0,0.20833333333333334,0.16129032258064516,risktriage,0.16129032258064516,0.16774193548387098,4,0.5692135841108809,
31,0.1935483870967742,0.7419354838709677,0.06451612903225806,0.0,0.17391304347826086,0.12903225806451613,crc,0.12903225806451613,0.14193548387096774,4,0.7265196767957629,
31,0.1935483870967742,0.7419354838709677,0.06451612903225806,0.0,0.17391304347826086,0.12903225806451613,rac,0.12903225806451613,0.14193548387096774,4,0.7265196767957629,
31,0.1935483870967742,0.7419354838709677,0.06451612903225806,0.0,0.17391304347826086,0.12903225806451613,rac_interval_cost,0.12903225806451613,0.14193548387096774,4,0.7265196767957629,
31,0.1935483870967742,0.7419354838709677,0.06451612903225806,0.0,0.17391304347826086,0.12903225806451613,risktriage,0.12903225806451613,0.14193548387096774,4,0.7265196767957629,
31,0.1935483870967742,0.7419354838709677,0.06451612903225806,0.0,0.17391304347826086,0.12903225806451613,crc,0.12903225806451613,0.14193548387096774,4,0.9272983911582128,
31,0.1935483870967742,0.7419354838709677,0.06451612903225806,0.0,0.17391304347826086,0.12903225806451613,rac,0.12903225806451613,0.14193548387096774,4,0.9272983911582128,
31,0.1935483870967742,0.7419354838709677,0.06451612903225806,0.0,0.17391304347826086,0.12903225806451613,rac_interval_cost,0.12903225806451613,0.14193548387096774,4,0.9272983911582128,
31,0.1935483870967742,0.7419354838709677,0.06451612903225806,0.0,0.17391304347826086,0.12903225806451613,risktriage,0.12903225806451613,0.14193548387096774,4,0.9272983911582128,
31,0.1935483870967742,0.7096774193548387,0.0967741935483871,0.0,0.13636363636363635,0.0967741935483871,crc,0.0967741935483871,0.11612903225806451,4,1.1835636854834108,
31,0.1935483870967742,0.7096774193548387,0.0967741935483871,0.0,0.13636363636363635,0.0967741935483871,rac,0.0967741935483871,0.11612903225806451,4,1.1835636854834108,
31,0.1935483870967742,0.7096774193548387,0.0967741935483871,0.0,0.13636363636363635,0.0967741935483871,rac_interval_cost,0.0967741935483871,0.11612903225806451,4,1.1835636854834108,
31,0.1935483870967742,0.7419354838709677,0.06451612903225806,0.0,0.17391304347826086,0.12903225806451613,risktriage,0.12903225806451613,0.14193548387096774,4,1.1835636854834108,
31,0.1935483870967742,0.7096774193548387,0.0967741935483871,0.0,0.13636363636363635,0.0967741935483871,crc,0.0967741935483871,0.11612903225806451,4,1.5106496581380033,
31,0.1935483870967742,0.7096774193548387,0.0967741935483871,0.0,0.13636363636363635,0.0967741935483871,rac,0.0967741935483871,0.11612903225806451,4,1.5106496581380033,
31,0.1935483870967742,0.7096774193548387,0.0967741935483871,0.0,0.13636363636363635,0.0967741935483871,rac_interval_cost,0.0967741935483871,0.11612903225806451,4,1.5106496581380033,
31,0.1935483870967742,0.7096774193548387,0.0967741935483871,0.0,0.13636363636363635,0.0967741935483871,risktriage,0.0967741935483871,0.11612903225806451,4,1.5106496581380033,
31,0.1935483870967742,0.7096774193548387,0.0967741935483871,0.0,0.13636363636363635,0.0967741935483871,crc,0.0967741935483871,0.11612903225806451,4,1.9281280911389131,
31,0.1935483870967742,0.7096774193548387,0.0967741935483871,0.0,0.13636363636363635,0.0967741935483871,rac,0.0967741935483871,0.11612903225806451,4,1.9281280911389131,
31,0.1935483870967742,0.7096774193548387,0.0967741935483871,0.0,0.13636363636363635,0.0967741935483871,rac_interval_cost,0.0967741935483871,0.11612903225806451,4,1.9281280911389131,
31,0.1935483870967742,0.7096774193548387,0.0967741935483871,0.0,0.13636363636363635,0.0967741935483871,risktriage,0.0967741935483871,0.11612903225806451,4,1.9281280911389131,
31,0.1935483870967742,0.6774193548387096,0.12903225806451613,0.0,0.09523809523809523,0.06451612903225806,crc,0.06451612903225806,0.09032258064516129,4,2.460979563204168,
31,0.1935483870967742,0.6774193548387096,0.12903225806451613,0.0,0.09523809523809523,0.06451612903225806,rac,0.06451612903225806,0.09032258064516129,4,2.460979563204168,
31,0.1935483870967742,0.6774193548387096,0.12903225806451613,0.0,0.09523809523809523,0.06451612903225806,rac_interval_cost,0.06451612903225806,0.09032258064516129,4,2.460979563204168,
31,0.1935483870967742,0.7096774193548387,0.0967741935483871,0.0,0.13636363636363635,0.0967741935483871,risktriage,0.0967741935483871,0.11612903225806451,4,2.460979563204168,
31,0.16129032258064516,0.6774193548387096,0.16129032258064516,0.0,0.09523809523809523,0.06451612903225806,crc,0.06451612903225806,0.0967741935483871,4,3.141088207957777,
31,0.16129032258064516,0.6774193548387096,0.16129032258064516,0.0,0.09523809523809523,0.06451612903225806,rac,0.06451612903225806,0.0967741935483871,4,3.141088207957777,
31,0.16129032258064516,0.6774193548387096,0.16129032258064516,0.0,0.09523809523809523,0.06451612903225806,rac_interval_cost,0.06451612903225806,0.0967741935483871,4,3.141088207957777,
31,0.1935483870967742,0.6774193548387096,0.12903225806451613,0.0,0.09523809523809523,0.06451612903225806,risktriage,0.06451612903225806,0.09032258064516129,4,3.141088207957777,
31,0.16129032258064516,0.6774193548387096,0.16129032258064516,0.0,0.09523809523809523,0.06451612903225806,crc,0.06451612903225806,0.0967741935483871,4,4.009149558855096,
31,0.16129032258064516,0.6774193548387096,0.16129032258064516,0.0,0.09523809523809523,0.06451612903225806,rac,0.06451612903225806,0.0967741935483871,4,4.009149558855096,
31,0.16129032258064516,0.6774193548387096,0.16129032258064516,0.0,0.09523809523809523,0.06451612903225806,rac_interval_cost,0.06451612903225806,0.0967741935483871,4,4.009149558855096,
31,0.16129032258064516,0.6774193548387096,0.16129032258064516,0.0,0.09523809523809523,0.06451612903225806,risktriage,0.06451612903225806,0.0967741935483871,4,4.009149558855096,
31,0.16129032258064516,0.6451612903225806,0.1935483870967742,0.0,0.1,0.06451612903225806,crc,0.06451612903225806,0.1032258064516129,4,5.117105640187763,
31,0.16129032258064516,0.6451612903225806,0.1935483870967742,0.0,0.1,0.06451612903225806,rac,0.06451612903225806,0.1032258064516129,4,5.117105640187763,
31,0.16129032258064516,0.6451612903225806,0.1935483870967742,0.0,0.1,0.06451612903225806,rac_interval_cost,0.06451612903225806,0.1032258064516129,4,5.117105640187763,
31,0.16129032258064516,0.6451612903225806,0.1935483870967742,0.0,0.1,0.06451612903225806,risktriage,0.06451612903225806,0.1032258064516129,4,5.117105640187763,
31,0.16129032258064516,0.6129032258064516,0.22580645161290322,0.0,0.10526315789473684,0.06451612903225806,crc,0.06451612903225806,0.10967741935483873,4,6.531253012252073,
31,0.16129032258064516,0.6129032258064516,0.22580645161290322,0.0,0.10526315789473684,0.06451612903225806,rac,0.06451612903225806,0.10967741935483873,4,6.531253012252073,
31,0.16129032258064516,0.6129032258064516,0.22580645161290322,0.0,0.10526315789473684,0.06451612903225806,rac_interval_cost,0.06451612903225806,0.10967741935483873,4,6.531253012252073,
31,0.16129032258064516,0.6451612903225806,0.1935483870967742,0.0,0.1,0.06451612903225806,risktriage,0.06451612903225806,0.1032258064516129,4,6.531253012252073,
31,0.0967741935483871,0.6129032258064516,0.2903225806451613,0.0,0.10526315789473684,0.06451612903225806,crc,0.06451612903225806,0.12258064516129033,4,8.336209746196786,
31,0.0967741935483871,0.6129032258064516,0.2903225806451613,0.0,0.10526315789473684,0.06451612903225806,rac,0.06451612903225806,0.12258064516129033,4,8.336209746196786,
31,0.0967741935483871,0.6129032258064516,0.2903225806451613,0.0,0.10526315789473684,0.06451612903225806,rac_interval_cost,0.06451612903225806,0.12258064516129033,4,8.336209746196786,
31,0.16129032258064516,0.6129032258064516,0.22580645161290322,0.0,0.10526315789473684,0.06451612903225806,risktriage,0.06451612903225806,0.10967741935483873,4,8.336209746196786,
31,0.0967741935483871,0.5161290322580645,0.3870967741935484,0.0,0.0,0.0,crc,0.0,0.0774193548387097,4,10.639978699680519,
31,0.0967741935483871,0.5161290322580645,0.3870967741935484,0.0,0.0,0.0,rac,0.0,0.0774193548387097,4,10.639978699680519,
31,0.0967741935483871,0.5161290322580645,0.3870967741935484,0.0,0.0,0.0,rac_interval_cost,0.0,0.0774193548387097,4,10.639978699680519,
31,0.0967741935483871,0.5806451612903226,0.3225806451612903,0.0,0.1111111111111111,0.06451612903225806,risktriage,0.06451612903225806,0.12903225806451613,4,10.639978699680519,
31,0.0967741935483871,0.4838709677419355,0.41935483870967744,0.0,0.0,0.0,crc,0.0,0.0838709677419355,4,13.58041006361488,
31,0.0967741935483871,0.4838709677419355,0.41935483870967744,0.0,0.0,0.0,rac,0.0,0.0838709677419355,4,13.58041006361488,
31,0.0967741935483871,0.4838709677419355,0.41935483870967744,0.0,0.0,0.0,rac_interval_cost,0.0,0.0838709677419355,4,13.58041006361488,
31,0.0967741935483871,0.5161290322580645,0.3870967741935484,0.0,0.0,0.0,risktriage,0.0,0.0774193548387097,4,13.58041006361488,
31,0.06451612903225806,0.41935483870967744,0.5161290322580645,0.0,0.0,0.0,crc,0.0,0.10322580645161293,4,17.33344987819098,
31,0.06451612903225806,0.41935483870967744,0.5161290322580645,0.0,0.0,0.0,rac,0.0,0.10322580645161293,4,17.33344987819098,
31,0.06451612903225806,0.41935483870967744,0.5161290322580645,0.0,0.0,0.0,rac_interval_cost,0.0,0.10322580645161293,4,17.33344987819098,
31,0.0967741935483871,0.4838709677419355,0.41935483870967744,0.0,0.0,0.0,risktriage,0.0,0.0838709677419355,4,17.33344987819098,
31,0.03225806451612903,0.3870967741935484,0.5806451612903226,0.0,0.0,0.0,crc,0.0,0.11612903225806456,4,22.123668083096536,
31,0.03225806451612903,0.3870967741935484,0.5806451612903226,0.0,0.0,0.0,rac,0.0,0.11612903225806456,4,22.123668083096536,
31,0.03225806451612903,0.3870967741935484,0.5806451612903226,0.0,0.0,0.0,rac_interval_cost,0.0,0.11612903225806456,4,22.123668083096536,
31,0.06451612903225806,0.41935483870967744,0.5161290322580645,0.0,0.0,0.0,risktriage,0.0,0.10322580645161293,4,22.123668083096536,
31,0.0,0.3225806451612903,0.6774193548387096,,0.0,0.0,crc,0.0,0.13548387096774198,4,28.237696066889708,
31,0.0,0.3225806451612903,0.6774193548387096,,0.0,0.0,rac,0.0,0.13548387096774198,4,28.237696066889708,
31,0.0,0.3225806451612903,0.6774193548387096,,0.0,0.0,rac_interval_cost,0.0,0.13548387096774198,4,28.237696066889708,
31,0.03225806451612903,0.3870967741935484,0.5806451612903226,0.0,0.0,0.0,risktriage,0.0,0.11612903225806456,4,28.237696066889708,
31,0.0,0.22580645161290322,0.7741935483870968,,0.0,0.0,crc,0.0,0.15483870967741942,4,36.04137777565305,
31,0.0,0.22580645161290322,0.7741935483870968,,0.0,0.0,rac,0.0,0.15483870967741942,4,36.04137777565305,
31,0.0,0.22580645161290322,0.7741935483870968,,0.0,0.0,rac_interval_cost,0.0,0.15483870967741942,4,36.04137777565305,
31,0.0,0.2903225806451613,0.7096774193548387,,0.0,0.0,risktriage,0.0,0.14193548387096777,4,36.04137777565305,
31,0.0,0.16129032258064516,0.8387096774193549,,0.0,0.0,crc,0.0,0.167741935483871,4,46.00166064859885,
31,0.0,0.16129032258064516,0.8387096774193549,,0.0,0.0,rac,0.0,0.167741935483871,4,46.00166064859885,
31,0.0,0.16129032258064516,0.8387096774193549,,0.0,0.0,rac_interval_cost,0.0,0.167741935483871,4,46.00166064859885,
31,0.0,0.1935483870967742,0.8064516129032258,,0.0,0.0,risktriage,0.0,0.16129032258064518,4,46.00166064859885,
31,0.0,0.12903225806451613,0.8709677419354839,,0.0,0.0,crc,0.0,0.1741935483870968,4,58.71453626443694,
31,0.0,0.12903225806451613,0.8709677419354839,,0.0,0.0,rac,0.0,0.1741935483870968,4,58.71453626443694,
31,0.0,0.12903225806451613,0.8709677419354839,,0.0,0.0,rac_interval_cost,0.0,0.1741935483870968,4,58.71453626443694,
31,0.0,0.12903225806451613,0.8709677419354839,,0.0,0.0,risktriage,0.0,0.1741935483870968,4,58.71453626443694,
31,0.0,0.0967741935483871,0.9032258064516129,,0.0,0.0,crc,0.0,0.18064516129032263,4,74.94070257772044,
31,0.0,0.0967741935483871,0.9032258064516129,,0.0,0.0,rac,0.0,0.18064516129032263,4,74.94070257772044,
31,0.0,0.0967741935483871,0.9032258064516129,,0.0,0.0,rac_interval_cost,0.0,0.18064516129032263,4,74.94070257772044,
31,0.0,0.12903225806451613,0.8709677419354839,,0.0,0.0,risktriage,0.0,0.1741935483870968,4,74.94070257772044,
31,0.0,0.06451612903225806,0.9354838709677419,,0.0,0.0,crc,0.0,0.18709677419354845,4,95.65108165972202,
31,0.0,0.06451612903225806,0.9354838709677419,,0.0,0.0,rac,0.0,0.18709677419354845,4,95.65108165972202,
31,0.0,0.06451612903225806,0.9354838709677419,,0.0,0.0,rac_interval_cost,0.0,0.18709677419354845,4,95.65108165972202,
31,0.0,0.06451612903225806,0.9354838709677419,,0.0,0.0,risktriage,0.0,0.18709677419354845,4,95.65108165972202,
31,0.1935483870967742,0.8064516129032258,0.0,0.0,0.24,0.1935483870967742,uncertainty,0.1935483870967742,0.1935483870967742,4,0.0,
31,0.1935483870967742,0.7419354838709677,0.06451612903225806,0.0,0.2608695652173913,0.1935483870967742,uncertainty,0.1935483870967742,0.2064516129032258,4,0.05,
31,0.1935483870967742,0.7096774193548387,0.0967741935483871,0.0,0.22727272727272727,0.16129032258064516,uncertainty,0.16129032258064516,0.1806451612903226,4,0.1,
31,0.16129032258064516,0.6774193548387096,0.16129032258064516,0.0,0.23809523809523808,0.16129032258064516,uncertainty,0.16129032258064516,0.1935483870967742,4,0.15000000000000002,
31,0.12903225806451613,0.6774193548387096,0.1935483870967742,0.0,0.23809523809523808,0.16129032258064516,uncertainty,0.16129032258064516,0.2,4,0.2,
31,0.12903225806451613,0.6129032258064516,0.25806451612903225,0.0,0.21052631578947367,0.12903225806451613,uncertainty,0.12903225806451613,0.1806451612903226,4,0.25,
31,0.12903225806451613,0.5806451612903226,0.2903225806451613,0.0,0.2222222222222222,0.12903225806451613,uncertainty,0.12903225806451613,0.18709677419354845,4,0.30000000000000004,
31,0.12903225806451613,0.5161290322580645,0.3548387096774194,0.0,0.1875,0.0967741935483871,uncertainty,0.0967741935483871,0.16774193548387098,4,0.35000000000000003,
31,0.0967741935483871,0.5161290322580645,0.3870967741935484,0.0,0.1875,0.0967741935483871,uncertainty,0.0967741935483871,0.1741935483870968,4,0.4,
31,0.0967741935483871,0.45161290322580644,0.45161290322580644,0.0,0.21428571428571427,0.0967741935483871,uncertainty,0.0967741935483871,0.18709677419354842,4,0.45,
31,0.06451612903225806,0.41935483870967744,0.5161290322580645,0.0,0.23076923076923078,0.0967741935483871,uncertainty,0.0967741935483871,0.20000000000000004,4,0.5,
31,0.06451612903225806,0.3870967741935484,0.5483870967741935,0.0,0.16666666666666666,0.06451612903225806,uncertainty,0.06451612903225806,0.1741935483870968,4,0.55,
31,0.03225806451612903,0.3548387096774194,0.6129032258064516,0.0,0.09090909090909091,0.03225806451612903,uncertainty,0.03225806451612903,0.15483870967741942,4,0.6000000000000001,
31,0.0,0.3548387096774194,0.6451612903225806,,0.09090909090909091,0.03225806451612903,uncertainty,0.03225806451612903,0.16129032258064518,4,0.65,
31,0.0,0.2903225806451613,0.7096774193548387,,0.1111111111111111,0.03225806451612903,uncertainty,0.03225806451612903,0.1741935483870968,4,0.7000000000000001,
31,0.0,0.25806451612903225,0.7419354838709677,,0.125,0.03225806451612903,uncertainty,0.03225806451612903,0.18064516129032263,4,0.75,
31,0.0,0.1935483870967742,0.8064516129032258,,0.0,0.0,uncertainty,0.0,0.16129032258064518,4,0.8,
31,0.0,0.16129032258064516,0.8387096774193549,,0.0,0.0,uncertainty,0.0,0.167741935483871,4,0.8500000000000001,
31,0.0,0.0967741935483871,0.9032258064516129,,0.0,0.0,uncertainty,0.0,0.18064516129032263,4,0.9,
31,0.0,0.06451612903225806,0.9354838709677419,,0.0,0.0,uncertainty,0.0,0.18709677419354845,4,0.9500000000000001,
31,0.0,0.0,1.0,,,0.0,uncertainty,0.0,0.20000000000000007,4,1.0,
31,0.0,0.0967741935483871,0.9032258064516129,,0.0,0.0,split_cp,0.0,0.18064516129032263,4,0.02,1.0
31,0.0,0.0967741935483871,0.9032258064516129,,0.0,0.0,split_cp,0.0,0.18064516129032263,4,0.05,1.0
31,0.0,0.0967741935483871,0.9032258064516129,,0.0,0.0,split_cp,0.0,0.18064516129032263,4,0.08,1.0
31,0.0,0.16129032258064516,0.8387096774193549,,0.0,0.0,split_cp,0.0,0.167741935483871,4,0.11,1.0
31,0.0,0.3225806451612903,0.6774193548387096,,0.0,0.0,split_cp,0.0,0.13548387096774198,4,0.13999999999999999,0.967741935483871
31,0.03225806451612903,0.3870967741935484,0.5806451612903226,0.0,0.0,0.0,split_cp,0.0,0.11612903225806456,4,0.16999999999999998,0.967741935483871
31,0.0967741935483871,0.4838709677419355,0.41935483870967744,0.0,0.0,0.0,split_cp,0.0,0.0838709677419355,4,0.19999999999999998,0.8064516129032258
31,0.0967741935483871,0.4838709677419355,0.41935483870967744,0.0,0.0,0.0,split_cp,0.0,0.0838709677419355,4,0.22999999999999998,0.8064516129032258
31,0.0967741935483871,0.4838709677419355,0.41935483870967744,0.0,0.0,0.0,split_cp,0.0,0.0838709677419355,4,0.26,0.7419354838709677
31,0.0967741935483871,0.4838709677419355,0.41935483870967744,0.0,0.0,0.0,split_cp,0.0,0.0838709677419355,4,0.29000000000000004,0.7419354838709677
31,0.0967741935483871,0.5161290322580645,0.3870967741935484,0.0,0.0,0.0,split_cp,0.0,0.0774193548387097,4,0.32,0.6774193548387096
31,0.0967741935483871,0.5161290322580645,0.3870967741935484,0.0,0.0,0.0,split_cp,0.0,0.0774193548387097,4,0.35,0.6451612903225806
31,0.0967741935483871,0.5161290322580645,0.3870967741935484,0.0,0.0,0.0,split_cp,0.0,0.0774193548387097,4,0.38,0.6451612903225806
31,0.0967741935483871,0.5161290322580645,0.3870967741935484,0.0,0.0,0.0,split_cp,0.0,0.0774193548387097,4,0.41000000000000003,0.6451612903225806
31,0.0967741935483871,0.5161290322580645,0.3870967741935484,0.0,0.0,0.0,split_cp,0.0,0.0774193548387097,4,0.44,0.6451612903225806
31,0.0967741935483871,0.6129032258064516,0.2903225806451613,0.0,0.10526315789473684,0.06451612903225806,split_cp,0.06451612903225806,0.12258064516129033,4,0.47,0.5483870967741935
31,0.12903225806451613,0.6129032258064516,0.25806451612903225,0.0,0.10526315789473684,0.06451612903225806,split_cp,0.06451612903225806,0.11612903225806452,4,0.5,0.5161290322580645
29,0.1724137931034483,0.8275862068965517,0.0,0.0,0.08333333333333333,0.06896551724137931,crc,0.06896551724137931,0.06896551724137931,5,0.0,
29,0.1724137931034483,0.8275862068965517,0.0,0.0,0.08333333333333333,0.06896551724137931,rac,0.06896551724137931,0.06896551724137931,5,0.0,
29,0.1724137931034483,0.8275862068965517,0.0,0.0,0.08333333333333333,0.06896551724137931,rac_interval_cost,0.06896551724137931,0.06896551724137931,5,0.0,
29,0.1724137931034483,0.8275862068965517,0.0,0.0,0.08333333333333333,0.06896551724137931,risktriage,0.06896551724137931,0.06896551724137931,5,0.0,
29,0.1724137931034483,0.8275862068965517,0.0,0.0,0.08333333333333333,0.06896551724137931,crc,0.06896551724137931,0.06896551724137931,5,0.001,
29,0.1724137931034483,0.8275862068965517,0.0,0.0,0.08333333333333333,0.06896551724137931,rac,0.06896551724137931,0.06896551724137931,5,0.001,
29,0.1724137931034483,0.8275862068965517,0.0,0.0,0.08333333333333333,0.06896551724137931,rac_interval_cost,0.06896551724137931,0.06896551724137931,5,0.001,
29,0.1724137931034483,0.8275862068965517,0.0,0.0,0.08333333333333333,0.06896551724137931,risktriage,0.06896551724137931,0.06896551724137931,5,0.001,
29,0.1724137931034483,0.8275862068965517,0.0,0.0,0.08333333333333333,0.06896551724137931,crc,0.06896551724137931,0.06896551724137931,5,0.0012744959554200454,
29,0.1724137931034483,0.8275862068965517,0.0,0.0,0.08333333333333333,0.06896551724137931,rac,0.06896551724137931,0.06896551724137931,5,0.0012744959554200454,
29,0.1724137931034483,0.8275862068965517,0.0,0.0,0.08333333333333333,0.06896551724137931,rac_interval_cost,0.06896551724137931,0.06896551724137931,5,0.0012744959554200454,
29,0.1724137931034483,0.8275862068965517,0.0,0.0,0.08333333333333333,0.06896551724137931,risktriage,0.06896551724137931,0.06896551724137931,5,0.0012744959554200454,
29,0.1724137931034483,0.8275862068965517,0.0,0.0,0.08333333333333333,0.06896551724137931,crc,0.06896551724137931,0.06896551724137931,5,0.0016243399403820544,
29,0.1724137931034483,0.8275862068965517,0.0,0.0,0.08333333333333333,0.06896551724137931,rac,0.06896551724137931,0.06896551724137931,5,0.0016243399403820544,
29,0.1724137931034483,0.8275862068965517,0.0,0.0,0.08333333333333333,0.06896551724137931,rac_interval_cost,0.06896551724137931,0.06896551724137931,5,0.0016243399403820544,
29,0.1724137931034483,0.8275862068965517,0.0,0.0,0.08333333333333333,0.06896551724137931,risktriage,0.06896551724137931,0.06896551724137931,5,0.0016243399403820544,
29,0.1724137931034483,0.8275862068965517,0.0,0.0,0.08333333333333333,0.06896551724137931,crc,0.06896551724137931,0.06896551724137931,5,0.002070214684244166,
29,0.1724137931034483,0.8275862068965517,0.0,0.0,0.08333333333333333,0.06896551724137931,rac,0.06896551724137931,0.06896551724137931,5,0.002070214684244166,
29,0.1724137931034483,0.8275862068965517,0.0,0.0,0.08333333333333333,0.06896551724137931,rac_interval_cost,0.06896551724137931,0.06896551724137931,5,0.002070214684244166,
29,0.1724137931034483,0.8275862068965517,0.0,0.0,0.08333333333333333,0.06896551724137931,risktriage,0.06896551724137931,0.06896551724137931,5,0.002070214684244166,
29,0.1724137931034483,0.8275862068965517,0.0,0.0,0.08333333333333333,0.06896551724137931,crc,0.06896551724137931,0.06896551724137931,5,0.0026384802419203734,
29,0.1724137931034483,0.8275862068965517,0.0,0.0,0.08333333333333333,0.06896551724137931,rac,0.06896551724137931,0.06896551724137931,5,0.0026384802419203734,
29,0.1724137931034483,0.8275862068965517,0.0,0.0,0.08333333333333333,0.06896551724137931,rac_interval_cost,0.06896551724137931,0.06896551724137931,5,0.0026384802419203734,
29,0.1724137931034483,0.8275862068965517,0.0,0.0,0.08333333333333333,0.06896551724137931,risktriage,0.06896551724137931,0.06896551724137931,5,0.0026384802419203734,
29,0.1724137931034483,0.8275862068965517,0.0,0.0,0.08333333333333333,0.06896551724137931,crc,0.06896551724137931,0.06896551724137931,5,0.0033627323967832193,
29,0.1724137931034483,0.8275862068965517,0.0,0.0,0.08333333333333333,0.06896551724137931,rac,0.06896551724137931,0.06896551724137931,5,0.0033627323967832193,
29,0.1724137931034483,0.8275862068965517,0.0,0.0,0.08333333333333333,0.06896551724137931,rac_interval_cost,0.06896551724137931,0.06896551724137931,5,0.0033627323967832193,
29,0.1724137931034483,0.8275862068965517,0.0,0.0,0.08333333333333333,0.06896551724137931,risktriage,0.06896551724137931,0.06896551724137931,5,0.0033627323967832193,
29,0.1724137931034483,0.8275862068965517,0.0,0.0,0.08333333333333333,0.06896551724137931,crc,0.06896551724137931,0.06896551724137931,5,0.004285788838860168,
29,0.1724137931034483,0.8275862068965517,0.0,0.0,0.08333333333333333,0.06896551724137931,rac,0.06896551724137931,0.06896551724137931,5,0.004285788838860168,
29,0.1724137931034483,0.8275862068965517,0.0,0.0,0.08333333333333333,0.06896551724137931,rac_interval_cost,0.06896551724137931,0.06896551724137931,5,0.004285788838860168,
29,0.1724137931034483,0.8275862068965517,0.0,0.0,0.08333333333333333,0.06896551724137931,risktriage,0.06896551724137931,0.06896551724137931,5,0.004285788838860168,
29,0.1724137931034483,0.8275862068965517,0.0,0.0,0.08333333333333333,0.06896551724137931,crc,0.06896551724137931,0.06896551724137931,5,0.005462220540911658,
29,0.1724137931034483,0.8275862068965517,0.0,0.0,0.08333333333333333,0.06896551724137931,rac,0.06896551724137931,0.06896551724137931,5,0.005462220540911658,
29,0.1724137931034483,0.8275862068965517,0.0,0.0,0.08333333333333333,0.06896551724137931,rac_interval_cost,0.06896551724137931,0.06896551724137931,5,0.005462220540911658,
29,0.1724137931034483,0.8275862068965517,0.0,0.0,0.08333333333333333,0.06896551724137931,risktriage,0.06896551724137931,0.06896551724137931,5,0.005462220540911658,
29,0.1724137931034483,0.8275862068965517,0.0,0.0,0.08333333333333333,0.06896551724137931,crc,0.06896551724137931,0.06896551724137931,5,0.006961577987004201,
29,0.1724137931034483,0.8275862068965517,0.0,0.0,0.08333333333333333,0.06896551724137931,rac,0.06896551724137931,0.06896551724137931,5,0.006961577987004201,
29,0.1724137931034483,0.8275862068965517,0.0,0.0,0.08333333333333333,0.06896551724137931,rac_interval_cost,0.06896551724137931,0.06896551724137931,5,0.006961577987004201,
29,0.1724137931034483,0.8275862068965517,0.0,0.0,0.08333333333333333,0.06896551724137931,risktriage,0.06896551724137931,0.06896551724137931,5,0.006961577987004201,
29,0.1724137931034483,0.8275862068965517,0.0,0.0,0.08333333333333333,0.06896551724137931,crc,0.06896551724137931,0.06896551724137931,5,0.008872502987778065,
29,0.1724137931034483,0.8275862068965517,0.0,0.0,0.08333333333333333,0.06896551724137931,rac,0.06896551724137931,0.06896551724137931,5,0.008872502987778065,
29,0.1724137931034483,0.8275862068965517,0.0,0.0,0.08333333333333333,0.06896551724137931,rac_interval_cost,0.06896551724137931,0.06896551724137931,5,0.008872502987778065,
29,0.1724137931034483,0.8275862068965517,0.0,0.0,0.08333333333333333,0.06896551724137931,risktriage,0.06896551724137931,0.06896551724137931,5,0.008872502987778065,
29,0.1724137931034483,0.8275862068965517,0.0,0.0,0.08333333333333333,0.06896551724137931,crc,0.06896551724137931,0.06896551724137931,5,0.011307969172375419,
29,0.1724137931034483,0.8275862068965517,0.0,0.0,0.08333333333333333,0.06896551724137931,rac,0.06896551724137931,0.06896551724137931,5,0.011307969172375419,
29,0.1724137931034483,0.8275862068965517,0.0,0.0,0.08333333333333333,0.06896551724137931,rac_interval_cost,0.06896551724137931,0.06896551724137931,5,0.011307969172375419,
29,0.1724137931034483,0.8275862068965517,0.0,0.0,0.08333333333333333,0.06896551724137931,risktriage,0.06896551724137931,0.06896551724137931,5,0.011307969172375419,
29,0.1724137931034483,0.8275862068965517,0.0,0.0,0.08333333333333333,0.06896551724137931,crc,0.06896551724137931,0.06896551724137931,5,0.01441196097420703,
29,0.1724137931034483,0.8275862068965517,0.0,0.0,0.08333333333333333,0.06896551724137931,rac,0.06896551724137931,0.06896551724137931,5,0.01441196097420703,
29,0.1724137931034483,0.8275862068965517,0.0,0.0,0.08333333333333333,0.06896551724137931,rac_interval_cost,0.06896551724137931,0.06896551724137931,5,0.01441196097420703,
29,0.1724137931034483,0.8275862068965517,0.0,0.0,0.08333333333333333,0.06896551724137931,risktriage,0.06896551724137931,0.06896551724137931,5,0.01441196097420703,
29,0.1724137931034483,0.8275862068965517,0.0,0.0,0.08333333333333333,0.06896551724137931,crc,0.06896551724137931,0.06896551724137931,5,0.01836798597129839,
29,0.1724137931034483,0.8275862068965517,0.0,0.0,0.08333333333333333,0.06896551724137931,rac,0.06896551724137931,0.06896551724137931,5,0.01836798597129839,
29,0.1724137931034483,0.8275862068965517,0.0,0.0,0.08333333333333333,0.06896551724137931,rac_interval_cost,0.06896551724137931,0.06896551724137931,5,0.01836798597129839,
29,0.1724137931034483,0.8275862068965517,0.0,0.0,0.08333333333333333,0.06896551724137931,risktriage,0.06896551724137931,0.06896551724137931,5,0.01836798597129839,
29,0.1724137931034483,0.8275862068965517,0.0,0.0,0.08333333333333333,0.06896551724137931,crc,0.06896551724137931,0.06896551724137931,5,0.023409923829631932,
29,0.1724137931034483,0.8275862068965517,0.0,0.0,0.08333333333333333,0.06896551724137931,rac,0.06896551724137931,0.06896551724137931,5,0.023409923829631932,
29,0.1724137931034483,0.8275862068965517,0.0,0.0,0.08333333333333333,0.06896551724137931,rac_interval_cost,0.06896551724137931,0.06896551724137931,5,0.023409923829631932,
29,0.1724137931034483,0.8275862068965517,0.0,0.0,0.08333333333333333,0.06896551724137931,risktriage,0.06896551724137931,0.06896551724137931,5,0.023409923829631932,
29,0.1724137931034483,0.8275862068965517,0.0,0.0,0.08333333333333333,0.06896551724137931,crc,0.06896551724137931,0.06896551724137931,5,0.02983585323755724,
29,0.1724137931034483,0.8275862068965517,0.0,0.0,0.08333333333333333,0.06896551724137931,rac,0.06896551724137931,0.06896551724137931,5,0.02983585323755724,
29,0.1724137931034483,0.8275862068965517,0.0,0.0,0.08333333333333333,0.06896551724137931,rac_interval_cost,0.06896551724137931,0.06896551724137931,5,0.02983585323755724,
29,0.1724137931034483,0.8275862068965517,0.0,0.0,0.08333333333333333,0.06896551724137931,risktriage,0.06896551724137931,0.06896551724137931,5,0.02983585323755724,
29,0.1724137931034483,0.8275862068965517,0.0,0.0,0.08333333333333333,0.06896551724137931,crc,0.06896551724137931,0.06896551724137931,5,0.03802567427777275,
29,0.1724137931034483,0.8275862068965517,0.0,0.0,0.08333333333333333,0.06896551724137931,rac,0.06896551724137931,0.06896551724137931,5,0.03802567427777275,
29,0.1724137931034483,0.8275862068965517,0.0,0.0,0.08333333333333333,0.06896551724137931,rac_interval_cost,0.06896551724137931,0.06896551724137931,5,0.03802567427777275,
29,0.1724137931034483,0.8275862068965517,0.0,0.0,0.08333333333333333,0.06896551724137931,risktriage,0.06896551724137931,0.06896551724137931,5,0.03802567427777275,
29,0.1724137931034483,0.8275862068965517,0.0,0.0,0.08333333333333333,0.06896551724137931,crc,0.06896551724137931,0.06896551724137931,5,0.04846356806914143,
29,0.1724137931034483,0.8275862068965517,0.0,0.0,0.08333333333333333,0.06896551724137931,rac,0.06896551724137931,0.06896551724137931,5,0.04846356806914143,
29,0.1724137931034483,0.8275862068965517,0.0,0.0,0.08333333333333333,0.06896551724137931,rac_interval_cost,0.06896551724137931,0.06896551724137931,5,0.04846356806914143,
29,0.1724137931034483,0.8275862068965517,0.0,0.0,0.08333333333333333,0.06896551724137931,risktriage,0.06896551724137931,0.06896551724137931,5,0.04846356806914143,
29,0.1724137931034483,0.8275862068965517,0.0,0.0,0.08333333333333333,0.06896551724137931,crc,0.06896551724137931,0.06896551724137931,5,0.06176662148934481,
29,0.1724137931034483,0.8275862068965517,0.0,0.0,0.08333333333333333,0.06896551724137931,rac,0.06896551724137931,0.06896551724137931,5,0.06176662148934481,
29,0.1724137931034483,0.8275862068965517,0.0,0.0,0.08333333333333333,0.06896551724137931,rac_interval_cost,0.06896551724137931,0.06896551724137931,5,0.06176662148934481,
29,0.1724137931034483,0.8275862068965517,0.0,0.0,0.08333333333333333,0.06896551724137931,risktriage,0.06896551724137931,0.06896551724137931,5,0.06176662148934481,
29,0.1724137931034483,0.8275862068965517,0.0,0.0,0.08333333333333333,0.06896551724137931,crc,0.06896551724137931,0.06896551724137931,5,0.07872130926813078,
29,0.1724137931034483,0.8275862068965517,0.0,0.0,0.08333333333333333,0.06896551724137931,rac,0.06896551724137931,0.06896551724137931,5,0.07872130926813078,
29,0.1724137931034483,0.8275862068965517,0.0,0.0,0.08333333333333333,0.06896551724137931,rac_interval_cost,0.06896551724137931,0.06896551724137931,5,0.07872130926813078,
29,0.1724137931034483,0.8275862068965517,0.0,0.0,0.08333333333333333,0.06896551724137931,risktriage,0.06896551724137931,0.06896551724137931,5,0.07872130926813078,
29,0.1724137931034483,0.8275862068965517,0.0,0.0,0.08333333333333333,0.06896551724137931,crc,0.06896551724137931,0.06896551724137931,5,0.10032999026760323,
29,0.1724137931034483,0.8275862068965517,0.0,0.0,0.08333333333333333,0.06896551724137931,rac,0.06896551724137931,0.06896551724137931,5,0.10032999026760323,
29,0.1724137931034483,0.8275862068965517,0.0,0.0,0.08333333333333333,0.06896551724137931,rac_interval_cost,0.06896551724137931,0.06896551724137931,5,0.10032999026760323,
29,0.1724137931034483,0.8275862068965517,0.0,0.0,0.08333333333333333,0.06896551724137931,risktriage,0.06896551724137931,0.06896551724137931,5,0.10032999026760323,
29,0.1724137931034483,0.8275862068965517,0.0,0.0,0.08333333333333333,0.06896551724137931,crc,0.06896551724137931,0.06896551724137931,5,0.12787016680339283,
29,0.1724137931034483,0.8275862068965517,0.0,0.0,0.08333333333333333,0.06896551724137931,rac,0.06896551724137931,0.06896551724137931,5,0.12787016680339283,
29,0.1724137931034483,0.8275862068965517,0.0,0.0,0.08333333333333333,0.06896551724137931,rac_interval_cost,0.06896551724137931,0.06896551724137931,5,0.12787016680339283,
29,0.1724137931034483,0.8275862068965517,0.0,0.0,0.08333333333333333,0.06896551724137931,risktriage,0.06896551724137931,0.06896551724137931,5,0.12787016680339283,
29,0.1724137931034483,0.8275862068965517,0.0,0.0,0.08333333333333333,0.06896551724137931,crc,0.06896551724137931,0.06896551724137931,5,0.16297001040981074,
29,0.1724137931034483,0.8275862068965517,0.0,0.0,0.08333333333333333,0.06896551724137931,rac,0.06896551724137931,0.06896551724137931,5,0.16297001040981074,
29,0.1724137931034483,0.8275862068965517,0.0,0.0,0.08333333333333333,0.06896551724137931,rac_interval_cost,0.06896551724137931,0.06896551724137931,5,0.16297001040981074,
29,0.1724137931034483,0.8275862068965517,0.0,0.0,0.08333333333333333,0.06896551724137931,risktriage,0.06896551724137931,0.06896551724137931,5,0.16297001040981074,
29,0.1724137931034483,0.8275862068965517,0.0,0.0,0.08333333333333333,0.06896551724137931,crc,0.06896551724137931,0.06896551724137931,5,0.20770461912206648,
29,0.1724137931034483,0.8275862068965517,0.0,0.0,0.08333333333333333,0.06896551724137931,rac,0.06896551724137931,0.06896551724137931,5,0.20770461912206648,
29,0.1724137931034483,0.8275862068965517,0.0,0.0,0.08333333333333333,0.06896551724137931,rac_interval_cost,0.06896551724137931,0.06896551724137931,5,0.20770461912206648,
29,0.1724137931034483,0.8275862068965517,0.0,0.0,0.08333333333333333,0.06896551724137931,risktriage,0.06896551724137931,0.06896551724137931,5,0.20770461912206648,
29,0.1724137931034483,0.8275862068965517,0.0,0.0,0.08333333333333333,0.06896551724137931,crc,0.06896551724137931,0.06896551724137931,5,0.2647186969931345,
29,0.1724137931034483,0.8275862068965517,0.0,0.0,0.08333333333333333,0.06896551724137931,rac,0.06896551724137931,0.06896551724137931,5,0.2647186969931345,
29,0.1724137931034483,0.8275862068965517,0.0,0.0,0.08333333333333333,0.06896551724137931,rac_interval_cost,0.06896551724137931,0.06896551724137931,5,0.2647186969931345,
29,0.1724137931034483,0.8275862068965517,0.0,0.0,0.08333333333333333,0.06896551724137931,risktriage,0.06896551724137931,0.06896551724137931,5,0.2647186969931345,
29,0.1724137931034483,0.8275862068965517,0.0,0.0,0.08333333333333333,0.06896551724137931,crc,0.06896551724137931,0.06896551724137931,5,0.33738290864181447,
29,0.1724137931034483,0.8275862068965517,0.0,0.0,0.08333333333333333,0.06896551724137931,rac,0.06896551724137931,0.06896551724137931,5,0.33738290864181447,
29,0.1724137931034483,0.8275862068965517,0.0,0.0,0.08333333333333333,0.06896551724137931,rac_interval_cost,0.06896551724137931,0.06896551724137931,5,0.33738290864181447,
29,0.1724137931034483,0.8275862068965517,0.0,0.0,0.08333333333333333,0.06896551724137931,risktriage,0.06896551724137931,0.06896551724137931,5,0.33738290864181447,
29,0.1724137931034483,0.7931034482758621,0.034482758620689655,0.0,0.043478260869565216,0.034482758620689655,crc,0.034482758620689655,0.041379310344827586,5,0.4299931524918432,
29,0.1724137931034483,0.7931034482758621,0.034482758620689655,0.0,0.043478260869565216,0.034482758620689655,rac,0.034482758620689655,0.041379310344827586,5,0.4299931524918432,
29,0.1724137931034483,0.7931034482758621,0.034482758620689655,0.0,0.043478260869565216,0.034482758620689655,rac_interval_cost,0.034482758620689655,0.041379310344827586,5,0.4299931524918432,
29,0.1724137931034483,0.7931034482758621,0.034482758620689655,0.0,0.043478260869565216,0.034482758620689655,risktriage,0.034482758620689655,0.041379310344827586,5,0.4299931524918432,
29,0.1724137931034483,0.7931034482758621,0.034482758620689655,0.0,0.043478260869565216,0.034482758620689655,crc,0.034482758620689655,0.041379310344827586,5,0.548024533709169,
29,0.1724137931034483,0.7931034482758621,0.034482758620689655,0.0,0.043478260869565216,0.034482758620689655,rac,0.034482758620689655,0.041379310344827586,5,0.548024533709169,
29,0.1724137931034483,0.7931034482758621,0.034482758620689655,0.0,0.043478260869565216,0.034482758620689655,rac_interval_cost,0.034482758620689655,0.041379310344827586,5,0.548024533709169,
29,0.1724137931034483,0.7931034482758621,0.034482758620689655,0.0,0.043478260869565216,0.034482758620689655,risktriage,0.034482758620689655,0.041379310344827586,5,0.548024533709169,
29,0.1724137931034483,0.7931034482758621,0.034482758620689655,0.0,0.043478260869565216,0.034482758620689655,crc,0.034482758620689655,0.041379310344827586,5,0.6984550516832922,
29,0.1724137931034483,0.7931034482758621,0.034482758620689655,0.0,0.043478260869565216,0.034482758620689655,rac,0.034482758620689655,0.041379310344827586,5,0.6984550516832922,
29,0.1724137931034483,0.7931034482758621,0.034482758620689655,0.0,0.043478260869565216,0.034482758620689655,rac_interval_cost,0.034482758620689655,0.041379310344827586,5,0.6984550516832922,
29,0.1724137931034483,0.7931034482758621,0.034482758620689655,0.0,0.043478260869565216,0.034482758620689655,risktriage,0.034482758620689655,0.041379310344827586,5,0.6984550516832922,
29,0.1724137931034483,0.7931034482758621,0.034482758620689655,0.0,0.043478260869565216,0.034482758620689655,crc,0.034482758620689655,0.041379310344827586,5,0.8901781384130548,
29,0.1724137931034483,0.7931034482758621,0.034482758620689655,0.0,0.043478260869565216,0.034482758620689655,rac,0.034482758620689655,0.041379310344827586,5,0.8901781384130548,
29,0.1724137931034483,0.7931034482758621,0.034482758620689655,0.0,0.043478260869565216,0.034482758620689655,rac_interval_cost,0.034482758620689655,0.041379310344827586,5,0.8901781384130548,
29,0.1724137931034483,0.7931034482758621,0.034482758620689655,0.0,0.043478260869565216,0.034482758620689655,risktriage,0.034482758620689655,0.041379310344827586,5,0.8901781384130548,
29,0.1724137931034483,0.7931034482758621,0.034482758620689655,0.0,0.043478260869565216,0.034482758620689655,crc,0.034482758620689655,0.041379310344827586,5,1.1345284370107827,
29,0.1724137931034483,0.7931034482758621,0.034482758620689655,0.0,0.043478260869565216,0.034482758620689655,rac,0.034482758620689655,0.041379310344827586,5,1.1345284370107827,
29,0.1724137931034483,0.7931034482758621,0.034482758620689655,0.0,0.043478260869565216,0.034482758620689655,rac_interval_cost,0.034482758620689655,0.041379310344827586,5,1.1345284370107827,
29,0.1724137931034483,0.7931034482758621,0.034482758620689655,0.0,0.043478260869565216,0.034482758620689655,risktriage,0.034482758620689655,0.041379310344827586,5,1.1345284370107827,
29,0.1724137931034483,0.7931034482758621,0.034482758620689655,0.0,0.043478260869565216,0.034482758620689655,crc,0.034482758620689655,0.041379310344827586,5,1.4459519042792681,
29,0.1724137931034483,0.7931034482758621,0.034482758620689655,0.0,0.043478260869565216,0.034482758620689655,rac,0.034482758620689655,0.041379310344827586,5,1.4459519042792681,
29,0.1724137931034483,0.7931034482758621,0.034482758620689655,0.0,0.043478260869565216,0.034482758620689655,rac_interval_cost,0.034482758620689655,0.041379310344827586,5,1.4459519042792681,
29,0.1724137931034483,0.7931034482758621,0.034482758620689655,0.0,0.043478260869565216,0.034482758620689655,risktriage,0.034482758620689655,0.041379310344827586,5,1.4459519042792681,
29,0.1724137931034483,0.7931034482758621,0.034482758620689655,0.0,0.043478260869565216,0.034482758620689655,crc,0.034482758620689655,0.041379310344827586,5,1.84285985373584,
29,0.1724137931034483,0.7931034482758621,0.034482758620689655,0.0,0.043478260869565216,0.034482758620689655,rac,0.034482758620689655,0.041379310344827586,5,1.84285985373584,
29,0.1724137931034483,0.7931034482758621,0.034482758620689655,0.0,0.043478260869565216,0.034482758620689655,rac_interval_cost,0.034482758620689655,0.041379310344827586,5,1.84285985373584,
29,0.1724137931034483,0.7931034482758621,0.034482758620689655,0.0,0.043478260869565216,0.034482758620689655,risktriage,0.034482758620689655,0.041379310344827586,5,1.84285985373584,
29,0.1724137931034483,0.7586206896551724,0.06896551724137931,0.0,0.045454545454545456,0.034482758620689655,crc,0.034482758620689655,0.04827586206896552,5,2.3487174299923046,
29,0.1724137931034483,0.7586206896551724,0.06896551724137931,0.0,0.045454545454545456,0.034482758620689655,rac,0.034482758620689655,0.04827586206896552,5,2.3487174299923046,
29,0.1724137931034483,0.7586206896551724,0.06896551724137931,0.0,0.045454545454545456,0.034482758620689655,rac_interval_cost,0.034482758620689655,0.04827586206896552,5,2.3487174299923046,
29,0.1724137931034483,0.7931034482758621,0.034482758620689655,0.0,0.043478260869565216,0.034482758620689655,risktriage,0.034482758620689655,0.041379310344827586,5,2.3487174299923046,
29,0.1724137931034483,0.7586206896551724,0.06896551724137931,0.0,0.045454545454545456,0.034482758620689655,crc,0.034482758620689655,0.04827586206896552,5,2.993430864949756,
29,0.1724137931034483,0.7586206896551724,0.06896551724137931,0.0,0.045454545454545456,0.034482758620689655,rac,0.034482758620689655,0.04827586206896552,5,2.993430864949756,
29,0.1724137931034483,0.7586206896551724,0.06896551724137931,0.0,0.045454545454545456,0.034482758620689655,rac_interval_cost,0.034482758620689655,0.04827586206896552,5,2.993430864949756,
29,0.1724137931034483,0.7586206896551724,0.06896551724137931,0.0,0.045454545454545456,0.034482758620689655,risktriage,0.034482758620689655,0.04827586206896552,5,2.993430864949756,
29,0.1724137931034483,0.7586206896551724,0.06896551724137931,0.0,0.045454545454545456,0.034482758620689655,crc,0.034482758620689655,0.04827586206896552,5,3.815115530207992,
29,0.1724137931034483,0.7586206896551724,0.06896551724137931,0.0,0.045454545454545456,0.034482758620689655,rac,0.034482758620689655,0.04827586206896552,5,3.815115530207992,
29,0.1724137931034483,0.7586206896551724,0.06896551724137931,0.0,0.045454545454545456,0.034482758620689655,rac_interval_cost,0.034482758620689655,0.04827586206896552,5,3.815115530207992,
29,0.1724137931034483,0.7586206896551724,0.06896551724137931,0.0,0.045454545454545456,0.034482758620689655,risktriage,0.034482758620689655,0.04827586206896552,5,3.815115530207992,
29,0.1724137931034483,0.7586206896551724,0.06896551724137931,0.0,0.045454545454545456,0.034482758620689655,crc,0.034482758620689655,0.04827586206896552,5,4.862349312710289,
29,0.1724137931034483,0.7586206896551724,0.06896551724137931,0.0,0.045454545454545456,0.034482758620689655,rac,0.034482758620689655,0.04827586206896552,5,4.862349312710289,
29,0.1724137931034483,0.7586206896551724,0.06896551724137931,0.0,0.045454545454545456,0.034482758620689655,rac_interval_cost,0.034482758620689655,0.04827586206896552,5,4.862349312710289,
29,0.1724137931034483,0.7586206896551724,0.06896551724137931,0.0,0.045454545454545456,0.034482758620689655,risktriage,0.034482758620689655,0.04827586206896552,5,4.862349312710289,
29,0.1724137931034483,0.7586206896551724,0.06896551724137931,0.0,0.045454545454545456,0.034482758620689655,crc,0.034482758620689655,0.04827586206896552,5,6.197044532888694,
29,0.1724137931034483,0.7586206896551724,0.06896551724137931,0.0,0.045454545454545456,0.034482758620689655,rac,0.034482758620689655,0.04827586206896552,5,6.197044532888694,
29,0.1724137931034483,0.7586206896551724,0.06896551724137931,0.0,0.045454545454545456,0.034482758620689655,rac_interval_cost,0.034482758620689655,0.04827586206896552,5,6.197044532888694,
29,0.1724137931034483,0.7586206896551724,0.06896551724137931,0.0,0.045454545454545456,0.034482758620689655,risktriage,0.034482758620689655,0.04827586206896552,5,6.197044532888694,
29,0.13793103448275862,0.7586206896551724,0.10344827586206896,0.0,0.045454545454545456,0.034482758620689655,crc,0.034482758620689655,0.055172413793103454,5,7.898108192724545,
29,0.13793103448275862,0.7586206896551724,0.10344827586206896,0.0,0.045454545454545456,0.034482758620689655,rac,0.034482758620689655,0.055172413793103454,5,7.898108192724545,
29,0.13793103448275862,0.7586206896551724,0.10344827586206896,0.0,0.045454545454545456,0.034482758620689655,rac_interval_cost,0.034482758620689655,0.055172413793103454,5,7.898108192724545,
29,0.13793103448275862,0.7586206896551724,0.10344827586206896,0.0,0.045454545454545456,0.034482758620689655,risktriage,0.034482758620689655,0.055172413793103454,5,7.898108192724545,
29,0.10344827586206896,0.7241379310344828,0.1724137931034483,0.0,0.047619047619047616,0.034482758620689655,crc,0.034482758620689655,0.06896551724137931,5,10.066106947097358,
29,0.10344827586206896,0.7241379310344828,0.1724137931034483,0.0,0.047619047619047616,0.034482758620689655,rac,0.034482758620689655,0.06896551724137931,5,10.066106947097358,
29,0.10344827586206896,0.7241379310344828,0.1724137931034483,0.0,0.047619047619047616,0.034482758620689655,rac_interval_cost,0.034482758620689655,0.06896551724137931,5,10.066106947097358,
29,0.13793103448275862,0.7586206896551724,0.10344827586206896,0.0,0.045454545454545456,0.034482758620689655,risktriage,0.034482758620689655,0.055172413793103454,5,10.066106947097358,
29,0.034482758620689655,0.7241379310344828,0.2413793103448276,0.0,0.047619047619047616,0.034482758620689655,crc,0.034482758620689655,0.08275862068965519,5,12.829212590901204,
29,0.034482758620689655,0.7241379310344828,0.2413793103448276,0.0,0.047619047619047616,0.034482758620689655,rac,0.034482758620689655,0.08275862068965519,5,12.829212590901204,
29,0.034482758620689655,0.7241379310344828,0.2413793103448276,0.0,0.047619047619047616,0.034482758620689655,rac_interval_cost,0.034482758620689655,0.08275862068965519,5,12.829212590901204,
29,0.10344827586206896,0.7241379310344828,0.1724137931034483,0.0,0.047619047619047616,0.034482758620689655,risktriage,0.034482758620689655,0.06896551724137931,5,12.829212590901204,
29,0.034482758620689655,0.6206896551724138,0.3448275862068966,0.0,0.05555555555555555,0.034482758620689655,crc,0.034482758620689655,0.10344827586206896,5,16.350779558327506,
29,0.034482758620689655,0.6206896551724138,0.3448275862068966,0.0,0.05555555555555555,0.034482758620689655,rac,0.034482758620689655,0.10344827586206896,5,16.350779558327506,
29,0.034482758620689655,0.6206896551724138,0.3448275862068966,0.0,0.05555555555555555,0.034482758620689655,rac_interval_cost,0.034482758620689655,0.10344827586206896,5,16.350779558327506,
29,0.034482758620689655,0.7241379310344828,0.2413793103448276,0.0,0.047619047619047616,0.034482758620689655,risktriage,0.034482758620689655,0.08275862068965519,5,16.350779558327506,
29,0.0,0.5517241379310345,0.4482758620689655,,0.0625,0.034482758620689655,crc,0.034482758620689655,0.12413793103448277,5,20.839002415053166,
29,0.0,0.5517241379310345,0.4482758620689655,,0.0625,0.034482758620689655,rac,0.034482758620689655,0.12413793103448277,5,20.839002415053166,
29,0.0,0.5517241379310345,0.4482758620689655,,0.0625,0.034482758620689655,rac_interval_cost,0.034482758620689655,0.12413793103448277,5,20.839002415053166,
29,0.0,0.6206896551724138,0.3793103448275862,,0.05555555555555555,0.034482758620689655,risktriage,0.034482758620689655,0.11034482758620691,5,20.839002415053166,
29,0.0,0.4482758620689655,0.5517241379310345,,0.0,0.0,crc,0.0,0.11034482758620694,5,26.559224292973816,
29,0.0,0.4482758620689655,0.5517241379310345,,0.0,0.0,rac,0.0,0.11034482758620694,5,26.559224292973816,
29,0.0,0.4482758620689655,0.5517241379310345,,0.0,0.0,rac_interval_cost,0.0,0.11034482758620694,5,26.559224292973816,
29,0.0,0.4827586206896552,0.5172413793103449,,0.0,0.0,risktriage,0.0,0.10344827586206899,5,26.559224292973816,
29,0.0,0.41379310344827586,0.5862068965517241,,0.0,0.0,crc,0.0,0.11724137931034487,5,33.84962394048895,
29,0.0,0.41379310344827586,0.5862068965517241,,0.0,0.0,rac,0.0,0.11724137931034487,5,33.84962394048895,
29,0.0,0.41379310344827586,0.5862068965517241,,0.0,0.0,rac_interval_cost,0.0,0.11724137931034487,5,33.84962394048895,
29,0.0,0.4482758620689655,0.5517241379310345,,0.0,0.0,risktriage,0.0,0.11034482758620694,5,33.84962394048895,
29,0.0,0.3103448275862069,0.6896551724137931,,0.0,0.0,crc,0.0,0.13793103448275865,5,43.1412088046427,
29,0.0,0.3103448275862069,0.6896551724137931,,0.0,0.0,rac,0.0,0.13793103448275865,5,43.1412088046427,
29,0.0,0.3103448275862069,0.6896551724137931,,0.0,0.0,rac_interval_cost,0.0,0.13793103448275865,5,43.1412088046427,
29,0.0,0.3103448275862069,0.6896551724137931,,0.0,0.0,risktriage,0.0,0.13793103448275865,5,43.1412088046427,
29,0.0,0.1724137931034483,0.8275862068965517,,0.0,0.0,crc,0.0,0.16551724137931037,5,54.98329613344867,
29,0.0,0.1724137931034483,0.8275862068965517,,0.0,0.0,rac,0.0,0.16551724137931037,5,54.98329613344867,
29,0.0,0.1724137931034483,0.8275862068965517,,0.0,0.0,rac_interval_cost,0.0,0.16551724137931037,5,54.98329613344867,
29,0.0,0.2413793103448276,0.7586206896551724,,0.0,0.0,risktriage,0.0,0.15172413793103454,5,54.98329613344867,
29,0.0,0.10344827586206896,0.896551724137931,,0.0,0.0,crc,0.0,0.17931034482758623,5,70.07598853774294,
29,0.0,0.10344827586206896,0.896551724137931,,0.0,0.0,rac,0.0,0.17931034482758623,5,70.07598853774294,
29,0.0,0.10344827586206896,0.896551724137931,,0.0,0.0,rac_interval_cost,0.0,0.17931034482758623,5,70.07598853774294,
29,0.0,0.13793103448275862,0.8620689655172413,,0.0,0.0,risktriage,0.0,0.17241379310344832,5,70.07598853774294,
29,0.0,0.06896551724137931,0.9310344827586207,,0.0,0.0,crc,0.0,0.18620689655172418,5,89.31156396341474,
29,0.0,0.06896551724137931,0.9310344827586207,,0.0,0.0,rac,0.0,0.18620689655172418,5,89.31156396341474,
29,0.0,0.06896551724137931,0.9310344827586207,,0.0,0.0,rac_interval_cost,0.0,0.18620689655172418,5,89.31156396341474,
29,0.0,0.10344827586206896,0.896551724137931,,0.0,0.0,risktriage,0.0,0.17931034482758623,5,89.31156396341474,
29,0.1724137931034483,0.8275862068965517,0.0,0.0,0.08333333333333333,0.06896551724137931,uncertainty,0.06896551724137931,0.06896551724137931,5,0.0,
29,0.13793103448275862,0.8275862068965517,0.034482758620689655,0.0,0.08333333333333333,0.06896551724137931,uncertainty,0.06896551724137931,0.07586206896551725,5,0.05,
29,0.13793103448275862,0.7586206896551724,0.10344827586206896,0.0,0.09090909090909091,0.06896551724137931,uncertainty,0.06896551724137931,0.0896551724137931,5,0.1,
29,0.13793103448275862,0.7241379310344828,0.13793103448275862,0.0,0.047619047619047616,0.034482758620689655,uncertainty,0.034482758620689655,0.06206896551724138,5,0.15000000000000002,
29,0.13793103448275862,0.6551724137931034,0.20689655172413793,0.0,0.05263157894736842,0.034482758620689655,uncertainty,0.034482758620689655,0.07586206896551725,5,0.2,
29,0.13793103448275862,0.6206896551724138,0.2413793103448276,0.0,0.05555555555555555,0.034482758620689655,uncertainty,0.034482758620689655,0.08275862068965519,5,0.25,
29,0.13793103448275862,0.5517241379310345,0.3103448275862069,0.0,0.0625,0.034482758620689655,uncertainty,0.034482758620689655,0.09655172413793103,5,0.30000000000000004,
29,0.13793103448275862,0.5172413793103449,0.3448275862068966,0.0,0.06666666666666667,0.034482758620689655,uncertainty,0.034482758620689655,0.10344827586206896,5,0.35000000000000003,
29,0.10344827586206896,0.4827586206896552,0.41379310344827586,0.0,0.07142857142857142,0.034482758620689655,uncertainty,0.034482758620689655,0.11724137931034484,5,0.4,
29,0.10344827586206896,0.4482758620689655,0.4482758620689655,0.0,0.07692307692307693,0.034482758620689655,uncertainty,0.034482758620689655,0.12413793103448277,5,0.45,
29,0.06896551724137931,0.4482758620689655,0.4827586206896552,0.0,0.07692307692307693,0.034482758620689655,uncertainty,0.034482758620689655,0.1310344827586207,5,0.5,
29,0.034482758620689655,0.41379310344827586,0.5517241379310345,0.0,0.08333333333333333,0.034482758620689655,uncertainty,0.034482758620689655,0.1448275862068966,5,0.55,
29,0.034482758620689655,0.3793103448275862,0.5862068965517241,0.0,0.09090909090909091,0.034482758620689655,uncertainty,0.034482758620689655,0.1517241379310345,5,0.6000000000000001,
29,0.034482758620689655,0.3103448275862069,0.6551724137931034,0.0,0.1111111111111111,0.034482758620689655,uncertainty,0.034482758620689655,0.16551724137931037,5,0.65,
29,0.034482758620689655,0.27586206896551724,0.6896551724137931,0.0,0.125,0.034482758620689655,uncertainty,0.034482758620689655,0.17241379310344832,5,0.7000000000000001,
29,0.0,0.2413793103448276,0.7586206896551724,,0.14285714285714285,0.034482758620689655,uncertainty,0.034482758620689655,0.18620689655172418,5,0.75,
29,0.0,0.20689655172413793,0.7931034482758621,,0.16666666666666666,0.034482758620689655,uncertainty,0.034482758620689655,0.1931034482758621,5,0.8,
29,0.0,0.13793103448275862,0.8620689655172413,,0.25,0.034482758620689655,uncertainty,0.034482758620689655,0.20689655172413796,5,0.8500000000000001,
29,0.0,0.10344827586206896,0.896551724137931,,0.0,0.0,uncertainty,0.0,0.17931034482758623,5,0.9,
29,0.0,0.034482758620689655,0.9655172413793104,,0.0,0.0,uncertainty,0.0,0.19310344827586212,5,0.9500000000000001,
29,0.0,0.0,1.0,,,0.0,uncertainty,0.0,0.20000000000000007,5,1.0,
29,0.0,0.13793103448275862,0.8620689655172413,,0.0,0.0,split_cp,0.0,0.17241379310344832,5,0.02,0.9655172413793104
29,0.0,0.13793103448275862,0.8620689655172413,,0.0,0.0,split_cp,0.0,0.17241379310344832,5,0.05,0.9655172413793104
29,0.0,0.13793103448275862,0.8620689655172413,,0.0,0.0,split_cp,0.0,0.17241379310344832,5,0.08,0.9655172413793104
29,0.0,0.1724137931034483,0.8275862068965517,,0.0,0.0,split_cp,0.0,0.16551724137931037,5,0.11,0.9310344827586207
29,0.0,0.2413793103448276,0.7586206896551724,,0.0,0.0,split_cp,0.0,0.15172413793103454,5,0.13999999999999999,0.896551724137931
29,0.0,0.3103448275862069,0.6896551724137931,,0.0,0.0,split_cp,0.0,0.13793103448275865,5,0.16999999999999998,0.896551724137931
29,0.0,0.3103448275862069,0.6896551724137931,,0.0,0.0,split_cp,0.0,0.13793103448275865,5,0.19999999999999998,0.896551724137931
29,0.0,0.4482758620689655,0.5517241379310345,,0.0,0.0,split_cp,0.0,0.11034482758620694,5,0.22999999999999998,0.896551724137931
29,0.0,0.4482758620689655,0.5517241379310345,,0.0,0.0,split_cp,0.0,0.11034482758620694,5,0.26,0.8620689655172413
29,0.0,0.4482758620689655,0.5517241379310345,,0.0,0.0,split_cp,0.0,0.11034482758620694,5,0.29000000000000004,0.8620689655172413
29,0.0,0.4482758620689655,0.5517241379310345,,0.0,0.0,split_cp,0.0,0.11034482758620694,5,0.32,0.8620689655172413
29,0.0,0.5862068965517241,0.41379310344827586,,0.058823529411764705,0.034482758620689655,split_cp,0.034482758620689655,0.11724137931034485,5,0.35,0.8620689655172413
29,0.034482758620689655,0.6206896551724138,0.3448275862068966,0.0,0.05555555555555555,0.034482758620689655,split_cp,0.034482758620689655,0.10344827586206896,5,0.38,0.7586206896551724
29,0.034482758620689655,0.6206896551724138,0.3448275862068966,0.0,0.05555555555555555,0.034482758620689655,split_cp,0.034482758620689655,0.10344827586206896,5,0.41000000000000003,0.7586206896551724
29,0.034482758620689655,0.6206896551724138,0.3448275862068966,0.0,0.05555555555555555,0.034482758620689655,split_cp,0.034482758620689655,0.10344827586206896,5,0.44,0.7586206896551724
29,0.034482758620689655,0.7241379310344828,0.2413793103448276,0.0,0.047619047619047616,0.034482758620689655,split_cp,0.034482758620689655,0.08275862068965519,5,0.47,0.6551724137931034
29,0.034482758620689655,0.7241379310344828,0.2413793103448276,0.0,0.047619047619047616,0.034482758620689655,split_cp,0.034482758620689655,0.08275862068965519,5,0.5,0.6551724137931034
31,0.25806451612903225,0.7419354838709677,0.0,0.125,0.17391304347826086,0.16129032258064516,crc,0.16129032258064516,0.16129032258064516,6,0.0,
31,0.25806451612903225,0.7419354838709677,0.0,0.125,0.17391304347826086,0.16129032258064516,rac,0.16129032258064516,0.16129032258064516,6,0.0,
31,0.25806451612903225,0.7419354838709677,0.0,0.125,0.17391304347826086,0.16129032258064516,rac_interval_cost,0.16129032258064516,0.16129032258064516,6,0.0,
31,0.25806451612903225,0.7419354838709677,0.0,0.125,0.17391304347826086,0.16129032258064516,risktriage,0.16129032258064516,0.16129032258064516,6,0.0,
31,0.25806451612903225,0.7419354838709677,0.0,0.125,0.17391304347826086,0.16129032258064516,crc,0.16129032258064516,0.16129032258064516,6,0.001,
31,0.25806451612903225,0.7419354838709677,0.0,0.125,0.17391304347826086,0.16129032258064516,rac,0.16129032258064516,0.16129032258064516,6,0.001,
31,0.25806451612903225,0.7419354838709677,0.0,0.125,0.17391304347826086,0.16129032258064516,rac_interval_cost,0.16129032258064516,0.16129032258064516,6,0.001,
31,0.25806451612903225,0.7419354838709677,0.0,0.125,0.17391304347826086,0.16129032258064516,risktriage,0.16129032258064516,0.16129032258064516,6,0.001,
31,0.25806451612903225,0.7419354838709677,0.0,0.125,0.17391304347826086,0.16129032258064516,crc,0.16129032258064516,0.16129032258064516,6,0.0012886873497164096,
31,0.25806451612903225,0.7419354838709677,0.0,0.125,0.17391304347826086,0.16129032258064516,rac,0.16129032258064516,0.16129032258064516,6,0.0012886873497164096,
31,0.25806451612903225,0.7419354838709677,0.0,0.125,0.17391304347826086,0.16129032258064516,rac_interval_cost,0.16129032258064516,0.16129032258064516,6,0.0012886873497164096,
31,0.25806451612903225,0.7419354838709677,0.0,0.125,0.17391304347826086,0.16129032258064516,risktriage,0.16129032258064516,0.16129032258064516,6,0.0012886873497164096,
31,0.25806451612903225,0.7419354838709677,0.0,0.125,0.17391304347826086,0.16129032258064516,crc,0.16129032258064516,0.16129032258064516,6,0.0016607150853191037,
31,0.25806451612903225,0.7419354838709677,0.0,0.125,0.17391304347826086,0.16129032258064516,rac,0.16129032258064516,0.16129032258064516,6,0.0016607150853191037,
31,0.25806451612903225,0.7419354838709677,0.0,0.125,0.17391304347826086,0.16129032258064516,rac_interval_cost,0.16129032258064516,0.16129032258064516,6,0.0016607150853191037,
31,0.25806451612903225,0.7419354838709677,0.0,0.125,0.17391304347826086,0.16129032258064516,risktriage,0.16129032258064516,0.16129032258064516,6,0.0016607150853191037,
31,0.25806451612903225,0.7419354838709677,0.0,0.125,0.17391304347826086,0.16129032258064516,crc,0.16129032258064516,0.16129032258064516,6,0.002140142521933937,
31,0.25806451612903225,0.7419354838709677,0.0,0.125,0.17391304347826086,0.16129032258064516,rac,0.16129032258064516,0.16129032258064516,6,0.002140142521933937,
31,0.25806451612903225,0.7419354838709677,0.0,0.125,0.17391304347826086,0.16129032258064516,rac_interval_cost,0.16129032258064516,0.16129032258064516,6,0.002140142521933937,
31,0.25806451612903225,0.7419354838709677,0.0,0.125,0.17391304347826086,0.16129032258064516,risktriage,0.16129032258064516,0.16129032258064516,6,0.002140142521933937,
31,0.25806451612903225,0.7419354838709677,0.0,0.125,0.17391304347826086,0.16129032258064516,crc,0.16129032258064516,0.16129032258064516,6,0.0027579745946064377,
31,0.25806451612903225,0.7419354838709677,0.0,0.125,0.17391304347826086,0.16129032258064516,rac,0.16129032258064516,0.16129032258064516,6,0.0027579745946064377,
31,0.25806451612903225,0.7419354838709677,0.0,0.125,0.17391304347826086,0.16129032258064516,rac_interval_cost,0.16129032258064516,0.16129032258064516,6,0.0027579745946064377,
31,0.25806451612903225,0.7419354838709677,0.0,0.125,0.17391304347826086,0.16129032258064516,risktriage,0.16129032258064516,0.16129032258064516,6,0.0027579745946064377,
31,0.25806451612903225,0.7419354838709677,0.0,0.125,0.17391304347826086,0.16129032258064516,crc,0.16129032258064516,0.16129032258064516,6,0.0035541669709085594,
31,0.25806451612903225,0.7419354838709677,0.0,0.125,0.17391304347826086,0.16129032258064516,rac,0.16129032258064516,0.16129032258064516,6,0.0035541669709085594,
31,0.25806451612903225,0.7419354838709677,0.0,0.125,0.17391304347826086,0.16129032258064516,rac_interval_cost,0.16129032258064516,0.16129032258064516,6,0.0035541669709085594,
31,0.25806451612903225,0.7419354838709677,0.0,0.125,0.17391304347826086,0.16129032258064516,risktriage,0.16129032258064516,0.16129032258064516,6,0.0035541669709085594,
31,0.25806451612903225,0.7419354838709677,0.0,0.125,0.17391304347826086,0.16129032258064516,crc,0.16129032258064516,0.16129032258064516,6,0.00458021001418975,
31,0.25806451612903225,0.7419354838709677,0.0,0.125,0.17391304347826086,0.16129032258064516,rac,0.16129032258064516,0.16129032258064516,6,0.00458021001418975,
31,0.25806451612903225,0.7419354838709677,0.0,0.125,0.17391304347826086,0.16129032258064516,rac_interval_cost,0.16129032258064516,0.16129032258064516,6,0.00458021001418975,
31,0.25806451612903225,0.7419354838709677,0.0,0.125,0.17391304347826086,0.16129032258064516,risktriage,0.16129032258064516,0.16129032258064516,6,0.00458021001418975,
31,0.25806451612903225,0.7419354838709677,0.0,0.125,0.17391304347826086,0.16129032258064516,crc,0.16129032258064516,0.16129032258064516,6,0.005902458704330748,
31,0.25806451612903225,0.7419354838709677,0.0,0.125,0.17391304347826086,0.16129032258064516,rac,0.16129032258064516,0.16129032258064516,6,0.005902458704330748,
31,0.25806451612903225,0.7419354838709677,0.0,0.125,0.17391304347826086,0.16129032258064516,rac_interval_cost,0.16129032258064516,0.16129032258064516,6,0.005902458704330748,
31,0.25806451612903225,0.7419354838709677,0.0,0.125,0.17391304347826086,0.16129032258064516,risktriage,0.16129032258064516,0.16129032258064516,6,0.005902458704330748,
31,0.25806451612903225,0.7419354838709677,0.0,0.125,0.17391304347826086,0.16129032258064516,crc,0.16129032258064516,0.16129032258064516,6,0.007606423864494545,
31,0.25806451612903225,0.7419354838709677,0.0,0.125,0.17391304347826086,0.16129032258064516,rac,0.16129032258064516,0.16129032258064516,6,0.007606423864494545,
31,0.25806451612903225,0.7419354838709677,0.0,0.125,0.17391304347826086,0.16129032258064516,rac_interval_cost,0.16129032258064516,0.16129032258064516,6,0.007606423864494545,
31,0.25806451612903225,0.7419354838709677,0.0,0.125,0.17391304347826086,0.16129032258064516,risktriage,0.16129032258064516,0.16129032258064516,6,0.007606423864494545,
31,0.25806451612903225,0.7419354838709677,0.0,0.125,0.17391304347826086,0.16129032258064516,crc,0.16129032258064516,0.16129032258064516,6,0.009802302210755124,
31,0.25806451612903225,0.7419354838709677,0.0,0.125,0.17391304347826086,0.16129032258064516,rac,0.16129032258064516,0.16129032258064516,6,0.009802302210755124,
31,0.25806451612903225,0.7419354838709677,0.0,0.125,0.17391304347826086,0.16129032258064516,rac_interval_cost,0.16129032258064516,0.16129032258064516,6,0.009802302210755124,
31,0.25806451612903225,0.7419354838709677,0.0,0.125,0.17391304347826086,0.16129032258064516,risktriage,0.16129032258064516,0.16129032258064516,6,0.009802302210755124,
31,0.25806451612903225,0.7419354838709677,0.0,0.125,0.17391304347826086,0.16129032258064516,crc,0.16129032258064516,0.16129032258064516,6,0.01263210285709733,
31,0.25806451612903225,0.7419354838709677,0.0,0.125,0.17391304347826086,0.16129032258064516,rac,0.16129032258064516,0.16129032258064516,6,0.01263210285709733,
31,0.25806451612903225,0.7419354838709677,0.0,0.125,0.17391304347826086,0.16129032258064516,rac_interval_cost,0.16129032258064516,0.16129032258064516,6,0.01263210285709733,
31,0.25806451612903225,0.7419354838709677,0.0,0.125,0.17391304347826086,0.16129032258064516,risktriage,0.16129032258064516,0.16129032258064516,6,0.01263210285709733,
31,0.25806451612903225,0.7419354838709677,0.0,0.125,0.17391304347826086,0.16129032258064516,crc,0.16129032258064516,0.16129032258064516,6,0.016278831152257842,
31,0.25806451612903225,0.7419354838709677,0.0,0.125,0.17391304347826086,0.16129032258064516,rac,0.16129032258064516,0.16129032258064516,6,0.016278831152257842,
31,0.25806451612903225,0.7419354838709677,0.0,0.125,0.17391304347826086,0.16129032258064516,rac_interval_cost,0.16129032258064516,0.16129032258064516,6,0.016278831152257842,
31,0.25806451612903225,0.7419354838709677,0.0,0.125,0.17391304347826086,0.16129032258064516,risktriage,0.16129032258064516,0.16129032258064516,6,0.016278831152257842,
31,0.25806451612903225,0.7419354838709677,0.0,0.125,0.17391304347826086,0.16129032258064516,crc,0.16129032258064516,0.16129032258064516,6,0.020978323774084085,
31,0.25806451612903225,0.7419354838709677,0.0,0.125,0.17391304347826086,0.16129032258064516,rac,0.16129032258064516,0.16129032258064516,6,0.020978323774084085,
31,0.25806451612903225,0.7419354838709677,0.0,0.125,0.17391304347826086,0.16129032258064516,rac_interval_cost,0.16129032258064516,0.16129032258064516,6,0.020978323774084085,
31,0.25806451612903225,0.7419354838709677,0.0,0.125,0.17391304347826086,0.16129032258064516,risktriage,0.16129032258064516,0.16129032258064516,6,0.020978323774084085,
31,0.25806451612903225,0.7419354838709677,0.0,0.125,0.17391304347826086,0.16129032258064516,crc,0.16129032258064516,0.16129032258064516,6,0.027034500465917165,
31,0.25806451612903225,0.7419354838709677,0.0,0.125,0.17391304347826086,0.16129032258064516,rac,0.16129032258064516,0.16129032258064516,6,0.027034500465917165,
31,0.25806451612903225,0.7419354838709677,0.0,0.125,0.17391304347826086,0.16129032258064516,rac_interval_cost,0.16129032258064516,0.16129032258064516,6,0.027034500465917165,
31,0.25806451612903225,0.7419354838709677,0.0,0.125,0.17391304347826086,0.16129032258064516,risktriage,0.16129032258064516,0.16129032258064516,6,0.027034500465917165,
31,0.25806451612903225,0.7419354838709677,0.0,0.125,0.17391304347826086,0.16129032258064516,crc,0.16129032258064516,0.16129032258064516,6,0.03483901875632983,
31,0.25806451612903225,0.7419354838709677,0.0,0.125,0.17391304347826086,0.16129032258064516,rac,0.16129032258064516,0.16129032258064516,6,0.03483901875632983,
31,0.25806451612903225,0.7419354838709677,0.0,0.125,0.17391304347826086,0.16129032258064516,rac_interval_cost,0.16129032258064516,0.16129032258064516,6,0.03483901875632983,
31,0.25806451612903225,0.7419354838709677,0.0,0.125,0.17391304347826086,0.16129032258064516,risktriage,0.16129032258064516,0.16129032258064516,6,0.03483901875632983,
31,0.25806451612903225,0.7419354838709677,0.0,0.125,0.17391304347826086,0.16129032258064516,crc,0.16129032258064516,0.16129032258064516,6,0.04489660274781498,
31,0.25806451612903225,0.7419354838709677,0.0,0.125,0.17391304347826086,0.16129032258064516,rac,0.16129032258064516,0.16129032258064516,6,0.04489660274781498,
31,0.25806451612903225,0.7419354838709677,0.0,0.125,0.17391304347826086,0.16129032258064516,rac_interval_cost,0.16129032258064516,0.16129032258064516,6,0.04489660274781498,
31,0.25806451612903225,0.7419354838709677,0.0,0.125,0.17391304347826086,0.16129032258064516,risktriage,0.16129032258064516,0.16129032258064516,6,0.04489660274781498,
31,0.25806451612903225,0.7419354838709677,0.0,0.125,0.17391304347826086,0.16129032258064516,crc,0.16129032258064516,0.16129032258064516,6,0.057857684006352154,
31,0.25806451612903225,0.7419354838709677,0.0,0.125,0.17391304347826086,0.16129032258064516,rac,0.16129032258064516,0.16129032258064516,6,0.057857684006352154,
31,0.25806451612903225,0.7419354838709677,0.0,0.125,0.17391304347826086,0.16129032258064516,rac_interval_cost,0.16129032258064516,0.16129032258064516,6,0.057857684006352154,
31,0.25806451612903225,0.7419354838709677,0.0,0.125,0.17391304347826086,0.16129032258064516,risktriage,0.16129032258064516,0.16129032258064516,6,0.057857684006352154,
31,0.25806451612903225,0.7419354838709677,0.0,0.125,0.17391304347826086,0.16129032258064516,crc,0.16129032258064516,0.16129032258064516,6,0.07456046546287545,
31,0.25806451612903225,0.7419354838709677,0.0,0.125,0.17391304347826086,0.16129032258064516,rac,0.16129032258064516,0.16129032258064516,6,0.07456046546287545,
31,0.25806451612903225,0.7419354838709677,0.0,0.125,0.17391304347826086,0.16129032258064516,rac_interval_cost,0.16129032258064516,0.16129032258064516,6,0.07456046546287545,
31,0.25806451612903225,0.7419354838709677,0.0,0.125,0.17391304347826086,0.16129032258064516,risktriage,0.16129032258064516,0.16129032258064516,6,0.07456046546287545,
31,0.25806451612903225,0.7419354838709677,0.0,0.125,0.17391304347826086,0.16129032258064516,crc,0.16129032258064516,0.16129032258064516,6,0.09608512863097485,
31,0.25806451612903225,0.7419354838709677,0.0,0.125,0.17391304347826086,0.16129032258064516,rac,0.16129032258064516,0.16129032258064516,6,0.09608512863097485,
31,0.25806451612903225,0.7419354838709677,0.0,0.125,0.17391304347826086,0.16129032258064516,rac_interval_cost,0.16129032258064516,0.16129032258064516,6,0.09608512863097485,
31,0.25806451612903225,0.7419354838709677,0.0,0.125,0.17391304347826086,0.16129032258064516,risktriage,0.16129032258064516,0.16129032258064516,6,0.09608512863097485,
31,0.25806451612903225,0.7419354838709677,0.0,0.125,0.17391304347826086,0.16129032258064516,crc,0.16129032258064516,0.16129032258064516,6,0.12382368976261135,
31,0.25806451612903225,0.7419354838709677,0.0,0.125,0.17391304347826086,0.16129032258064516,rac,0.16129032258064516,0.16129032258064516,6,0.12382368976261135,
31,0.25806451612903225,0.7419354838709677,0.0,0.125,0.17391304347826086,0.16129032258064516,rac_interval_cost,0.16129032258064516,0.16129032258064516,6,0.12382368976261135,
31,0.25806451612903225,0.7419354838709677,0.0,0.125,0.17391304347826086,0.16129032258064516,risktriage,0.16129032258064516,0.16129032258064516,6,0.12382368976261135,
31,0.25806451612903225,0.7419354838709677,0.0,0.125,0.17391304347826086,0.16129032258064516,crc,0.16129032258064516,0.16129032258064516,6,0.15957002259228653,
31,0.25806451612903225,0.7419354838709677,0.0,0.125,0.17391304347826086,0.16129032258064516,rac,0.16129032258064516,0.16129032258064516,6,0.15957002259228653,
31,0.25806451612903225,0.7419354838709677,0.0,0.125,0.17391304347826086,0.16129032258064516,rac_interval_cost,0.16129032258064516,0.16129032258064516,6,0.15957002259228653,
31,0.25806451612903225,0.7419354838709677,0.0,0.125,0.17391304347826086,0.16129032258064516,risktriage,0.16129032258064516,0.16129032258064516,6,0.15957002259228653,
31,0.25806451612903225,0.7419354838709677,0.0,0.125,0.17391304347826086,0.16129032258064516,crc,0.16129032258064516,0.16129032258064516,6,0.20563586950864132,
31,0.25806451612903225,0.7419354838709677,0.0,0.125,0.17391304347826086,0.16129032258064516,rac,0.16129032258064516,0.16129032258064516,6,0.20563586950864132,
31,0.25806451612903225,0.7419354838709677,0.0,0.125,0.17391304347826086,0.16129032258064516,rac_interval_cost,0.16129032258064516,0.16129032258064516,6,0.20563586950864132,
31,0.25806451612903225,0.7419354838709677,0.0,0.125,0.17391304347826086,0.16129032258064516,risktriage,0.16129032258064516,0.16129032258064516,6,0.20563586950864132,
31,0.25806451612903225,0.7419354838709677,0.0,0.125,0.17391304347826086,0.16129032258064516,crc,0.16129032258064516,0.16129032258064516,6,0.26500034368372044,
31,0.25806451612903225,0.7419354838709677,0.0,0.125,0.17391304347826086,0.16129032258064516,rac,0.16129032258064516,0.16129032258064516,6,0.26500034368372044,
31,0.25806451612903225,0.7419354838709677,0.0,0.125,0.17391304347826086,0.16129032258064516,rac_interval_cost,0.16129032258064516,0.16129032258064516,6,0.26500034368372044,
31,0.25806451612903225,0.7419354838709677,0.0,0.125,0.17391304347826086,0.16129032258064516,risktriage,0.16129032258064516,0.16129032258064516,6,0.26500034368372044,
31,0.25806451612903225,0.7419354838709677,0.0,0.125,0.17391304347826086,0.16129032258064516,crc,0.16129032258064516,0.16129032258064516,6,0.34150259057571136,
31,0.25806451612903225,0.7419354838709677,0.0,0.125,0.17391304347826086,0.16129032258064516,rac,0.16129032258064516,0.16129032258064516,6,0.34150259057571136,
31,0.25806451612903225,0.7419354838709677,0.0,0.125,0.17391304347826086,0.16129032258064516,rac_interval_cost,0.16129032258064516,0.16129032258064516,6,0.34150259057571136,
31,0.25806451612903225,0.7419354838709677,0.0,0.125,0.17391304347826086,0.16129032258064516,risktriage,0.16129032258064516,0.16129032258064516,6,0.34150259057571136,
31,0.25806451612903225,0.7419354838709677,0.0,0.125,0.17391304347826086,0.16129032258064516,crc,0.16129032258064516,0.16129032258064516,6,0.44009006837030157,
31,0.25806451612903225,0.7419354838709677,0.0,0.125,0.17391304347826086,0.16129032258064516,rac,0.16129032258064516,0.16129032258064516,6,0.44009006837030157,
31,0.25806451612903225,0.7419354838709677,0.0,0.125,0.17391304347826086,0.16129032258064516,rac_interval_cost,0.16129032258064516,0.16129032258064516,6,0.44009006837030157,
31,0.25806451612903225,0.7419354838709677,0.0,0.125,0.17391304347826086,0.16129032258064516,risktriage,0.16129032258064516,0.16129032258064516,6,0.44009006837030157,
31,0.25806451612903225,0.7419354838709677,0.0,0.125,0.17391304347826086,0.16129032258064516,crc,0.16129032258064516,0.16129032258064516,6,0.5671385038446374,
31,0.25806451612903225,0.7419354838709677,0.0,0.125,0.17391304347826086,0.16129032258064516,rac,0.16129032258064516,0.16129032258064516,6,0.5671385038446374,
31,0.25806451612903225,0.7419354838709677,0.0,0.125,0.17391304347826086,0.16129032258064516,rac_interval_cost,0.16129032258064516,0.16129032258064516,6,0.5671385038446374,
31,0.25806451612903225,0.7419354838709677,0.0,0.125,0.17391304347826086,0.16129032258064516,risktriage,0.16129032258064516,0.16129032258064516,6,0.5671385038446374,
31,0.25806451612903225,0.7419354838709677,0.0,0.125,0.17391304347826086,0.16129032258064516,crc,0.16129032258064516,0.16129032258064516,6,0.7308642154416756,
31,0.25806451612903225,0.7419354838709677,0.0,0.125,0.17391304347826086,0.16129032258064516,rac,0.16129032258064516,0.16129032258064516,6,0.7308642154416756,
31,0.25806451612903225,0.7419354838709677,0.0,0.125,0.17391304347826086,0.16129032258064516,rac_interval_cost,0.16129032258064516,0.16129032258064516,6,0.7308642154416756,
31,0.25806451612903225,0.7419354838709677,0.0,0.125,0.17391304347826086,0.16129032258064516,risktriage,0.16129032258064516,0.16129032258064516,6,0.7308642154416756,
31,0.25806451612903225,0.7419354838709677,0.0,0.125,0.17391304347826086,0.16129032258064516,crc,0.16129032258064516,0.16129032258064516,6,0.9418554688000957,
31,0.25806451612903225,0.7419354838709677,0.0,0.125,0.17391304347826086,0.16129032258064516,rac,0.16129032258064516,0.16129032258064516,6,0.9418554688000957,
31,0.25806451612903225,0.7419354838709677,0.0,0.125,0.17391304347826086,0.16129032258064516,rac_interval_cost,0.16129032258064516,0.16129032258064516,6,0.9418554688000957,
31,0.25806451612903225,0.7419354838709677,0.0,0.125,0.17391304347826086,0.16129032258064516,risktriage,0.16129032258064516,0.16129032258064516,6,0.9418554688000957,
31,0.25806451612903225,0.7419354838709677,0.0,0.125,0.17391304347826086,0.16129032258064516,crc,0.16129032258064516,0.16129032258064516,6,1.213757227903902,
31,0.25806451612903225,0.7419354838709677,0.0,0.125,0.17391304347826086,0.16129032258064516,rac,0.16129032258064516,0.16129032258064516,6,1.213757227903902,
31,0.25806451612903225,0.7419354838709677,0.0,0.125,0.17391304347826086,0.16129032258064516,rac_interval_cost,0.16129032258064516,0.16129032258064516,6,1.213757227903902,
31,0.25806451612903225,0.7419354838709677,0.0,0.125,0.17391304347826086,0.16129032258064516,risktriage,0.16129032258064516,0.16129032258064516,6,1.213757227903902,
31,0.25806451612903225,0.7419354838709677,0.0,0.125,0.17391304347826086,0.16129032258064516,crc,0.16129032258064516,0.16129032258064516,6,1.5641535852266155,
31,0.25806451612903225,0.7419354838709677,0.0,0.125,0.17391304347826086,0.16129032258064516,rac,0.16129032258064516,0.16129032258064516,6,1.5641535852266155,
31,0.25806451612903225,0.7419354838709677,0.0,0.125,0.17391304347826086,0.16129032258064516,rac_interval_cost,0.16129032258064516,0.16129032258064516,6,1.5641535852266155,
31,0.25806451612903225,0.7419354838709677,0.0,0.125,0.17391304347826086,0.16129032258064516,risktriage,0.16129032258064516,0.16129032258064516,6,1.5641535852266155,
31,0.25806451612903225,0.7096774193548387,0.03225806451612903,0.125,0.18181818181818182,0.16129032258064516,crc,0.16129032258064516,0.16774193548387098,6,2.0157049382951073,
31,0.25806451612903225,0.7096774193548387,0.03225806451612903,0.125,0.18181818181818182,0.16129032258064516,rac,0.16129032258064516,0.16774193548387098,6,2.0157049382951073,
31,0.25806451612903225,0.7096774193548387,0.03225806451612903,0.125,0.18181818181818182,0.16129032258064516,rac_interval_cost,0.16129032258064516,0.16774193548387098,6,2.0157049382951073,
31,0.25806451612903225,0.7096774193548387,0.03225806451612903,0.125,0.18181818181818182,0.16129032258064516,risktriage,0.16129032258064516,0.16774193548387098,6,2.0157049382951073,
31,0.25806451612903225,0.7096774193548387,0.03225806451612903,0.125,0.18181818181818182,0.16129032258064516,crc,0.16129032258064516,0.16774193548387098,6,2.5976134547418006,
31,0.25806451612903225,0.7096774193548387,0.03225806451612903,0.125,0.18181818181818182,0.16129032258064516,rac,0.16129032258064516,0.16774193548387098,6,2.5976134547418006,
31,0.25806451612903225,0.7096774193548387,0.03225806451612903,0.125,0.18181818181818182,0.16129032258064516,rac_interval_cost,0.16129032258064516,0.16774193548387098,6,2.5976134547418006,
31,0.25806451612903225,0.7096774193548387,0.03225806451612903,0.125,0.18181818181818182,0.16129032258064516,risktriage,0.16129032258064516,0.16774193548387098,6,2.5976134547418006,
31,0.22580645161290322,0.6774193548387096,0.0967741935483871,0.0,0.14285714285714285,0.0967741935483871,crc,0.0967741935483871,0.11612903225806451,6,3.3475115985788975,
31,0.22580645161290322,0.6774193548387096,0.0967741935483871,0.0,0.14285714285714285,0.0967741935483871,rac,0.0967741935483871,0.11612903225806451,6,3.3475115985788975,
31,0.22580645161290322,0.6774193548387096,0.0967741935483871,0.0,0.14285714285714285,0.0967741935483871,rac_interval_cost,0.0967741935483871,0.11612903225806451,6,3.3475115985788975,
31,0.22580645161290322,0.7096774193548387,0.06451612903225806,0.0,0.18181818181818182,0.12903225806451613,risktriage,0.12903225806451613,0.14193548387096774,6,3.3475115985788975,
31,0.22580645161290322,0.6774193548387096,0.0967741935483871,0.0,0.14285714285714285,0.0967741935483871,crc,0.0967741935483871,0.11612903225806451,6,4.313895850117581,
31,0.22580645161290322,0.6774193548387096,0.0967741935483871,0.0,0.14285714285714285,0.0967741935483871,rac,0.0967741935483871,0.11612903225806451,6,4.313895850117581,
31,0.22580645161290322,0.6774193548387096,0.0967741935483871,0.0,0.14285714285714285,0.0967741935483871,rac_interval_cost,0.0967741935483871,0.11612903225806451,6,4.313895850117581,
31,0.22580645161290322,0.6774193548387096,0.0967741935483871,0.0,0.14285714285714285,0.0967741935483871,risktriage,0.0967741935483871,0.11612903225806451,6,4.313895850117581,
31,0.1935483870967742,0.6451612903225806,0.16129032258064516,0.0,0.15,0.0967741935483871,crc,0.0967741935483871,0.12903225806451613,6,5.559263010040643,
31,0.1935483870967742,0.6451612903225806,0.16129032258064516,0.0,0.15,0.0967741935483871,rac,0.0967741935483871,0.12903225806451613,6,5.559263010040643,
31,0.1935483870967742,0.6451612903225806,0.16129032258064516,0.0,0.15,0.0967741935483871,rac_interval_cost,0.0967741935483871,0.12903225806451613,6,5.559263010040643,
31,0.1935483870967742,0.6774193548387096,0.12903225806451613,0.0,0.14285714285714285,0.0967741935483871,risktriage,0.0967741935483871,0.12258064516129032,6,5.559263010040643,
31,0.12903225806451613,0.6451612903225806,0.22580645161290322,0.0,0.15,0.0967741935483871,crc,0.0967741935483871,0.14193548387096774,6,7.164151914785745,
31,0.12903225806451613,0.6451612903225806,0.22580645161290322,0.0,0.15,0.0967741935483871,rac,0.0967741935483871,0.14193548387096774,6,7.164151914785745,
31,0.12903225806451613,0.6451612903225806,0.22580645161290322,0.0,0.15,0.0967741935483871,rac_interval_cost,0.0967741935483871,0.14193548387096774,6,7.164151914785745,
31,0.1935483870967742,0.6451612903225806,0.16129032258064516,0.0,0.15,0.0967741935483871,risktriage,0.0967741935483871,0.12903225806451613,6,7.164151914785745,
31,0.12903225806451613,0.6129032258064516,0.25806451612903225,0.0,0.10526315789473684,0.06451612903225806,crc,0.06451612903225806,0.11612903225806452,6,9.232351944030983,
31,0.12903225806451613,0.6129032258064516,0.25806451612903225,0.0,0.10526315789473684,0.06451612903225806,rac,0.06451612903225806,0.11612903225806452,6,9.232351944030983,
31,0.12903225806451613,0.6129032258064516,0.25806451612903225,0.0,0.10526315789473684,0.06451612903225806,rac_interval_cost,0.06451612903225806,0.11612903225806452,6,9.232351944030983,
31,0.12903225806451613,0.6451612903225806,0.22580645161290322,0.0,0.15,0.0967741935483871,risktriage,0.0967741935483871,0.14193548387096774,6,9.232351944030983,
31,0.0967741935483871,0.5806451612903226,0.3225806451612903,0.0,0.05555555555555555,0.03225806451612903,crc,0.03225806451612903,0.0967741935483871,6,11.897615158402441,
31,0.0967741935483871,0.5806451612903226,0.3225806451612903,0.0,0.05555555555555555,0.03225806451612903,rac,0.03225806451612903,0.0967741935483871,6,11.897615158402441,
31,0.0967741935483871,0.5806451612903226,0.3225806451612903,0.0,0.05555555555555555,0.03225806451612903,rac_interval_cost,0.03225806451612903,0.0967741935483871,6,11.897615158402441,
31,0.12903225806451613,0.6129032258064516,0.25806451612903225,0.0,0.10526315789473684,0.06451612903225806,risktriage,0.06451612903225806,0.11612903225806452,6,11.897615158402441,
31,0.0967741935483871,0.41935483870967744,0.4838709677419355,0.0,0.07692307692307693,0.03225806451612903,crc,0.03225806451612903,0.12903225806451615,6,15.332306146427422,
31,0.0967741935483871,0.41935483870967744,0.4838709677419355,0.0,0.07692307692307693,0.03225806451612903,rac,0.03225806451612903,0.12903225806451615,6,15.332306146427422,
31,0.0967741935483871,0.41935483870967744,0.4838709677419355,0.0,0.07692307692307693,0.03225806451612903,rac_interval_cost,0.03225806451612903,0.12903225806451615,6,15.332306146427422,
31,0.0967741935483871,0.5161290322580645,0.3870967741935484,0.0,0.0625,0.03225806451612903,risktriage,0.03225806451612903,0.10967741935483873,6,15.332306146427422,
31,0.06451612903225806,0.3870967741935484,0.5483870967741935,0.0,0.08333333333333333,0.03225806451612903,crc,0.03225806451612903,0.14193548387096777,6,19.75854897288017,
31,0.06451612903225806,0.3870967741935484,0.5483870967741935,0.0,0.08333333333333333,0.03225806451612903,rac,0.03225806451612903,0.14193548387096777,6,19.75854897288017,
31,0.06451612903225806,0.3870967741935484,0.5483870967741935,0.0,0.08333333333333333,0.03225806451612903,rac_interval_cost,0.03225806451612903,0.14193548387096777,6,19.75854897288017,
31,0.0967741935483871,0.41935483870967744,0.4838709677419355,0.0,0.07692307692307693,0.03225806451612903,risktriage,0.03225806451612903,0.12903225806451615,6,19.75854897288017,
31,0.0,0.3870967741935484,0.6129032258064516,,0.08333333333333333,0.03225806451612903,crc,0.03225806451612903,0.15483870967741942,6,25.462592110102836,
31,0.0,0.3870967741935484,0.6129032258064516,,0.08333333333333333,0.03225806451612903,rac,0.03225806451612903,0.15483870967741942,6,25.462592110102836,
31,0.0,0.3870967741935484,0.6129032258064516,,0.08333333333333333,0.03225806451612903,rac_interval_cost,0.03225806451612903,0.15483870967741942,6,25.462592110102836,
31,0.03225806451612903,0.3870967741935484,0.5806451612903226,0.0,0.08333333333333333,0.03225806451612903,risktriage,0.03225806451612903,0.1483870967741936,6,25.462592110102836,
31,0.0,0.3548387096774194,0.6451612903225806,,0.09090909090909091,0.03225806451612903,crc,0.03225806451612903,0.1612903225806452,6,32.813320343278384,
31,0.0,0.3548387096774194,0.6451612903225806,,0.09090909090909091,0.03225806451612903,rac,0.03225806451612903,0.1612903225806452,6,32.813320343278384,
31,0.0,0.3548387096774194,0.6451612903225806,,0.09090909090909091,0.03225806451612903,rac_interval_cost,0.03225806451612903,0.1612903225806452,6,32.813320343278384,
31,0.0,0.3870967741935484,0.6129032258064516,,0.08333333333333333,0.03225806451612903,risktriage,0.03225806451612903,0.15483870967741942,6,32.813320343278384,
31,0.0,0.22580645161290322,0.7741935483870968,,0.0,0.0,crc,0.0,0.1548387096774194,6,42.28611082857496,
31,0.0,0.22580645161290322,0.7741935483870968,,0.0,0.0,rac,0.0,0.1548387096774194,6,42.28611082857496,
31,0.0,0.22580645161290322,0.7741935483870968,,0.0,0.0,rac_interval_cost,0.0,0.1548387096774194,6,42.28611082857496,
31,0.0,0.3225806451612903,0.6774193548387096,,0.1,0.03225806451612903,risktriage,0.03225806451612903,0.167741935483871,6,42.28611082857496,
31,0.0,0.16129032258064516,0.8387096774193549,,0.0,0.0,crc,0.0,0.167741935483871,6,54.49357609349064,
31,0.0,0.16129032258064516,0.8387096774193549,,0.0,0.0,rac,0.0,0.167741935483871,6,54.49357609349064,
31,0.0,0.16129032258064516,0.8387096774193549,,0.0,0.0,rac_interval_cost,0.0,0.167741935483871,6,54.49357609349064,
31,0.0,0.22580645161290322,0.7741935483870968,,0.0,0.0,risktriage,0.0,0.1548387096774194,6,54.49357609349064,
31,0.0,0.06451612903225806,0.9354838709677419,,0.0,0.0,crc,0.0,0.18709677419354845,6,70.22518215248995,
31,0.0,0.06451612903225806,0.9354838709677419,,0.0,0.0,rac,0.0,0.18709677419354845,6,70.22518215248995,
31,0.0,0.06451612903225806,0.9354838709677419,,0.0,0.0,rac_interval_cost,0.0,0.18709677419354845,6,70.22518215248995,
31,0.0,0.16129032258064516,0.8387096774193549,,0.0,0.0,risktriage,0.0,0.167741935483871,6,70.22518215248995,
31,0.0,0.03225806451612903,0.967741935483871,,0.0,0.0,crc,0.0,0.19354838709677424,6,90.49830387144438,
31,0.0,0.03225806451612903,0.967741935483871,,0.0,0.0,rac,0.0,0.19354838709677424,6,90.49830387144438,
31,0.0,0.03225806451612903,0.967741935483871,,0.0,0.0,rac_interval_cost,0.0,0.19354838709677424,6,90.49830387144438,
31,0.0,0.06451612903225806,0.9354838709677419,,0.0,0.0,risktriage,0.0,0.18709677419354845,6,90.49830387144438,
31,0.0,0.03225806451612903,0.967741935483871,,0.0,0.0,crc,0.0,0.19354838709677424,6,116.62401936992194,
31,0.0,0.03225806451612903,0.967741935483871,,0.0,0.0,rac,0.0,0.19354838709677424,6,116.62401936992194,
31,0.0,0.03225806451612903,0.967741935483871,,0.0,0.0,rac_interval_cost,0.0,0.19354838709677424,6,116.62401936992194,
31,0.0,0.03225806451612903,0.967741935483871,,0.0,0.0,risktriage,0.0,0.19354838709677424,6,116.62401936992194,
31,0.0,0.03225806451612903,0.967741935483871,,0.0,0.0,crc,0.0,0.19354838709677424,6,150.29189843509985,
31,0.0,0.03225806451612903,0.967741935483871,,0.0,0.0,rac,0.0,0.19354838709677424,6,150.29189843509985,
31,0.0,0.03225806451612903,0.967741935483871,,0.0,0.0,rac_interval_cost,0.0,0.19354838709677424,6,150.29189843509985,
31,0.0,0.03225806451612903,0.967741935483871,,0.0,0.0,risktriage,0.0,0.19354838709677424,6,150.29189843509985,
31,0.25806451612903225,0.7419354838709677,0.0,0.125,0.17391304347826086,0.16129032258064516,uncertainty,0.16129032258064516,0.16129032258064516,6,0.0,
31,0.25806451612903225,0.6774193548387096,0.06451612903225806,0.125,0.19047619047619047,0.16129032258064516,uncertainty,0.16129032258064516,0.17419354838709677,6,0.05,
31,0.25806451612903225,0.6451612903225806,0.0967741935483871,0.125,0.15,0.12903225806451613,uncertainty,0.12903225806451613,0.14838709677419354,6,0.1,
31,0.22580645161290322,0.6129032258064516,0.16129032258064516,0.14285714285714285,0.15789473684210525,0.12903225806451613,uncertainty,0.12903225806451613,0.16129032258064516,6,0.15000000000000002,
31,0.1935483870967742,0.6129032258064516,0.1935483870967742,0.0,0.15789473684210525,0.0967741935483871,uncertainty,0.0967741935483871,0.13548387096774195,6,0.2,
31,0.16129032258064516,0.5806451612903226,0.25806451612903225,0.0,0.1111111111111111,0.06451612903225806,uncertainty,0.06451612903225806,0.11612903225806452,6,0.25,
31,0.16129032258064516,0.5483870967741935,0.2903225806451613,0.0,0.11764705882352941,0.06451612903225806,uncertainty,0.06451612903225806,0.12258064516129032,6,0.30000000000000004,
31,0.16129032258064516,0.4838709677419355,0.3548387096774194,0.0,0.13333333333333333,0.06451612903225806,uncertainty,0.06451612903225806,0.13548387096774195,6,0.35000000000000003,
31,0.16129032258064516,0.45161290322580644,0.3870967741935484,0.0,0.14285714285714285,0.06451612903225806,uncertainty,0.06451612903225806,0.14193548387096774,6,0.4,
31,0.16129032258064516,0.3870967741935484,0.45161290322580644,0.0,0.16666666666666666,0.06451612903225806,uncertainty,0.06451612903225806,0.1548387096774194,6,0.45,
31,0.12903225806451613,0.3548387096774194,0.5161290322580645,0.0,0.18181818181818182,0.06451612903225806,uncertainty,0.06451612903225806,0.16774193548387098,6,0.5,
31,0.12903225806451613,0.3225806451612903,0.5483870967741935,0.0,0.1,0.03225806451612903,uncertainty,0.03225806451612903,0.14193548387096777,6,0.55,
31,0.12903225806451613,0.25806451612903225,0.6129032258064516,0.0,0.125,0.03225806451612903,uncertainty,0.03225806451612903,0.1548387096774194,6,0.6000000000000001,
31,0.0967741935483871,0.25806451612903225,0.6451612903225806,0.0,0.125,0.03225806451612903,uncertainty,0.03225806451612903,0.16129032258064518,6,0.65,
31,0.06451612903225806,0.22580645161290322,0.7096774193548387,0.0,0.14285714285714285,0.03225806451612903,uncertainty,0.03225806451612903,0.1741935483870968,6,0.7000000000000001,
31,0.06451612903225806,0.1935483870967742,0.7419354838709677,0.0,0.16666666666666666,0.03225806451612903,uncertainty,0.03225806451612903,0.18064516129032263,6,0.75,
31,0.06451612903225806,0.12903225806451613,0.8064516129032258,0.0,0.25,0.03225806451612903,uncertainty,0.03225806451612903,0.19354838709677422,6,0.8,
31,0.03225806451612903,0.12903225806451613,0.8387096774193549,0.0,0.25,0.03225806451612903,uncertainty,0.03225806451612903,0.20000000000000004,6,0.8500000000000001,
31,0.03225806451612903,0.06451612903225806,0.9032258064516129,0.0,0.0,0.0,uncertainty,0.0,0.18064516129032263,6,0.9,
31,0.0,0.06451612903225806,0.9354838709677419,,0.0,0.0,uncertainty,0.0,0.18709677419354845,6,0.9500000000000001,
31,0.0,0.0,1.0,,,0.0,uncertainty,0.0,0.20000000000000007,6,1.0,
31,0.0,0.03225806451612903,0.967741935483871,,0.0,0.0,split_cp,0.0,0.19354838709677424,6,0.02,1.0
31,0.0,0.03225806451612903,0.967741935483871,,0.0,0.0,split_cp,0.0,0.19354838709677424,6,0.05,1.0
31,0.0,0.03225806451612903,0.967741935483871,,0.0,0.0,split_cp,0.0,0.19354838709677424,6,0.08,1.0
31,0.0,0.1935483870967742,0.8064516129032258,,0.0,0.0,split_cp,0.0,0.16129032258064518,6,0.11,0.967741935483871
31,0.0,0.25806451612903225,0.7419354838709677,,0.125,0.03225806451612903,split_cp,0.03225806451612903,0.1806451612903226,6,0.13999999999999999,0.9354838709677419
31,0.0,0.3225806451612903,0.6774193548387096,,0.1,0.03225806451612903,split_cp,0.03225806451612903,0.167741935483871,6,0.16999999999999998,0.9354838709677419
31,0.06451612903225806,0.3870967741935484,0.5483870967741935,0.0,0.08333333333333333,0.03225806451612903,split_cp,0.03225806451612903,0.14193548387096777,6,0.19999999999999998,0.7741935483870968
31,0.06451612903225806,0.3870967741935484,0.5483870967741935,0.0,0.08333333333333333,0.03225806451612903,split_cp,0.03225806451612903,0.14193548387096777,6,0.22999999999999998,0.7741935483870968
31,0.0967741935483871,0.41935483870967744,0.4838709677419355,0.0,0.07692307692307693,0.03225806451612903,split_cp,0.03225806451612903,0.12903225806451615,6,0.26,0.7741935483870968
31,0.0967741935483871,0.41935483870967744,0.4838709677419355,0.0,0.07692307692307693,0.03225806451612903,split_cp,0.03225806451612903,0.12903225806451615,6,0.29000000000000004,0.7741935483870968
31,0.0967741935483871,0.41935483870967744,0.4838709677419355,0.0,0.07692307692307693,0.03225806451612903,split_cp,0.03225806451612903,0.12903225806451615,6,0.32,0.7419354838709677
31,0.0967741935483871,0.41935483870967744,0.4838709677419355,0.0,0.07692307692307693,0.03225806451612903,split_cp,0.03225806451612903,0.12903225806451615,6,0.35,0.7096774193548387
31,0.0967741935483871,0.45161290322580644,0.45161290322580644,0.0,0.07142857142857142,0.03225806451612903,split_cp,0.03225806451612903,0.12258064516129034,6,0.38,0.6451612903225806
31,0.0967741935483871,0.5161290322580645,0.3870967741935484,0.0,0.0625,0.03225806451612903,split_cp,0.03225806451612903,0.10967741935483873,6,0.41000000000000003,0.6451612903225806
31,0.0967741935483871,0.5161290322580645,0.3870967741935484,0.0,0.0625,0.03225806451612903,split_cp,0.03225806451612903,0.10967741935483873,6,0.44,0.4838709677419355
31,0.0967741935483871,0.5483870967741935,0.3548387096774194,0.0,0.058823529411764705,0.03225806451612903,split_cp,0.03225806451612903,0.1032258064516129,6,0.47,0.4838709677419355
31,0.12903225806451613,0.6129032258064516,0.25806451612903225,0.0,0.10526315789473684,0.06451612903225806,split_cp,0.06451612903225806,0.11612903225806452,6,0.5,0.45161290322580644
32,0.1875,0.8125,0.0,0.3333333333333333,0.07692307692307693,0.125,crc,0.125,0.125,7,0.0,
32,0.1875,0.8125,0.0,0.3333333333333333,0.07692307692307693,0.125,rac,0.125,0.125,7,0.0,
32,0.1875,0.8125,0.0,0.3333333333333333,0.07692307692307693,0.125,rac_interval_cost,0.125,0.125,7,0.0,
32,0.1875,0.8125,0.0,0.3333333333333333,0.07692307692307693,0.125,risktriage,0.125,0.125,7,0.0,
32,0.1875,0.8125,0.0,0.3333333333333333,0.07692307692307693,0.125,crc,0.125,0.125,7,0.001,
32,0.1875,0.8125,0.0,0.3333333333333333,0.07692307692307693,0.125,rac,0.125,0.125,7,0.001,
32,0.1875,0.8125,0.0,0.3333333333333333,0.07692307692307693,0.125,rac_interval_cost,0.125,0.125,7,0.001,
32,0.1875,0.8125,0.0,0.3333333333333333,0.07692307692307693,0.125,risktriage,0.125,0.125,7,0.001,
32,0.1875,0.8125,0.0,0.3333333333333333,0.07692307692307693,0.125,crc,0.125,0.125,7,0.001284632873235626,
32,0.1875,0.8125,0.0,0.3333333333333333,0.07692307692307693,0.125,rac,0.125,0.125,7,0.001284632873235626,
32,0.1875,0.8125,0.0,0.3333333333333333,0.07692307692307693,0.125,rac_interval_cost,0.125,0.125,7,0.001284632873235626,
32,0.1875,0.8125,0.0,0.3333333333333333,0.07692307692307693,0.125,risktriage,0.125,0.125,7,0.001284632873235626,
32,0.1875,0.8125,0.0,0.3333333333333333,0.07692307692307693,0.125,crc,0.125,0.125,7,0.0016502816189976196,
32,0.1875,0.8125,0.0,0.3333333333333333,0.07692307692307693,0.125,rac,0.125,0.125,7,0.0016502816189976196,
32,0.1875,0.8125,0.0,0.3333333333333333,0.07692307692307693,0.125,rac_interval_cost,0.125,0.125,7,0.0016502816189976196,
32,0.1875,0.8125,0.0,0.3333333333333333,0.07692307692307693,0.125,risktriage,0.125,0.125,7,0.0016502816189976196,
32,0.1875,0.8125,0.0,0.3333333333333333,0.07692307692307693,0.125,crc,0.125,0.125,7,0.0021200060178608524,
32,0.1875,0.8125,0.0,0.3333333333333333,0.07692307692307693,0.125,rac,0.125,0.125,7,0.0021200060178608524,
32,0.1875,0.8125,0.0,0.3333333333333333,0.07692307692307693,0.125,rac_interval_cost,0.125,0.125,7,0.0021200060178608524,
32,0.1875,0.8125,0.0,0.3333333333333333,0.07692307692307693,0.125,risktriage,0.125,0.125,7,0.0021200060178608524,
32,0.1875,0.8125,0.0,0.3333333333333333,0.07692307692307693,0.125,crc,0.125,0.125,7,0.0027234294220014046,
32,0.1875,0.8125,0.0,0.3333333333333333,0.07692307692307693,0.125,rac,0.125,0.125,7,0.0027234294220014046,
32,0.1875,0.8125,0.0,0.3333333333333333,0.07692307692307693,0.125,rac_interval_cost,0.125,0.125,7,0.0027234294220014046,
32,0.1875,0.8125,0.0,0.3333333333333333,0.07692307692307693,0.125,risktriage,0.125,0.125,7,0.0027234294220014046,
32,0.1875,0.8125,0.0,0.3333333333333333,0.07692307692307693,0.125,crc,0.125,0.125,7,0.003498606963440104,
32,0.1875,0.8125,0.0,0.3333333333333333,0.07692307692307693,0.125,rac,0.125,0.125,7,0.003498606963440104,
32,0.1875,0.8125,0.0,0.3333333333333333,0.07692307692307693,0.125,rac_interval_cost,0.125,0.125,7,0.003498606963440104,
32,0.1875,0.8125,0.0,0.3333333333333333,0.07692307692307693,0.125,risktriage,0.125,0.125,7,0.003498606963440104,
32,0.1875,0.8125,0.0,0.3333333333333333,0.07692307692307693,0.125,crc,0.125,0.125,7,0.004494425515766225,
32,0.1875,0.8125,0.0,0.3333333333333333,0.07692307692307693,0.125,rac,0.125,0.125,7,0.004494425515766225,
32,0.1875,0.8125,0.0,0.3333333333333333,0.07692307692307693,0.125,rac_interval_cost,0.125,0.125,7,0.004494425515766225,
32,0.1875,0.8125,0.0,0.3333333333333333,0.07692307692307693,0.125,risktriage,0.125,0.125,7,0.004494425515766225,
32,0.1875,0.8125,0.0,0.3333333333333333,0.07692307692307693,0.125,crc,0.125,0.125,7,0.005773686763862275,
32,0.1875,0.8125,0.0,0.3333333333333333,0.07692307692307693,0.125,rac,0.125,0.125,7,0.005773686763862275,
32,0.1875,0.8125,0.0,0.3333333333333333,0.07692307692307693,0.125,rac_interval_cost,0.125,0.125,7,0.005773686763862275,
32,0.1875,0.8125,0.0,0.3333333333333333,0.07692307692307693,0.125,risktriage,0.125,0.125,7,0.005773686763862275,
32,0.1875,0.8125,0.0,0.3333333333333333,0.07692307692307693,0.125,crc,0.125,0.125,7,0.007417067816622896,
32,0.1875,0.8125,0.0,0.3333333333333333,0.07692307692307693,0.125,rac,0.125,0.125,7,0.007417067816622896,
32,0.1875,0.8125,0.0,0.3333333333333333,0.07692307692307693,0.125,rac_interval_cost,0.125,0.125,7,0.007417067816622896,
32,0.1875,0.8125,0.0,0.3333333333333333,0.07692307692307693,0.125,risktriage,0.125,0.125,7,0.007417067816622896,
32,0.1875,0.8125,0.0,0.3333333333333333,0.07692307692307693,0.125,crc,0.125,0.125,7,0.009528209140251761,
32,0.1875,0.8125,0.0,0.3333333333333333,0.07692307692307693,0.125,rac,0.125,0.125,7,0.009528209140251761,
32,0.1875,0.8125,0.0,0.3333333333333333,0.07692307692307693,0.125,rac_interval_cost,0.125,0.125,7,0.009528209140251761,
32,0.1875,0.8125,0.0,0.3333333333333333,0.07692307692307693,0.125,risktriage,0.125,0.125,7,0.009528209140251761,
32,0.1875,0.8125,0.0,0.3333333333333333,0.07692307692307693,0.125,crc,0.125,0.125,7,0.012240250684631573,
32,0.1875,0.8125,0.0,0.3333333333333333,0.07692307692307693,0.125,rac,0.125,0.125,7,0.012240250684631573,
32,0.1875,0.8125,0.0,0.3333333333333333,0.07692307692307693,0.125,rac_interval_cost,0.125,0.125,7,0.012240250684631573,
32,0.1875,0.8125,0.0,0.3333333333333333,0.07692307692307693,0.125,risktriage,0.125,0.125,7,0.012240250684631573,
32,0.1875,0.8125,0.0,0.3333333333333333,0.07692307692307693,0.125,crc,0.125,0.125,7,0.015724228406122587,
32,0.1875,0.8125,0.0,0.3333333333333333,0.07692307692307693,0.125,rac,0.125,0.125,7,0.015724228406122587,
32,0.1875,0.8125,0.0,0.3333333333333333,0.07692307692307693,0.125,rac_interval_cost,0.125,0.125,7,0.015724228406122587,
32,0.1875,0.8125,0.0,0.3333333333333333,0.07692307692307693,0.125,risktriage,0.125,0.125,7,0.015724228406122587,
32,0.1875,0.8125,0.0,0.3333333333333333,0.07692307692307693,0.125,crc,0.125,0.125,7,0.020199860716770504,
32,0.1875,0.8125,0.0,0.3333333333333333,0.07692307692307693,0.125,rac,0.125,0.125,7,0.020199860716770504,
32,0.1875,0.8125,0.0,0.3333333333333333,0.07692307692307693,0.125,rac_interval_cost,0.125,0.125,7,0.020199860716770504,
32,0.1875,0.8125,0.0,0.3333333333333333,0.07692307692307693,0.125,risktriage,0.125,0.125,7,0.020199860716770504,
32,0.1875,0.8125,0.0,0.3333333333333333,0.07692307692307693,0.125,crc,0.125,0.125,7,0.02594940511154434,
32,0.1875,0.8125,0.0,0.3333333333333333,0.07692307692307693,0.125,rac,0.125,0.125,7,0.02594940511154434,
32,0.1875,0.8125,0.0,0.3333333333333333,0.07692307692307693,0.125,rac_interval_cost,0.125,0.125,7,0.02594940511154434,
32,0.1875,0.8125,0.0,0.3333333333333333,0.07692307692307693,0.125,risktriage,0.125,0.125,7,0.02594940511154434,
32,0.1875,0.8125,0.0,0.3333333333333333,0.07692307692307693,0.125,crc,0.125,0.125,7,0.03333545884719843,
32,0.1875,0.8125,0.0,0.3333333333333333,0.07692307692307693,0.125,rac,0.125,0.125,7,0.03333545884719843,
32,0.1875,0.8125,0.0,0.3333333333333333,0.07692307692307693,0.125,rac_interval_cost,0.125,0.125,7,0.03333545884719843,
32,0.1875,0.8125,0.0,0.3333333333333333,0.07692307692307693,0.125,risktriage,0.125,0.125,7,0.03333545884719843,
32,0.1875,0.8125,0.0,0.3333333333333333,0.07692307692307693,0.125,crc,0.125,0.125,7,0.04282382627950448,
32,0.1875,0.8125,0.0,0.3333333333333333,0.07692307692307693,0.125,rac,0.125,0.125,7,0.04282382627950448,
32,0.1875,0.8125,0.0,0.3333333333333333,0.07692307692307693,0.125,rac_interval_cost,0.125,0.125,7,0.04282382627950448,
32,0.1875,0.8125,0.0,0.3333333333333333,0.07692307692307693,0.125,risktriage,0.125,0.125,7,0.04282382627950448,
32,0.1875,0.8125,0.0,0.3333333333333333,0.07692307692307693,0.125,crc,0.125,0.125,7,0.05501289499638314,
32,0.1875,0.8125,0.0,0.3333333333333333,0.07692307692307693,0.125,rac,0.125,0.125,7,0.05501289499638314,
32,0.1875,0.8125,0.0,0.3333333333333333,0.07692307692307693,0.125,rac_interval_cost,0.125,0.125,7,0.05501289499638314,
32,0.1875,0.8125,0.0,0.3333333333333333,0.07692307692307693,0.125,risktriage,0.125,0.125,7,0.05501289499638314,
32,0.1875,0.8125,0.0,0.3333333333333333,0.07692307692307693,0.125,crc,0.125,0.125,7,0.07067137336421346,
32,0.1875,0.8125,0.0,0.3333333333333333,0.07692307692307693,0.125,rac,0.125,0.125,7,0.07067137336421346,
32,0.1875,0.8125,0.0,0.3333333333333333,0.07692307692307693,0.125,rac_interval_cost,0.125,0.125,7,0.07067137336421346,
32,0.1875,0.8125,0.0,0.3333333333333333,0.07692307692307693,0.125,risktriage,0.125,0.125,7,0.07067137336421346,
32,0.1875,0.8125,0.0,0.3333333333333333,0.07692307692307693,0.125,crc,0.125,0.125,7,0.09078676942037721,
32,0.1875,0.8125,0.0,0.3333333333333333,0.07692307692307693,0.125,rac,0.125,0.125,7,0.09078676942037721,
32,0.1875,0.8125,0.0,0.3333333333333333,0.07692307692307693,0.125,rac_interval_cost,0.125,0.125,7,0.09078676942037721,
32,0.1875,0.8125,0.0,0.3333333333333333,0.07692307692307693,0.125,risktriage,0.125,0.125,7,0.09078676942037721,
32,0.1875,0.8125,0.0,0.3333333333333333,0.07692307692307693,0.125,crc,0.125,0.125,7,0.11662766845227944,
32,0.1875,0.8125,0.0,0.3333333333333333,0.07692307692307693,0.125,rac,0.125,0.125,7,0.11662766845227944,
32,0.1875,0.8125,0.0,0.3333333333333333,0.07692307692307693,0.125,rac_interval_cost,0.125,0.125,7,0.11662766845227944,
32,0.1875,0.8125,0.0,0.3333333333333333,0.07692307692307693,0.125,risktriage,0.125,0.125,7,0.11662766845227944,
32,0.1875,0.8125,0.0,0.3333333333333333,0.07692307692307693,0.125,crc,0.125,0.125,7,0.1498237368226237,
32,0.1875,0.8125,0.0,0.3333333333333333,0.07692307692307693,0.125,rac,0.125,0.125,7,0.1498237368226237,
32,0.1875,0.8125,0.0,0.3333333333333333,0.07692307692307693,0.125,rac_interval_cost,0.125,0.125,7,0.1498237368226237,
32,0.1875,0.8125,0.0,0.3333333333333333,0.07692307692307693,0.125,risktriage,0.125,0.125,7,0.1498237368226237,
32,0.1875,0.8125,0.0,0.3333333333333333,0.07692307692307693,0.125,crc,0.125,0.125,7,0.1924684975133451,
32,0.1875,0.8125,0.0,0.3333333333333333,0.07692307692307693,0.125,rac,0.125,0.125,7,0.1924684975133451,
32,0.1875,0.8125,0.0,0.3333333333333333,0.07692307692307693,0.125,rac_interval_cost,0.125,0.125,7,0.1924684975133451,
32,0.1875,0.8125,0.0,0.3333333333333333,0.07692307692307693,0.125,risktriage,0.125,0.125,7,0.1924684975133451,
32,0.1875,0.8125,0.0,0.3333333333333333,0.07692307692307693,0.125,crc,0.125,0.125,7,0.24725135896791245,
32,0.1875,0.8125,0.0,0.3333333333333333,0.07692307692307693,0.125,rac,0.125,0.125,7,0.24725135896791245,
32,0.1875,0.8125,0.0,0.3333333333333333,0.07692307692307693,0.125,rac_interval_cost,0.125,0.125,7,0.24725135896791245,
32,0.1875,0.8125,0.0,0.3333333333333333,0.07692307692307693,0.125,risktriage,0.125,0.125,7,0.24725135896791245,
32,0.1875,0.8125,0.0,0.3333333333333333,0.07692307692307693,0.125,crc,0.125,0.125,7,0.3176272236823625,
32,0.1875,0.8125,0.0,0.3333333333333333,0.07692307692307693,0.125,rac,0.125,0.125,7,0.3176272236823625,
32,0.1875,0.8125,0.0,0.3333333333333333,0.07692307692307693,0.125,rac_interval_cost,0.125,0.125,7,0.3176272236823625,
32,0.1875,0.8125,0.0,0.3333333333333333,0.07692307692307693,0.125,risktriage,0.125,0.125,7,0.3176272236823625,
32,0.1875,0.8125,0.0,0.3333333333333333,0.07692307692307693,0.125,crc,0.125,0.125,7,0.4080343729769282,
32,0.1875,0.8125,0.0,0.3333333333333333,0.07692307692307693,0.125,rac,0.125,0.125,7,0.4080343729769282,
32,0.1875,0.8125,0.0,0.3333333333333333,0.07692307692307693,0.125,rac_interval_cost,0.125,0.125,7,0.4080343729769282,
32,0.1875,0.8125,0.0,0.3333333333333333,0.07692307692307693,0.125,risktriage,0.125,0.125,7,0.4080343729769282,
32,0.15625,0.8125,0.03125,0.4,0.07692307692307693,0.125,crc,0.125,0.13125,7,0.5241743689362482,
32,0.15625,0.8125,0.03125,0.4,0.07692307692307693,0.125,rac,0.125,0.13125,7,0.5241743689362482,
32,0.15625,0.8125,0.03125,0.4,0.07692307692307693,0.125,rac_interval_cost,0.125,0.13125,7,0.5241743689362482,
32,0.1875,0.8125,0.0,0.3333333333333333,0.07692307692307693,0.125,risktriage,0.125,0.125,7,0.5241743689362482,
32,0.15625,0.8125,0.03125,0.4,0.07692307692307693,0.125,crc,0.125,0.13125,7,0.6733716256430435,
32,0.15625,0.8125,0.03125,0.4,0.07692307692307693,0.125,rac,0.125,0.13125,7,0.6733716256430435,
32,0.15625,0.8125,0.03125,0.4,0.07692307692307693,0.125,rac_interval_cost,0.125,0.13125,7,0.6733716256430435,
32,0.15625,0.8125,0.03125,0.4,0.07692307692307693,0.125,risktriage,0.125,0.13125,7,0.6733716256430435,
32,0.15625,0.8125,0.03125,0.4,0.07692307692307693,0.125,crc,0.125,0.13125,7,0.8650353262051673,
32,0.15625,0.8125,0.03125,0.4,0.07692307692307693,0.125,rac,0.125,0.13125,7,0.8650353262051673,
32,0.15625,0.8125,0.03125,0.4,0.07692307692307693,0.125,rac_interval_cost,0.125,0.13125,7,0.8650353262051673,
32,0.15625,0.8125,0.03125,0.4,0.07692307692307693,0.125,risktriage,0.125,0.13125,7,0.8650353262051673,
32,0.15625,0.8125,0.03125,0.4,0.07692307692307693,0.125,crc,0.125,0.13125,7,1.1112528165532598,
32,0.15625,0.8125,0.03125,0.4,0.07692307692307693,0.125,rac,0.125,0.13125,7,1.1112528165532598,
32,0.15625,0.8125,0.03125,0.4,0.07692307692307693,0.125,rac_interval_cost,0.125,0.13125,7,1.1112528165532598,
32,0.15625,0.8125,0.03125,0.4,0.07692307692307693,0.125,risktriage,0.125,0.13125,7,1.1112528165532598,
32,0.125,0.8125,0.0625,0.25,0.07692307692307693,0.09375,crc,0.09375,0.10625,7,1.427551898619996,
32,0.125,0.8125,0.0625,0.25,0.07692307692307693,0.09375,rac,0.09375,0.10625,7,1.427551898619996,
32,0.125,0.8125,0.0625,0.25,0.07692307692307693,0.09375,rac_interval_cost,0.09375,0.10625,7,1.427551898619996,
32,0.15625,0.8125,0.03125,0.4,0.07692307692307693,0.125,risktriage,0.125,0.13125,7,1.427551898619996,
32,0.125,0.8125,0.0625,0.25,0.07692307692307693,0.09375,crc,0.09375,0.10625,7,1.8338800972171785,
32,0.125,0.8125,0.0625,0.25,0.07692307692307693,0.09375,rac,0.09375,0.10625,7,1.8338800972171785,
32,0.125,0.8125,0.0625,0.25,0.07692307692307693,0.09375,rac_interval_cost,0.09375,0.10625,7,1.8338800972171785,
32,0.125,0.8125,0.0625,0.25,0.07692307692307693,0.09375,risktriage,0.09375,0.10625,7,1.8338800972171785,
32,0.125,0.8125,0.0625,0.25,0.07692307692307693,0.09375,crc,0.09375,0.10625,7,2.355862658457733,
32,0.125,0.8125,0.0625,0.25,0.07692307692307693,0.09375,rac,0.09375,0.10625,7,2.355862658457733,
32,0.125,0.8125,0.0625,0.25,0.07692307692307693,0.09375,rac_interval_cost,0.09375,0.10625,7,2.355862658457733,
32,0.125,0.8125,0.0625,0.25,0.07692307692307693,0.09375,risktriage,0.09375,0.10625,7,2.355862658457733,
32,0.125,0.8125,0.0625,0.25,0.07692307692307693,0.09375,crc,0.09375,0.10625,7,3.026418615883077,
32,0.125,0.8125,0.0625,0.25,0.07692307692307693,0.09375,rac,0.09375,0.10625,7,3.026418615883077,
32,0.125,0.8125,0.0625,0.25,0.07692307692307693,0.09375,rac_interval_cost,0.09375,0.10625,7,3.026418615883077,
32,0.125,0.8125,0.0625,0.25,0.07692307692307693,0.09375,risktriage,0.09375,0.10625,7,3.026418615883077,
32,0.125,0.78125,0.09375,0.25,0.08,0.09375,crc,0.09375,0.11249999999999999,7,3.8878368421356635,
32,0.125,0.78125,0.09375,0.25,0.08,0.09375,rac,0.09375,0.11249999999999999,7,3.8878368421356635,
32,0.125,0.78125,0.09375,0.25,0.08,0.09375,rac_interval_cost,0.09375,0.11249999999999999,7,3.8878368421356635,
32,0.125,0.78125,0.09375,0.25,0.08,0.09375,risktriage,0.09375,0.11249999999999999,7,3.8878368421356635,
32,0.125,0.75,0.125,0.25,0.041666666666666664,0.0625,crc,0.0625,0.0875,7,4.99444301318406,
32,0.125,0.75,0.125,0.25,0.041666666666666664,0.0625,rac,0.0625,0.0875,7,4.99444301318406,
32,0.125,0.75,0.125,0.25,0.041666666666666664,0.0625,rac_interval_cost,0.0625,0.0875,7,4.99444301318406,
32,0.125,0.75,0.125,0.25,0.041666666666666664,0.0625,risktriage,0.0625,0.0875,7,4.99444301318406,
32,0.125,0.75,0.125,0.25,0.041666666666666664,0.0625,crc,0.0625,0.0875,7,6.416025678238236,
32,0.125,0.75,0.125,0.25,0.041666666666666664,0.0625,rac,0.0625,0.0875,7,6.416025678238236,
32,0.125,0.75,0.125,0.25,0.041666666666666664,0.0625,rac_interval_cost,0.0625,0.0875,7,6.416025678238236,
32,0.125,0.75,0.125,0.25,0.041666666666666664,0.0625,risktriage,0.0625,0.0875,7,6.416025678238236,
32,0.125,0.6875,0.1875,0.25,0.0,0.03125,crc,0.03125,0.06874999999999999,7,8.24223750178874,
32,0.125,0.6875,0.1875,0.25,0.0,0.03125,rac,0.03125,0.06874999999999999,7,8.24223750178874,
32,0.125,0.6875,0.1875,0.25,0.0,0.03125,rac_interval_cost,0.03125,0.06874999999999999,7,8.24223750178874,
32,0.125,0.71875,0.15625,0.25,0.0,0.03125,risktriage,0.03125,0.0625,7,8.24223750178874,
32,0.125,0.6875,0.1875,0.25,0.0,0.03125,crc,0.03125,0.06874999999999999,7,10.588249243813296,
32,0.125,0.6875,0.1875,0.25,0.0,0.03125,rac,0.03125,0.06874999999999999,7,10.588249243813296,
32,0.125,0.6875,0.1875,0.25,0.0,0.03125,rac_interval_cost,0.03125,0.06874999999999999,7,10.588249243813296,
32,0.125,0.6875,0.1875,0.25,0.0,0.03125,risktriage,0.03125,0.06874999999999999,7,10.588249243813296,
32,0.125,0.6875,0.1875,0.25,0.0,0.03125,crc,0.03125,0.06874999999999999,7,13.602013048614817,
32,0.125,0.6875,0.1875,0.25,0.0,0.03125,rac,0.03125,0.06874999999999999,7,13.602013048614817,
32,0.125,0.6875,0.1875,0.25,0.0,0.03125,rac_interval_cost,0.03125,0.06874999999999999,7,13.602013048614817,
32,0.125,0.6875,0.1875,0.25,0.0,0.03125,risktriage,0.03125,0.06874999999999999,7,13.602013048614817,
32,0.09375,0.65625,0.25,0.0,0.0,0.0,crc,0.0,0.05,7,17.473593104430527,
32,0.09375,0.65625,0.25,0.0,0.0,0.0,rac,0.0,0.05,7,17.473593104430527,
32,0.09375,0.65625,0.25,0.0,0.0,0.0,rac_interval_cost,0.0,0.05,7,17.473593104430527,
32,0.125,0.6875,0.1875,0.25,0.0,0.03125,risktriage,0.03125,0.06874999999999999,7,17.473593104430527,
32,0.0625,0.5625,0.375,0.0,0.0,0.0,crc,0.0,0.07500000000000001,7,22.447152115494806,
32,0.0625,0.5625,0.375,0.0,0.0,0.0,rac,0.0,0.07500000000000001,7,22.447152115494806,
32,0.0625,0.5625,0.375,0.0,0.0,0.0,rac_interval_cost,0.0,0.07500000000000001,7,22.447152115494806,
32,0.0625,0.65625,0.28125,0.0,0.0,0.0,risktriage,0.0,0.05625000000000001,7,22.447152115494806,
32,0.03125,0.4375,0.53125,0.0,0.0,0.0,crc,0.0,0.10625000000000001,7,28.836349518085193,
32,0.03125,0.4375,0.53125,0.0,0.0,0.0,rac,0.0,0.10625000000000001,7,28.836349518085193,
32,0.03125,0.4375,0.53125,0.0,0.0,0.0,rac_interval_cost,0.0,0.10625000000000001,7,28.836349518085193,
32,0.0625,0.53125,0.40625,0.0,0.0,0.0,risktriage,0.0,0.08125000000000002,7,28.836349518085193,
32,0.0,0.3125,0.6875,,0.0,0.0,crc,0.0,0.1375,7,37.04412253504454,
32,0.0,0.3125,0.6875,,0.0,0.0,rac,0.0,0.1375,7,37.04412253504454,
32,0.0,0.3125,0.6875,,0.0,0.0,rac_interval_cost,0.0,0.1375,7,37.04412253504454,
32,0.03125,0.40625,0.5625,0.0,0.0,0.0,risktriage,0.0,0.1125,7,37.04412253504454,
32,0.0,0.25,0.75,,0.0,0.0,crc,0.0,0.15000000000000002,7,47.588097568686855,
32,0.0,0.25,0.75,,0.0,0.0,rac,0.0,0.15000000000000002,7,47.588097568686855,
32,0.0,0.25,0.75,,0.0,0.0,rac_interval_cost,0.0,0.15000000000000002,7,47.588097568686855,
32,0.0,0.3125,0.6875,,0.0,0.0,risktriage,0.0,0.1375,7,47.588097568686855,
32,0.0,0.21875,0.78125,,0.0,0.0,crc,0.0,0.15625000000000003,7,61.1332345114795,
32,0.0,0.21875,0.78125,,0.0,0.0,rac,0.0,0.15625000000000003,7,61.1332345114795,
32,0.0,0.21875,0.78125,,0.0,0.0,rac_interval_cost,0.0,0.15625000000000003,7,61.1332345114795,
32,0.0,0.25,0.75,,0.0,0.0,risktriage,0.0,0.15000000000000002,7,61.1332345114795,
32,0.0,0.125,0.875,,0.0,0.0,crc,0.0,0.17500000000000002,7,78.53376270066923,
32,0.0,0.125,0.875,,0.0,0.0,rac,0.0,0.17500000000000002,7,78.53376270066923,
32,0.0,0.125,0.875,,0.0,0.0,rac_interval_cost,0.0,0.17500000000000002,7,78.53376270066923,
32,0.0,0.21875,0.78125,,0.0,0.0,risktriage,0.0,0.15625000000000003,7,78.53376270066923,
32,0.0,0.03125,0.96875,,0.0,0.0,crc,0.0,0.19375,7,100.88705322416554,
32,0.0,0.03125,0.96875,,0.0,0.0,rac,0.0,0.19375,7,100.88705322416554,
32,0.0,0.03125,0.96875,,0.0,0.0,rac_interval_cost,0.0,0.19375,7,100.88705322416554,
32,0.0,0.09375,0.90625,,0.0,0.0,risktriage,0.0,0.18125000000000002,7,100.88705322416554,
32,0.0,0.03125,0.96875,,0.0,0.0,crc,0.0,0.19375,7,129.60282505563526,
32,0.0,0.03125,0.96875,,0.0,0.0,rac,0.0,0.19375,7,129.60282505563526,
32,0.0,0.03125,0.96875,,0.0,0.0,rac_interval_cost,0.0,0.19375,7,129.60282505563526,
32,0.0,0.03125,0.96875,,0.0,0.0,risktriage,0.0,0.19375,7,129.60282505563526,
32,0.1875,0.8125,0.0,0.3333333333333333,0.07692307692307693,0.125,uncertainty,0.125,0.125,7,0.0,
32,0.1875,0.75,0.0625,0.3333333333333333,0.041666666666666664,0.09375,uncertainty,0.09375,0.10625000000000001,7,0.05,
32,0.1875,0.71875,0.09375,0.3333333333333333,0.043478260869565216,0.09375,uncertainty,0.09375,0.1125,7,0.1,
32,0.1875,0.65625,0.15625,0.3333333333333333,0.0,0.0625,uncertainty,0.0625,0.09375,7,0.15000000000000002,
32,0.1875,0.625,0.1875,0.3333333333333333,0.0,0.0625,uncertainty,0.0625,0.1,7,0.2,
32,0.1875,0.5625,0.25,0.3333333333333333,0.0,0.0625,uncertainty,0.0625,0.11249999999999999,7,0.25,
32,0.1875,0.5,0.3125,0.3333333333333333,0.0,0.0625,uncertainty,0.0625,0.125,7,0.30000000000000004,
32,0.15625,0.5,0.34375,0.2,0.0,0.03125,uncertainty,0.03125,0.1,7,0.35000000000000003,
32,0.125,0.46875,0.40625,0.25,0.0,0.03125,uncertainty,0.03125,0.1125,7,0.4,
32,0.09375,0.46875,0.4375,0.3333333333333333,0.0,0.03125,uncertainty,0.03125,0.11875,7,0.45,
32,0.09375,0.40625,0.5,0.3333333333333333,0.0,0.03125,uncertainty,0.03125,0.13124999999999998,7,0.5,
32,0.0625,0.375,0.5625,0.0,0.0,0.0,uncertainty,0.0,0.1125,7,0.55,
32,0.0625,0.34375,0.59375,0.0,0.0,0.0,uncertainty,0.0,0.11875000000000001,7,0.6000000000000001,
32,0.03125,0.3125,0.65625,0.0,0.0,0.0,uncertainty,0.0,0.13125,7,0.65,
32,0.03125,0.28125,0.6875,0.0,0.0,0.0,uncertainty,0.0,0.1375,7,0.7000000000000001,
32,0.03125,0.21875,0.75,0.0,0.0,0.0,uncertainty,0.0,0.15000000000000002,7,0.75,
32,0.0,0.1875,0.8125,,0.0,0.0,uncertainty,0.0,0.16250000000000003,7,0.8,
32,0.0,0.15625,0.84375,,0.0,0.0,uncertainty,0.0,0.16875,7,0.8500000000000001,
32,0.0,0.09375,0.90625,,0.0,0.0,uncertainty,0.0,0.18125000000000002,7,0.9,
32,0.0,0.0625,0.9375,,0.0,0.0,uncertainty,0.0,0.1875,7,0.9500000000000001,
32,0.0,0.0,1.0,,,0.0,uncertainty,0.0,0.2,7,1.0,
32,0.0,0.09375,0.90625,,0.0,0.0,split_cp,0.0,0.18125000000000002,7,0.02,1.0
32,0.0,0.09375,0.90625,,0.0,0.0,split_cp,0.0,0.18125000000000002,7,0.05,1.0
32,0.0,0.09375,0.90625,,0.0,0.0,split_cp,0.0,0.18125000000000002,7,0.08,1.0
32,0.0,0.21875,0.78125,,0.0,0.0,split_cp,0.0,0.15625000000000003,7,0.11,0.96875
32,0.0625,0.53125,0.40625,0.0,0.0,0.0,split_cp,0.0,0.08125000000000002,7,0.13999999999999999,0.8125
32,0.0625,0.53125,0.40625,0.0,0.0,0.0,split_cp,0.0,0.08125000000000002,7,0.16999999999999998,0.78125
32,0.0625,0.5625,0.375,0.0,0.0,0.0,split_cp,0.0,0.07500000000000001,7,0.19999999999999998,0.78125
32,0.0625,0.625,0.3125,0.0,0.0,0.0,split_cp,0.0,0.0625,7,0.22999999999999998,0.78125
32,0.09375,0.65625,0.25,0.0,0.0,0.0,split_cp,0.0,0.05,7,0.26,0.78125
32,0.09375,0.65625,0.25,0.0,0.0,0.0,split_cp,0.0,0.05,7,0.29000000000000004,0.78125
32,0.09375,0.6875,0.21875,0.0,0.0,0.0,split_cp,0.0,0.04375,7,0.32,0.75
32,0.125,0.6875,0.1875,0.25,0.0,0.03125,split_cp,0.03125,0.06874999999999999,7,0.35,0.75
32,0.125,0.6875,0.1875,0.25,0.0,0.03125,split_cp,0.03125,0.06874999999999999,7,0.38,0.75
32,0.125,0.6875,0.1875,0.25,0.0,0.03125,split_cp,0.03125,0.06874999999999999,7,0.41000000000000003,0.6875
32,0.125,0.6875,0.1875,0.25,0.0,0.03125,split_cp,0.03125,0.06874999999999999,7,0.44,0.6875
32,0.125,0.6875,0.1875,0.25,0.0,0.03125,split_cp,0.03125,0.06874999999999999,7,0.47,0.5625
32,0.125,0.6875,0.1875,0.25,0.0,0.03125,split_cp,0.03125,0.06874999999999999,7,0.5,0.5625
30,0.23333333333333334,0.7666666666666667,0.0,0.2857142857142857,0.08695652173913043,0.13333333333333333,crc,0.13333333333333333,0.13333333333333333,8,0.0,
30,0.23333333333333334,0.7666666666666667,0.0,0.2857142857142857,0.08695652173913043,0.13333333333333333,rac,0.13333333333333333,0.13333333333333333,8,0.0,
30,0.23333333333333334,0.7666666666666667,0.0,0.2857142857142857,0.08695652173913043,0.13333333333333333,rac_interval_cost,0.13333333333333333,0.13333333333333333,8,0.0,
30,0.23333333333333334,0.7666666666666667,0.0,0.2857142857142857,0.08695652173913043,0.13333333333333333,risktriage,0.13333333333333333,0.13333333333333333,8,0.0,
30,0.23333333333333334,0.7666666666666667,0.0,0.2857142857142857,0.08695652173913043,0.13333333333333333,crc,0.13333333333333333,0.13333333333333333,8,0.001,
30,0.23333333333333334,0.7666666666666667,0.0,0.2857142857142857,0.08695652173913043,0.13333333333333333,rac,0.13333333333333333,0.13333333333333333,8,0.001,
30,0.23333333333333334,0.7666666666666667,0.0,0.2857142857142857,0.08695652173913043,0.13333333333333333,rac_interval_cost,0.13333333333333333,0.13333333333333333,8,0.001,
30,0.23333333333333334,0.7666666666666667,0.0,0.2857142857142857,0.08695652173913043,0.13333333333333333,risktriage,0.13333333333333333,0.13333333333333333,8,0.001,
30,0.23333333333333334,0.7666666666666667,0.0,0.2857142857142857,0.08695652173913043,0.13333333333333333,crc,0.13333333333333333,0.13333333333333333,8,0.001276881523786495,
30,0.23333333333333334,0.7666666666666667,0.0,0.2857142857142857,0.08695652173913043,0.13333333333333333,rac,0.13333333333333333,0.13333333333333333,8,0.001276881523786495,
30,0.23333333333333334,0.7666666666666667,0.0,0.2857142857142857,0.08695652173913043,0.13333333333333333,rac_interval_cost,0.13333333333333333,0.13333333333333333,8,0.001276881523786495,
30,0.23333333333333334,0.7666666666666667,0.0,0.2857142857142857,0.08695652173913043,0.13333333333333333,risktriage,0.13333333333333333,0.13333333333333333,8,0.001276881523786495,
30,0.23333333333333334,0.7666666666666667,0.0,0.2857142857142857,0.08695652173913043,0.13333333333333333,crc,0.13333333333333333,0.13333333333333333,8,0.001630426425787323,
30,0.23333333333333334,0.7666666666666667,0.0,0.2857142857142857,0.08695652173913043,0.13333333333333333,rac,0.13333333333333333,0.13333333333333333,8,0.001630426425787323,
30,0.23333333333333334,0.7666666666666667,0.0,0.2857142857142857,0.08695652173913043,0.13333333333333333,rac_interval_cost,0.13333333333333333,0.13333333333333333,8,0.001630426425787323,
30,0.23333333333333334,0.7666666666666667,0.0,0.2857142857142857,0.08695652173913043,0.13333333333333333,risktriage,0.13333333333333333,0.13333333333333333,8,0.001630426425787323,
30,0.23333333333333334,0.7666666666666667,0.0,0.2857142857142857,0.08695652173913043,0.13333333333333333,crc,0.13333333333333333,0.13333333333333333,8,0.0020818613789810856,
30,0.23333333333333334,0.7666666666666667,0.0,0.2857142857142857,0.08695652173913043,0.13333333333333333,rac,0.13333333333333333,0.13333333333333333,8,0.0020818613789810856,
30,0.23333333333333334,0.7666666666666667,0.0,0.2857142857142857,0.08695652173913043,0.13333333333333333,rac_interval_cost,0.13333333333333333,0.13333333333333333,8,0.0020818613789810856,
30,0.23333333333333334,0.7666666666666667,0.0,0.2857142857142857,0.08695652173913043,0.13333333333333333,risktriage,0.13333333333333333,0.13333333333333333,8,0.0020818613789810856,
30,0.23333333333333334,0.7666666666666667,0.0,0.2857142857142857,0.08695652173913043,0.13333333333333333,crc,0.13333333333333333,0.13333333333333333,8,0.002658290329905625,
30,0.23333333333333334,0.7666666666666667,0.0,0.2857142857142857,0.08695652173913043,0.13333333333333333,rac,0.13333333333333333,0.13333333333333333,8,0.002658290329905625,
30,0.23333333333333334,0.7666666666666667,0.0,0.2857142857142857,0.08695652173913043,0.13333333333333333,rac_interval_cost,0.13333333333333333,0.13333333333333333,8,0.002658290329905625,
30,0.23333333333333334,0.7666666666666667,0.0,0.2857142857142857,0.08695652173913043,0.13333333333333333,risktriage,0.13333333333333333,0.13333333333333333,8,0.002658290329905625,
30,0.23333333333333334,0.7666666666666667,0.0,0.2857142857142857,0.08695652173913043,0.13333333333333333,crc,0.13333333333333333,0.13333333333333333,8,0.0033943218071167992,
30,0.23333333333333334,0.7666666666666667,0.0,0.2857142857142857,0.08695652173913043,0.13333333333333333,rac,0.13333333333333333,0.13333333333333333,8,0.0033943218071167992,
30,0.23333333333333334,0.7666666666666667,0.0,0.2857142857142857,0.08695652173913043,0.13333333333333333,rac_interval_cost,0.13333333333333333,0.13333333333333333,8,0.0033943218071167992,
30,0.23333333333333334,0.7666666666666667,0.0,0.2857142857142857,0.08695652173913043,0.13333333333333333,risktriage,0.13333333333333333,0.13333333333333333,8,0.0033943218071167992,
30,0.23333333333333334,0.7666666666666667,0.0,0.2857142857142857,0.08695652173913043,0.13333333333333333,crc,0.13333333333333333,0.13333333333333333,8,0.004334146801293028,
30,0.23333333333333334,0.7666666666666667,0.0,0.2857142857142857,0.08695652173913043,0.13333333333333333,rac,0.13333333333333333,0.13333333333333333,8,0.004334146801293028,
30,0.23333333333333334,0.7666666666666667,0.0,0.2857142857142857,0.08695652173913043,0.13333333333333333,rac_interval_cost,0.13333333333333333,0.13333333333333333,8,0.004334146801293028,
30,0.23333333333333334,0.7666666666666667,0.0,0.2857142857142857,0.08695652173913043,0.13333333333333333,risktriage,0.13333333333333333,0.13333333333333333,8,0.004334146801293028,
30,0.23333333333333334,0.7666666666666667,0.0,0.2857142857142857,0.08695652173913043,0.13333333333333333,crc,0.13333333333333333,0.13333333333333333,8,0.005534191971949411,
30,0.23333333333333334,0.7666666666666667,0.0,0.2857142857142857,0.08695652173913043,0.13333333333333333,rac,0.13333333333333333,0.13333333333333333,8,0.005534191971949411,
30,0.23333333333333334,0.7666666666666667,0.0,0.2857142857142857,0.08695652173913043,0.13333333333333333,rac_interval_cost,0.13333333333333333,0.13333333333333333,8,0.005534191971949411,
30,0.23333333333333334,0.7666666666666667,0.0,0.2857142857142857,0.08695652173913043,0.13333333333333333,risktriage,0.13333333333333333,0.13333333333333333,8,0.005534191971949411,
30,0.23333333333333334,0.7666666666666667,0.0,0.2857142857142857,0.08695652173913043,0.13333333333333333,crc,0.13333333333333333,0.13333333333333333,8,0.007066507478069758,
30,0.23333333333333334,0.7666666666666667,0.0,0.2857142857142857,0.08695652173913043,0.13333333333333333,rac,0.13333333333333333,0.13333333333333333,8,0.007066507478069758,
30,0.23333333333333334,0.7666666666666667,0.0,0.2857142857142857,0.08695652173913043,0.13333333333333333,rac_interval_cost,0.13333333333333333,0.13333333333333333,8,0.007066507478069758,
30,0.23333333333333334,0.7666666666666667,0.0,0.2857142857142857,0.08695652173913043,0.13333333333333333,risktriage,0.13333333333333333,0.13333333333333333,8,0.007066507478069758,
30,0.2,0.7666666666666667,0.03333333333333333,0.16666666666666666,0.08695652173913043,0.1,crc,0.1,0.10666666666666667,8,0.009023092836446374,
30,0.2,0.7666666666666667,0.03333333333333333,0.16666666666666666,0.08695652173913043,0.1,rac,0.1,0.10666666666666667,8,0.009023092836446374,
30,0.2,0.7666666666666667,0.03333333333333333,0.16666666666666666,0.08695652173913043,0.1,rac_interval_cost,0.1,0.10666666666666667,8,0.009023092836446374,
30,0.23333333333333334,0.7666666666666667,0.0,0.2857142857142857,0.08695652173913043,0.13333333333333333,risktriage,0.13333333333333333,0.13333333333333333,8,0.009023092836446374,
30,0.2,0.7666666666666667,0.03333333333333333,0.16666666666666666,0.08695652173913043,0.1,crc,0.1,0.10666666666666667,8,0.01152142053026866,
30,0.2,0.7666666666666667,0.03333333333333333,0.16666666666666666,0.08695652173913043,0.1,rac,0.1,0.10666666666666667,8,0.01152142053026866,
30,0.2,0.7666666666666667,0.03333333333333333,0.16666666666666666,0.08695652173913043,0.1,rac_interval_cost,0.1,0.10666666666666667,8,0.01152142053026866,
30,0.2,0.7666666666666667,0.03333333333333333,0.16666666666666666,0.08695652173913043,0.1,risktriage,0.1,0.10666666666666667,8,0.01152142053026866,
30,0.2,0.7666666666666667,0.03333333333333333,0.16666666666666666,0.08695652173913043,0.1,crc,0.1,0.10666666666666667,8,0.014711489002874462,
30,0.2,0.7666666666666667,0.03333333333333333,0.16666666666666666,0.08695652173913043,0.1,rac,0.1,0.10666666666666667,8,0.014711489002874462,
30,0.2,0.7666666666666667,0.03333333333333333,0.16666666666666666,0.08695652173913043,0.1,rac_interval_cost,0.1,0.10666666666666667,8,0.014711489002874462,
30,0.2,0.7666666666666667,0.03333333333333333,0.16666666666666666,0.08695652173913043,0.1,risktriage,0.1,0.10666666666666667,8,0.014711489002874462,
30,0.2,0.7666666666666667,0.03333333333333333,0.16666666666666666,0.08695652173913043,0.1,crc,0.1,0.10666666666666667,8,0.018784828495158605,
30,0.2,0.7666666666666667,0.03333333333333333,0.16666666666666666,0.08695652173913043,0.1,rac,0.1,0.10666666666666667,8,0.018784828495158605,
30,0.2,0.7666666666666667,0.03333333333333333,0.16666666666666666,0.08695652173913043,0.1,rac_interval_cost,0.1,0.10666666666666667,8,0.018784828495158605,
30,0.2,0.7666666666666667,0.03333333333333333,0.16666666666666666,0.08695652173913043,0.1,risktriage,0.1,0.10666666666666667,8,0.018784828495158605,
30,0.2,0.7666666666666667,0.03333333333333333,0.16666666666666666,0.08695652173913043,0.1,crc,0.1,0.10666666666666667,8,0.023986000432966104,
30,0.2,0.7666666666666667,0.03333333333333333,0.16666666666666666,0.08695652173913043,0.1,rac,0.1,0.10666666666666667,8,0.023986000432966104,
30,0.2,0.7666666666666667,0.03333333333333333,0.16666666666666666,0.08695652173913043,0.1,rac_interval_cost,0.1,0.10666666666666667,8,0.023986000432966104,
30,0.2,0.7666666666666667,0.03333333333333333,0.16666666666666666,0.08695652173913043,0.1,risktriage,0.1,0.10666666666666667,8,0.023986000432966104,
30,0.2,0.7666666666666667,0.03333333333333333,0.16666666666666666,0.08695652173913043,0.1,crc,0.1,0.10666666666666667,8,0.030627280782389306,
30,0.2,0.7666666666666667,0.03333333333333333,0.16666666666666666,0.08695652173913043,0.1,rac,0.1,0.10666666666666667,8,0.030627280782389306,
30,0.2,0.7666666666666667,0.03333333333333333,0.16666666666666666,0.08695652173913043,0.1,rac_interval_cost,0.1,0.10666666666666667,8,0.030627280782389306,
30,0.2,0.7666666666666667,0.03333333333333333,0.16666666666666666,0.08695652173913043,0.1,risktriage,0.1,0.10666666666666667,8,0.030627280782389306,
30,0.2,0.7666666666666667,0.03333333333333333,0.16666666666666666,0.08695652173913043,0.1,crc,0.1,0.10666666666666667,8,0.03910740895485411,
30,0.2,0.7666666666666667,0.03333333333333333,0.16666666666666666,0.08695652173913043,0.1,rac,0.1,0.10666666666666667,8,0.03910740895485411,
30,0.2,0.7666666666666667,0.03333333333333333,0.16666666666666666,0.08695652173913043,0.1,rac_interval_cost,0.1,0.10666666666666667,8,0.03910740895485411,
30,0.2,0.7666666666666667,0.03333333333333333,0.16666666666666666,0.08695652173913043,0.1,risktriage,0.1,0.10666666666666667,8,0.03910740895485411,
30,0.2,0.7666666666666667,0.03333333333333333,0.16666666666666666,0.08695652173913043,0.1,crc,0.1,0.10666666666666667,8,0.04993552793761576,
30,0.2,0.7666666666666667,0.03333333333333333,0.16666666666666666,0.08695652173913043,0.1,rac,0.1,0.10666666666666667,8,0.04993552793761576,
30,0.2,0.7666666666666667,0.03333333333333333,0.16666666666666666,0.08695652173913043,0.1,rac_interval_cost,0.1,0.10666666666666667,8,0.04993552793761576,
30,0.2,0.7666666666666667,0.03333333333333333,0.16666666666666666,0.08695652173913043,0.1,risktriage,0.1,0.10666666666666667,8,0.04993552793761576,
30,0.2,0.7666666666666667,0.03333333333333333,0.16666666666666666,0.08695652173913043,0.1,crc,0.1,0.10666666666666667,8,0.06376175300406595,
30,0.2,0.7666666666666667,0.03333333333333333,0.16666666666666666,0.08695652173913043,0.1,rac,0.1,0.10666666666666667,8,0.06376175300406595,
30,0.2,0.7666666666666667,0.03333333333333333,0.16666666666666666,0.08695652173913043,0.1,rac_interval_cost,0.1,0.10666666666666667,8,0.06376175300406595,
30,0.2,0.7666666666666667,0.03333333333333333,0.16666666666666666,0.08695652173913043,0.1,risktriage,0.1,0.10666666666666667,8,0.06376175300406595,
30,0.2,0.7666666666666667,0.03333333333333333,0.16666666666666666,0.08695652173913043,0.1,crc,0.1,0.10666666666666667,8,0.08141620433512989,
30,0.2,0.7666666666666667,0.03333333333333333,0.16666666666666666,0.08695652173913043,0.1,rac,0.1,0.10666666666666667,8,0.08141620433512989,
30,0.2,0.7666666666666667,0.03333333333333333,0.16666666666666666,0.08695652173913043,0.1,rac_interval_cost,0.1,0.10666666666666667,8,0.08141620433512989,
30,0.2,0.7666666666666667,0.03333333333333333,0.16666666666666666,0.08695652173913043,0.1,risktriage,0.1,0.10666666666666667,8,0.08141620433512989,
30,0.2,0.7666666666666667,0.03333333333333333,0.16666666666666666,0.08695652173913043,0.1,crc,0.1,0.10666666666666667,8,0.10395884705235328,
30,0.2,0.7666666666666667,0.03333333333333333,0.16666666666666666,0.08695652173913043,0.1,rac,0.1,0.10666666666666667,8,0.10395884705235328,
30,0.2,0.7666666666666667,0.03333333333333333,0.16666666666666666,0.08695652173913043,0.1,rac_interval_cost,0.1,0.10666666666666667,8,0.10395884705235328,
30,0.2,0.7666666666666667,0.03333333333333333,0.16666666666666666,0.08695652173913043,0.1,risktriage,0.1,0.10666666666666667,8,0.10395884705235328,
30,0.2,0.7666666666666667,0.03333333333333333,0.16666666666666666,0.08695652173913043,0.1,crc,0.1,0.10666666666666667,8,0.13274313103529617,
30,0.2,0.7666666666666667,0.03333333333333333,0.16666666666666666,0.08695652173913043,0.1,rac,0.1,0.10666666666666667,8,0.13274313103529617,
30,0.2,0.7666666666666667,0.03333333333333333,0.16666666666666666,0.08695652173913043,0.1,rac_interval_cost,0.1,0.10666666666666667,8,0.13274313103529617,
30,0.2,0.7666666666666667,0.03333333333333333,0.16666666666666666,0.08695652173913043,0.1,risktriage,0.1,0.10666666666666667,8,0.13274313103529617,
30,0.2,0.7666666666666667,0.03333333333333333,0.16666666666666666,0.08695652173913043,0.1,crc,0.1,0.10666666666666667,8,0.16949725142853936,
30,0.2,0.7666666666666667,0.03333333333333333,0.16666666666666666,0.08695652173913043,0.1,rac,0.1,0.10666666666666667,8,0.16949725142853936,
30,0.2,0.7666666666666667,0.03333333333333333,0.16666666666666666,0.08695652173913043,0.1,rac_interval_cost,0.1,0.10666666666666667,8,0.16949725142853936,
30,0.2,0.7666666666666667,0.03333333333333333,0.16666666666666666,0.08695652173913043,0.1,risktriage,0.1,0.10666666666666667,8,0.16949725142853936,
30,0.2,0.7666666666666667,0.03333333333333333,0.16666666666666666,0.08695652173913043,0.1,crc,0.1,0.10666666666666667,8,0.21642790868169623,
30,0.2,0.7666666666666667,0.03333333333333333,0.16666666666666666,0.08695652173913043,0.1,rac,0.1,0.10666666666666667,8,0.21642790868169623,
30,0.2,0.7666666666666667,0.03333333333333333,0.16666666666666666,0.08695652173913043,0.1,rac_interval_cost,0.1,0.10666666666666667,8,0.21642790868169623,
30,0.2,0.7666666666666667,0.03333333333333333,0.16666666666666666,0.08695652173913043,0.1,risktriage,0.1,0.10666666666666667,8,0.21642790868169623,
30,0.2,0.7666666666666667,0.03333333333333333,0.16666666666666666,0.08695652173913043,0.1,crc,0.1,0.10666666666666667,8,0.2763527978274087,
30,0.2,0.7666666666666667,0.03333333333333333,0.16666666666666666,0.08695652173913043,0.1,rac,0.1,0.10666666666666667,8,0.2763527978274087,
30,0.2,0.7666666666666667,0.03333333333333333,0.16666666666666666,0.08695652173913043,0.1,rac_interval_cost,0.1,0.10666666666666667,8,0.2763527978274087,
30,0.2,0.7666666666666667,0.03333333333333333,0.16666666666666666,0.08695652173913043,0.1,risktriage,0.1,0.10666666666666667,8,0.2763527978274087,
30,0.2,0.7666666666666667,0.03333333333333333,0.16666666666666666,0.08695652173913043,0.1,crc,0.1,0.10666666666666667,8,0.35286978159252275,
30,0.2,0.7666666666666667,0.03333333333333333,0.16666666666666666,0.08695652173913043,0.1,rac,0.1,0.10666666666666667,8,0.35286978159252275,
30,0.2,0.7666666666666667,0.03333333333333333,0.16666666666666666,0.08695652173913043,0.1,rac_interval_cost,0.1,0.10666666666666667,8,0.35286978159252275,
30,0.2,0.7666666666666667,0.03333333333333333,0.16666666666666666,0.08695652173913043,0.1,risktriage,0.1,0.10666666666666667,8,0.35286978159252275,
30,0.2,0.7666666666666667,0.03333333333333333,0.16666666666666666,0.08695652173913043,0.1,crc,0.1,0.10666666666666667,8,0.45057290441806863,
30,0.2,0.7666666666666667,0.03333333333333333,0.16666666666666666,0.08695652173913043,0.1,rac,0.1,0.10666666666666667,8,0.45057290441806863,
30,0.2,0.7666666666666667,0.03333333333333333,0.16666666666666666,0.08695652173913043,0.1,rac_interval_cost,0.1,0.10666666666666667,8,0.45057290441806863,
30,0.2,0.7666666666666667,0.03333333333333333,0.16666666666666666,0.08695652173913043,0.1,risktriage,0.1,0.10666666666666667,8,0.45057290441806863,
30,0.2,0.7666666666666667,0.03333333333333333,0.16666666666666666,0.08695652173913043,0.1,crc,0.1,0.10666666666666667,8,0.5753282167702503,
30,0.2,0.7666666666666667,0.03333333333333333,0.16666666666666666,0.08695652173913043,0.1,rac,0.1,0.10666666666666667,8,0.5753282167702503,
30,0.2,0.7666666666666667,0.03333333333333333,0.16666666666666666,0.08695652173913043,0.1,rac_interval_cost,0.1,0.10666666666666667,8,0.5753282167702503,
30,0.2,0.7666666666666667,0.03333333333333333,0.16666666666666666,0.08695652173913043,0.1,risktriage,0.1,0.10666666666666667,8,0.5753282167702503,
30,0.2,0.7666666666666667,0.03333333333333333,0.16666666666666666,0.08695652173913043,0.1,crc,0.1,0.10666666666666667,8,0.7346259701069647,
30,0.2,0.7666666666666667,0.03333333333333333,0.16666666666666666,0.08695652173913043,0.1,rac,0.1,0.10666666666666667,8,0.7346259701069647,
30,0.2,0.7666666666666667,0.03333333333333333,0.16666666666666666,0.08695652173913043,0.1,rac_interval_cost,0.1,0.10666666666666667,8,0.7346259701069647,
30,0.2,0.7666666666666667,0.03333333333333333,0.16666666666666666,0.08695652173913043,0.1,risktriage,0.1,0.10666666666666667,8,0.7346259701069647,
30,0.2,0.7666666666666667,0.03333333333333333,0.16666666666666666,0.08695652173913043,0.1,crc,0.1,0.10666666666666667,8,0.9380303281233132,
30,0.2,0.7666666666666667,0.03333333333333333,0.16666666666666666,0.08695652173913043,0.1,rac,0.1,0.10666666666666667,8,0.9380303281233132,
30,0.2,0.7666666666666667,0.03333333333333333,0.16666666666666666,0.08695652173913043,0.1,rac_interval_cost,0.1,0.10666666666666667,8,0.9380303281233132,
30,0.2,0.7666666666666667,0.03333333333333333,0.16666666666666666,0.08695652173913043,0.1,risktriage,0.1,0.10666666666666667,8,0.9380303281233132,
30,0.2,0.7666666666666667,0.03333333333333333,0.16666666666666666,0.08695652173913043,0.1,crc,0.1,0.10666666666666667,8,1.1977535947320435,
30,0.2,0.7666666666666667,0.03333333333333333,0.16666666666666666,0.08695652173913043,0.1,rac,0.1,0.10666666666666667,8,1.1977535947320435,
30,0.2,0.7666666666666667,0.03333333333333333,0.16666666666666666,0.08695652173913043,0.1,rac_interval_cost,0.1,0.10666666666666667,8,1.1977535947320435,
30,0.2,0.7666666666666667,0.03333333333333333,0.16666666666666666,0.08695652173913043,0.1,risktriage,0.1,0.10666666666666667,8,1.1977535947320435,
30,0.2,0.7666666666666667,0.03333333333333333,0.16666666666666666,0.08695652173913043,0.1,crc,0.1,0.10666666666666667,8,1.5293894351622035,
30,0.2,0.7666666666666667,0.03333333333333333,0.16666666666666666,0.08695652173913043,0.1,rac,0.1,0.10666666666666667,8,1.5293894351622035,
30,0.2,0.7666666666666667,0.03333333333333333,0.16666666666666666,0.08695652173913043,0.1,rac_interval_cost,0.1,0.10666666666666667,8,1.5293894351622035,
30,0.2,0.7666666666666667,0.03333333333333333,0.16666666666666666,0.08695652173913043,0.1,risktriage,0.1,0.10666666666666667,8,1.5293894351622035,
30,0.2,0.7666666666666667,0.03333333333333333,0.16666666666666666,0.08695652173913043,0.1,crc,0.1,0.10666666666666667,8,1.9528491124328833,
30,0.2,0.7666666666666667,0.03333333333333333,0.16666666666666666,0.08695652173913043,0.1,rac,0.1,0.10666666666666667,8,1.9528491124328833,
30,0.2,0.7666666666666667,0.03333333333333333,0.16666666666666666,0.08695652173913043,0.1,rac_interval_cost,0.1,0.10666666666666667,8,1.9528491124328833,
30,0.2,0.7666666666666667,0.03333333333333333,0.16666666666666666,0.08695652173913043,0.1,risktriage,0.1,0.10666666666666667,8,1.9528491124328833,
30,0.2,0.7333333333333333,0.06666666666666667,0.16666666666666666,0.09090909090909091,0.1,crc,0.1,0.11333333333333333,8,2.4935569504084043,
30,0.2,0.7333333333333333,0.06666666666666667,0.16666666666666666,0.09090909090909091,0.1,rac,0.1,0.11333333333333333,8,2.4935569504084043,
30,0.2,0.7333333333333333,0.06666666666666667,0.16666666666666666,0.09090909090909091,0.1,rac_interval_cost,0.1,0.11333333333333333,8,2.4935569504084043,
30,0.2,0.7666666666666667,0.03333333333333333,0.16666666666666666,0.08695652173913043,0.1,risktriage,0.1,0.10666666666666667,8,2.4935569504084043,
30,0.2,0.7333333333333333,0.06666666666666667,0.16666666666666666,0.09090909090909091,0.1,crc,0.1,0.11333333333333333,8,3.183976798485889,
30,0.2,0.7333333333333333,0.06666666666666667,0.16666666666666666,0.09090909090909091,0.1,rac,0.1,0.11333333333333333,8,3.183976798485889,
30,0.2,0.7333333333333333,0.06666666666666667,0.16666666666666666,0.09090909090909091,0.1,rac_interval_cost,0.1,0.11333333333333333,8,3.183976798485889,
30,0.2,0.7333333333333333,0.06666666666666667,0.16666666666666666,0.09090909090909091,0.1,risktriage,0.1,0.11333333333333333,8,3.183976798485889,
30,0.2,0.6333333333333333,0.16666666666666666,0.16666666666666666,0.0,0.03333333333333333,crc,0.03333333333333333,0.06666666666666667,8,4.065561146151512,
30,0.2,0.6333333333333333,0.16666666666666666,0.16666666666666666,0.0,0.03333333333333333,rac,0.03333333333333333,0.06666666666666667,8,4.065561146151512,
30,0.2,0.6333333333333333,0.16666666666666666,0.16666666666666666,0.0,0.03333333333333333,rac_interval_cost,0.03333333333333333,0.06666666666666667,8,4.065561146151512,
30,0.2,0.7333333333333333,0.06666666666666667,0.16666666666666666,0.09090909090909091,0.1,risktriage,0.1,0.11333333333333333,8,4.065561146151512,
30,0.2,0.6333333333333333,0.16666666666666666,0.16666666666666666,0.0,0.03333333333333333,crc,0.03333333333333333,0.06666666666666667,8,5.191239911345112,
30,0.2,0.6333333333333333,0.16666666666666666,0.16666666666666666,0.0,0.03333333333333333,rac,0.03333333333333333,0.06666666666666667,8,5.191239911345112,
30,0.2,0.6333333333333333,0.16666666666666666,0.16666666666666666,0.0,0.03333333333333333,rac_interval_cost,0.03333333333333333,0.06666666666666667,8,5.191239911345112,
30,0.2,0.6333333333333333,0.16666666666666666,0.16666666666666666,0.0,0.03333333333333333,risktriage,0.03333333333333333,0.06666666666666667,8,5.191239911345112,
30,0.2,0.6333333333333333,0.16666666666666666,0.16666666666666666,0.0,0.03333333333333333,crc,0.03333333333333333,0.06666666666666667,8,6.628598328339622,
30,0.2,0.6333333333333333,0.16666666666666666,0.16666666666666666,0.0,0.03333333333333333,rac,0.03333333333333333,0.06666666666666667,8,6.628598328339622,
30,0.2,0.6333333333333333,0.16666666666666666,0.16666666666666666,0.0,0.03333333333333333,rac_interval_cost,0.03333333333333333,0.06666666666666667,8,6.628598328339622,
30,0.2,0.6333333333333333,0.16666666666666666,0.16666666666666666,0.0,0.03333333333333333,risktriage,0.03333333333333333,0.06666666666666667,8,6.628598328339622,
30,0.2,0.5666666666666667,0.23333333333333334,0.16666666666666666,0.0,0.03333333333333333,crc,0.03333333333333333,0.08000000000000002,8,8.46393473405891,
30,0.2,0.5666666666666667,0.23333333333333334,0.16666666666666666,0.0,0.03333333333333333,rac,0.03333333333333333,0.08000000000000002,8,8.46393473405891,
30,0.2,0.5666666666666667,0.23333333333333334,0.16666666666666666,0.0,0.03333333333333333,rac_interval_cost,0.03333333333333333,0.08000000000000002,8,8.46393473405891,
30,0.2,0.6,0.2,0.16666666666666666,0.0,0.03333333333333333,risktriage,0.03333333333333333,0.07333333333333332,8,8.46393473405891,
30,0.2,0.5333333333333333,0.26666666666666666,0.16666666666666666,0.0,0.03333333333333333,crc,0.03333333333333333,0.08666666666666668,8,10.807441880454583,
30,0.2,0.5333333333333333,0.26666666666666666,0.16666666666666666,0.0,0.03333333333333333,rac,0.03333333333333333,0.08666666666666668,8,10.807441880454583,
30,0.2,0.5333333333333333,0.26666666666666666,0.16666666666666666,0.0,0.03333333333333333,rac_interval_cost,0.03333333333333333,0.08666666666666668,8,10.807441880454583,
30,0.2,0.5666666666666667,0.23333333333333334,0.16666666666666666,0.0,0.03333333333333333,risktriage,0.03333333333333333,0.08000000000000002,8,10.807441880454583,
30,0.2,0.5333333333333333,0.26666666666666666,0.16666666666666666,0.0,0.03333333333333333,crc,0.03333333333333333,0.08666666666666668,8,13.799822856548847,
30,0.2,0.5333333333333333,0.26666666666666666,0.16666666666666666,0.0,0.03333333333333333,rac,0.03333333333333333,0.08666666666666668,8,13.799822856548847,
30,0.2,0.5333333333333333,0.26666666666666666,0.16666666666666666,0.0,0.03333333333333333,rac_interval_cost,0.03333333333333333,0.08666666666666668,8,13.799822856548847,
30,0.2,0.5333333333333333,0.26666666666666666,0.16666666666666666,0.0,0.03333333333333333,risktriage,0.03333333333333333,0.08666666666666668,8,13.799822856548847,
30,0.13333333333333333,0.5,0.36666666666666664,0.0,0.0,0.0,crc,0.0,0.07333333333333333,8,17.62073883705381,
30,0.13333333333333333,0.5,0.36666666666666664,0.0,0.0,0.0,rac,0.0,0.07333333333333333,8,17.62073883705381,
30,0.13333333333333333,0.5,0.36666666666666664,0.0,0.0,0.0,rac_interval_cost,0.0,0.07333333333333333,8,17.62073883705381,
30,0.16666666666666666,0.5333333333333333,0.3,0.2,0.0,0.03333333333333333,risktriage,0.03333333333333333,0.09333333333333335,8,17.62073883705381,
30,0.06666666666666667,0.43333333333333335,0.5,0.0,0.0,0.0,crc,0.0,0.10000000000000003,8,22.49959585650112,
30,0.06666666666666667,0.43333333333333335,0.5,0.0,0.0,0.0,rac,0.0,0.10000000000000003,8,22.49959585650112,
30,0.06666666666666667,0.43333333333333335,0.5,0.0,0.0,0.0,rac_interval_cost,0.0,0.10000000000000003,8,22.49959585650112,
30,0.13333333333333333,0.5,0.36666666666666664,0.0,0.0,0.0,risktriage,0.0,0.07333333333333333,8,22.49959585650112,
30,0.06666666666666667,0.36666666666666664,0.5666666666666667,0.0,0.0,0.0,crc,0.0,0.11333333333333336,8,28.729318241829485,
30,0.06666666666666667,0.36666666666666664,0.5666666666666667,0.0,0.0,0.0,rac,0.0,0.11333333333333336,8,28.729318241829485,
30,0.06666666666666667,0.36666666666666664,0.5666666666666667,0.0,0.0,0.0,rac_interval_cost,0.0,0.11333333333333336,8,28.729318241829485,
30,0.06666666666666667,0.4,0.5333333333333333,0.0,0.0,0.0,risktriage,0.0,0.10666666666666669,8,28.729318241829485,
30,0.06666666666666667,0.3333333333333333,0.6,0.0,0.0,0.0,crc,0.0,0.12000000000000002,8,36.68393565397442,
30,0.06666666666666667,0.3333333333333333,0.6,0.0,0.0,0.0,rac,0.0,0.12000000000000002,8,36.68393565397442,
30,0.06666666666666667,0.3333333333333333,0.6,0.0,0.0,0.0,rac_interval_cost,0.0,0.12000000000000002,8,36.68393565397442,
30,0.06666666666666667,0.36666666666666664,0.5666666666666667,0.0,0.0,0.0,risktriage,0.0,0.11333333333333336,8,36.68393565397442,
30,0.06666666666666667,0.3333333333333333,0.6,0.0,0.0,0.0,crc,0.0,0.12000000000000002,8,46.84103965633264,
30,0.06666666666666667,0.3333333333333333,0.6,0.0,0.0,0.0,rac,0.0,0.12000000000000002,8,46.84103965633264,
30,0.06666666666666667,0.3333333333333333,0.6,0.0,0.0,0.0,rac_interval_cost,0.0,0.12000000000000002,8,46.84103965633264,
30,0.06666666666666667,0.3333333333333333,0.6,0.0,0.0,0.0,risktriage,0.0,0.12000000000000002,8,46.84103965633264,
30,0.03333333333333333,0.23333333333333334,0.7333333333333333,0.0,0.0,0.0,crc,0.0,0.1466666666666667,8,59.8104580921216,
30,0.03333333333333333,0.23333333333333334,0.7333333333333333,0.0,0.0,0.0,rac,0.0,0.1466666666666667,8,59.8104580921216,
30,0.03333333333333333,0.23333333333333334,0.7333333333333333,0.0,0.0,0.0,rac_interval_cost,0.0,0.1466666666666667,8,59.8104580921216,
30,0.06666666666666667,0.3,0.6333333333333333,0.0,0.0,0.0,risktriage,0.0,0.12666666666666668,8,59.8104580921216,
30,0.0,0.13333333333333333,0.8666666666666667,,0.0,0.0,crc,0.0,0.17333333333333337,8,76.3708688670366,
30,0.0,0.13333333333333333,0.8666666666666667,,0.0,0.0,rac,0.0,0.17333333333333337,8,76.3708688670366,
30,0.0,0.13333333333333333,0.8666666666666667,,0.0,0.0,rac_interval_cost,0.0,0.17333333333333337,8,76.3708688670366,
30,0.03333333333333333,0.23333333333333334,0.7333333333333333,0.0,0.0,0.0,risktriage,0.0,0.1466666666666667,8,76.3708688670366,
30,0.0,0.06666666666666667,0.9333333333333333,,0.0,0.0,crc,0.0,0.1866666666666667,8,97.51655141184034,
30,0.0,0.06666666666666667,0.9333333333333333,,0.0,0.0,rac,0.0,0.1866666666666667,8,97.51655141184034,
30,0.0,0.06666666666666667,0.9333333333333333,,0.0,0.0,rac_interval_cost,0.0,0.1866666666666667,8,97.51655141184034,
30,0.0,0.1,0.9,,0.0,0.0,risktriage,0.0,0.18000000000000008,8,97.51655141184034,
30,0.23333333333333334,0.7666666666666667,0.0,0.2857142857142857,0.08695652173913043,0.13333333333333333,uncertainty,0.13333333333333333,0.13333333333333333,8,0.0,
30,0.23333333333333334,0.7,0.06666666666666667,0.2857142857142857,0.09523809523809523,0.13333333333333333,uncertainty,0.13333333333333333,0.14666666666666667,8,0.05,
30,0.23333333333333334,0.6666666666666666,0.1,0.2857142857142857,0.1,0.13333333333333333,uncertainty,0.13333333333333333,0.15333333333333332,8,0.1,
30,0.23333333333333334,0.6,0.16666666666666666,0.2857142857142857,0.05555555555555555,0.1,uncertainty,0.1,0.13333333333333333,8,0.15000000000000002,
30,0.23333333333333334,0.5666666666666667,0.2,0.2857142857142857,0.0,0.06666666666666667,uncertainty,0.06666666666666667,0.10666666666666667,8,0.2,
30,0.23333333333333334,0.5,0.26666666666666666,0.2857142857142857,0.0,0.06666666666666667,uncertainty,0.06666666666666667,0.12000000000000001,8,0.25,
30,0.23333333333333334,0.4666666666666667,0.3,0.2857142857142857,0.0,0.06666666666666667,uncertainty,0.06666666666666667,0.12666666666666668,8,0.30000000000000004,
30,0.23333333333333334,0.4,0.36666666666666664,0.2857142857142857,0.0,0.06666666666666667,uncertainty,0.06666666666666667,0.14,8,0.35000000000000003,
30,0.2,0.4,0.4,0.3333333333333333,0.0,0.06666666666666667,uncertainty,0.06666666666666667,0.14666666666666667,8,0.4,
30,0.16666666666666666,0.36666666666666664,0.4666666666666667,0.4,0.0,0.06666666666666667,uncertainty,0.06666666666666667,0.16000000000000003,8,0.45,
30,0.13333333333333333,0.36666666666666664,0.5,0.5,0.0,0.06666666666666667,uncertainty,0.06666666666666667,0.16666666666666669,8,0.5,
30,0.13333333333333333,0.3333333333333333,0.5333333333333333,0.5,0.0,0.06666666666666667,uncertainty,0.06666666666666667,0.17333333333333337,8,0.55,
30,0.1,0.3,0.6,0.3333333333333333,0.0,0.03333333333333333,uncertainty,0.03333333333333333,0.15333333333333335,8,0.6000000000000001,
30,0.1,0.23333333333333334,0.6666666666666666,0.3333333333333333,0.0,0.03333333333333333,uncertainty,0.03333333333333333,0.16666666666666669,8,0.65,
30,0.1,0.2,0.7,0.3333333333333333,0.0,0.03333333333333333,uncertainty,0.03333333333333333,0.17333333333333334,8,0.7000000000000001,
30,0.06666666666666667,0.2,0.7333333333333333,0.0,0.0,0.0,uncertainty,0.0,0.14666666666666667,8,0.75,
30,0.06666666666666667,0.13333333333333333,0.8,0.0,0.0,0.0,uncertainty,0.0,0.16000000000000003,8,0.8,
30,0.03333333333333333,0.1,0.8666666666666667,0.0,0.0,0.0,uncertainty,0.0,0.17333333333333337,8,0.8500000000000001,
30,0.03333333333333333,0.06666666666666667,0.9,0.0,0.0,0.0,uncertainty,0.0,0.18000000000000005,8,0.9,
30,0.0,0.03333333333333333,0.9666666666666667,,0.0,0.0,uncertainty,0.0,0.19333333333333338,8,0.9500000000000001,
30,0.0,0.0,1.0,,,0.0,uncertainty,0.0,0.20000000000000007,8,1.0,
30,0.03333333333333333,0.2,0.7666666666666667,0.0,0.0,0.0,split_cp,0.0,0.15333333333333335,8,0.02,0.9666666666666667
30,0.03333333333333333,0.2,0.7666666666666667,0.0,0.0,0.0,split_cp,0.0,0.15333333333333335,8,0.05,0.9666666666666667
30,0.03333333333333333,0.2,0.7666666666666667,0.0,0.0,0.0,split_cp,0.0,0.15333333333333335,8,0.08,0.9666666666666667
30,0.06666666666666667,0.26666666666666666,0.6666666666666666,0.0,0.0,0.0,split_cp,0.0,0.13333333333333336,8,0.11,0.9333333333333333
30,0.06666666666666667,0.36666666666666664,0.5666666666666667,0.0,0.0,0.0,split_cp,0.0,0.11333333333333336,8,0.13999999999999999,0.8333333333333334
30,0.06666666666666667,0.36666666666666664,0.5666666666666667,0.0,0.0,0.0,split_cp,0.0,0.11333333333333336,8,0.16999999999999998,0.8
30,0.06666666666666667,0.4,0.5333333333333333,0.0,0.0,0.0,split_cp,0.0,0.10666666666666669,8,0.19999999999999998,0.8
30,0.06666666666666667,0.43333333333333335,0.5,0.0,0.0,0.0,split_cp,0.0,0.10000000000000003,8,0.22999999999999998,0.7666666666666667
30,0.06666666666666667,0.43333333333333335,0.5,0.0,0.0,0.0,split_cp,0.0,0.10000000000000003,8,0.26,0.7666666666666667
30,0.06666666666666667,0.43333333333333335,0.5,0.0,0.0,0.0,split_cp,0.0,0.10000000000000003,8,0.29000000000000004,0.7666666666666667
30,0.13333333333333333,0.5,0.36666666666666664,0.0,0.0,0.0,split_cp,0.0,0.07333333333333333,8,0.32,0.7666666666666667
30,0.16666666666666666,0.5,0.3333333333333333,0.2,0.0,0.03333333333333333,split_cp,0.03333333333333333,0.1,8,0.35,0.6666666666666666
30,0.16666666666666666,0.5,0.3333333333333333,0.2,0.0,0.03333333333333333,split_cp,0.03333333333333333,0.1,8,0.38,0.6666666666666666
30,0.16666666666666666,0.5333333333333333,0.3,0.2,0.0,0.03333333333333333,split_cp,0.03333333333333333,0.09333333333333335,8,0.41000000000000003,0.6333333333333333
30,0.2,0.5333333333333333,0.26666666666666666,0.16666666666666666,0.0,0.03333333333333333,split_cp,0.03333333333333333,0.08666666666666668,8,0.44,0.5666666666666667
30,0.2,0.5333333333333333,0.26666666666666666,0.16666666666666666,0.0,0.03333333333333333,split_cp,0.03333333333333333,0.08666666666666668,8,0.47,0.5333333333333333
30,0.2,0.5666666666666667,0.23333333333333334,0.16666666666666666,0.0,0.03333333333333333,split_cp,0.03333333333333333,0.08000000000000002,8,0.5,0.4666666666666667
31,0.3225806451612903,0.6774193548387096,0.0,0.2,0.23809523809523808,0.22580645161290322,crc,0.22580645161290322,0.22580645161290322,9,0.0,
31,0.3225806451612903,0.6774193548387096,0.0,0.2,0.23809523809523808,0.22580645161290322,rac,0.22580645161290322,0.22580645161290322,9,0.0,
31,0.3225806451612903,0.6774193548387096,0.0,0.2,0.23809523809523808,0.22580645161290322,rac_interval_cost,0.22580645161290322,0.22580645161290322,9,0.0,
31,0.3225806451612903,0.6774193548387096,0.0,0.2,0.23809523809523808,0.22580645161290322,risktriage,0.22580645161290322,0.22580645161290322,9,0.0,
31,0.3225806451612903,0.6774193548387096,0.0,0.2,0.23809523809523808,0.22580645161290322,crc,0.22580645161290322,0.22580645161290322,9,0.001,
31,0.3225806451612903,0.6774193548387096,0.0,0.2,0.23809523809523808,0.22580645161290322,rac,0.22580645161290322,0.22580645161290322,9,0.001,
31,0.3225806451612903,0.6774193548387096,0.0,0.2,0.23809523809523808,0.22580645161290322,rac_interval_cost,0.22580645161290322,0.22580645161290322,9,0.001,
31,0.3225806451612903,0.6774193548387096,0.0,0.2,0.23809523809523808,0.22580645161290322,risktriage,0.22580645161290322,0.22580645161290322,9,0.001,
31,0.3225806451612903,0.6774193548387096,0.0,0.2,0.23809523809523808,0.22580645161290322,crc,0.22580645161290322,0.22580645161290322,9,0.001276286867736737,
31,0.3225806451612903,0.6774193548387096,0.0,0.2,0.23809523809523808,0.22580645161290322,rac,0.22580645161290322,0.22580645161290322,9,0.001276286867736737,
31,0.3225806451612903,0.6774193548387096,0.0,0.2,0.23809523809523808,0.22580645161290322,rac_interval_cost,0.22580645161290322,0.22580645161290322,9,0.001276286867736737,
31,0.3225806451612903,0.6774193548387096,0.0,0.2,0.23809523809523808,0.22580645161290322,risktriage,0.22580645161290322,0.22580645161290322,9,0.001276286867736737,
31,0.3225806451612903,0.6774193548387096,0.0,0.2,0.23809523809523808,0.22580645161290322,crc,0.22580645161290322,0.22580645161290322,9,0.0016289081687572496,
31,0.3225806451612903,0.6774193548387096,0.0,0.2,0.23809523809523808,0.22580645161290322,rac,0.22580645161290322,0.22580645161290322,9,0.0016289081687572496,
31,0.3225806451612903,0.6774193548387096,0.0,0.2,0.23809523809523808,0.22580645161290322,rac_interval_cost,0.22580645161290322,0.22580645161290322,9,0.0016289081687572496,
31,0.3225806451612903,0.6774193548387096,0.0,0.2,0.23809523809523808,0.22580645161290322,risktriage,0.22580645161290322,0.22580645161290322,9,0.0016289081687572496,
31,0.3225806451612903,0.6774193548387096,0.0,0.2,0.23809523809523808,0.22580645161290322,crc,0.22580645161290322,0.22580645161290322,9,0.0020789541045339744,
31,0.3225806451612903,0.6774193548387096,0.0,0.2,0.23809523809523808,0.22580645161290322,rac,0.22580645161290322,0.22580645161290322,9,0.0020789541045339744,
31,0.3225806451612903,0.6774193548387096,0.0,0.2,0.23809523809523808,0.22580645161290322,rac_interval_cost,0.22580645161290322,0.22580645161290322,9,0.0020789541045339744,
31,0.3225806451612903,0.6774193548387096,0.0,0.2,0.23809523809523808,0.22580645161290322,risktriage,0.22580645161290322,0.22580645161290322,9,0.0020789541045339744,
31,0.3225806451612903,0.6774193548387096,0.0,0.2,0.23809523809523808,0.22580645161290322,crc,0.22580645161290322,0.22580645161290322,9,0.0026533418222440966,
31,0.3225806451612903,0.6774193548387096,0.0,0.2,0.23809523809523808,0.22580645161290322,rac,0.22580645161290322,0.22580645161290322,9,0.0026533418222440966,
31,0.3225806451612903,0.6774193548387096,0.0,0.2,0.23809523809523808,0.22580645161290322,rac_interval_cost,0.22580645161290322,0.22580645161290322,9,0.0026533418222440966,
31,0.3225806451612903,0.6774193548387096,0.0,0.2,0.23809523809523808,0.22580645161290322,risktriage,0.22580645161290322,0.22580645161290322,9,0.0026533418222440966,
31,0.3225806451612903,0.6774193548387096,0.0,0.2,0.23809523809523808,0.22580645161290322,crc,0.22580645161290322,0.22580645161290322,9,0.0033864253233468044,
31,0.3225806451612903,0.6774193548387096,0.0,0.2,0.23809523809523808,0.22580645161290322,rac,0.22580645161290322,0.22580645161290322,9,0.0033864253233468044,
31,0.3225806451612903,0.6774193548387096,0.0,0.2,0.23809523809523808,0.22580645161290322,rac_interval_cost,0.22580645161290322,0.22580645161290322,9,0.0033864253233468044,
31,0.3225806451612903,0.6774193548387096,0.0,0.2,0.23809523809523808,0.22580645161290322,risktriage,0.22580645161290322,0.22580645161290322,9,0.0033864253233468044,
31,0.3225806451612903,0.6774193548387096,0.0,0.2,0.23809523809523808,0.22580645161290322,crc,0.22580645161290322,0.22580645161290322,9,0.00432205016875866,
31,0.3225806451612903,0.6774193548387096,0.0,0.2,0.23809523809523808,0.22580645161290322,rac,0.22580645161290322,0.22580645161290322,9,0.00432205016875866,
31,0.3225806451612903,0.6774193548387096,0.0,0.2,0.23809523809523808,0.22580645161290322,rac_interval_cost,0.22580645161290322,0.22580645161290322,9,0.00432205016875866,
31,0.3225806451612903,0.6774193548387096,0.0,0.2,0.23809523809523808,0.22580645161290322,risktriage,0.22580645161290322,0.22580645161290322,9,0.00432205016875866,
31,0.3225806451612903,0.6774193548387096,0.0,0.2,0.23809523809523808,0.22580645161290322,crc,0.22580645161290322,0.22580645161290322,9,0.0055161758720860205,
31,0.3225806451612903,0.6774193548387096,0.0,0.2,0.23809523809523808,0.22580645161290322,rac,0.22580645161290322,0.22580645161290322,9,0.0055161758720860205,
31,0.3225806451612903,0.6774193548387096,0.0,0.2,0.23809523809523808,0.22580645161290322,rac_interval_cost,0.22580645161290322,0.22580645161290322,9,0.0055161758720860205,
31,0.3225806451612903,0.6774193548387096,0.0,0.2,0.23809523809523808,0.22580645161290322,risktriage,0.22580645161290322,0.22580645161290322,9,0.0055161758720860205,
31,0.3225806451612903,0.6774193548387096,0.0,0.2,0.23809523809523808,0.22580645161290322,crc,0.22580645161290322,0.22580645161290322,9,0.0070402228256696234,
31,0.3225806451612903,0.6774193548387096,0.0,0.2,0.23809523809523808,0.22580645161290322,rac,0.22580645161290322,0.22580645161290322,9,0.0070402228256696234,
31,0.3225806451612903,0.6774193548387096,0.0,0.2,0.23809523809523808,0.22580645161290322,rac_interval_cost,0.22580645161290322,0.22580645161290322,9,0.0070402228256696234,
31,0.3225806451612903,0.6774193548387096,0.0,0.2,0.23809523809523808,0.22580645161290322,risktriage,0.22580645161290322,0.22580645161290322,9,0.0070402228256696234,
31,0.3225806451612903,0.6774193548387096,0.0,0.2,0.23809523809523808,0.22580645161290322,crc,0.22580645161290322,0.22580645161290322,9,0.008985343938342563,
31,0.3225806451612903,0.6774193548387096,0.0,0.2,0.23809523809523808,0.22580645161290322,rac,0.22580645161290322,0.22580645161290322,9,0.008985343938342563,
31,0.3225806451612903,0.6774193548387096,0.0,0.2,0.23809523809523808,0.22580645161290322,rac_interval_cost,0.22580645161290322,0.22580645161290322,9,0.008985343938342563,
31,0.3225806451612903,0.6774193548387096,0.0,0.2,0.23809523809523808,0.22580645161290322,risktriage,0.22580645161290322,0.22580645161290322,9,0.008985343938342563,
31,0.3225806451612903,0.6774193548387096,0.0,0.2,0.23809523809523808,0.22580645161290322,crc,0.22580645161290322,0.22580645161290322,9,0.011467876470604502,
31,0.3225806451612903,0.6774193548387096,0.0,0.2,0.23809523809523808,0.22580645161290322,rac,0.22580645161290322,0.22580645161290322,9,0.011467876470604502,
31,0.3225806451612903,0.6774193548387096,0.0,0.2,0.23809523809523808,0.22580645161290322,rac_interval_cost,0.22580645161290322,0.22580645161290322,9,0.011467876470604502,
31,0.3225806451612903,0.6774193548387096,0.0,0.2,0.23809523809523808,0.22580645161290322,risktriage,0.22580645161290322,0.22580645161290322,9,0.011467876470604502,
31,0.3225806451612903,0.6774193548387096,0.0,0.2,0.23809523809523808,0.22580645161290322,crc,0.22580645161290322,0.22580645161290322,9,0.014636300140259639,
31,0.3225806451612903,0.6774193548387096,0.0,0.2,0.23809523809523808,0.22580645161290322,rac,0.22580645161290322,0.22580645161290322,9,0.014636300140259639,
31,0.3225806451612903,0.6774193548387096,0.0,0.2,0.23809523809523808,0.22580645161290322,rac_interval_cost,0.22580645161290322,0.22580645161290322,9,0.014636300140259639,
31,0.3225806451612903,0.6774193548387096,0.0,0.2,0.23809523809523808,0.22580645161290322,risktriage,0.22580645161290322,0.22580645161290322,9,0.014636300140259639,
31,0.3225806451612903,0.6774193548387096,0.0,0.2,0.23809523809523808,0.22580645161290322,crc,0.22580645161290322,0.22580645161290322,9,0.01868011766126674,
31,0.3225806451612903,0.6774193548387096,0.0,0.2,0.23809523809523808,0.22580645161290322,rac,0.22580645161290322,0.22580645161290322,9,0.01868011766126674,
31,0.3225806451612903,0.6774193548387096,0.0,0.2,0.23809523809523808,0.22580645161290322,rac_interval_cost,0.22580645161290322,0.22580645161290322,9,0.01868011766126674,
31,0.3225806451612903,0.6774193548387096,0.0,0.2,0.23809523809523808,0.22580645161290322,risktriage,0.22580645161290322,0.22580645161290322,9,0.01868011766126674,
31,0.3225806451612903,0.6774193548387096,0.0,0.2,0.23809523809523808,0.22580645161290322,crc,0.22580645161290322,0.22580645161290322,9,0.02384118885885182,
31,0.3225806451612903,0.6774193548387096,0.0,0.2,0.23809523809523808,0.22580645161290322,rac,0.22580645161290322,0.22580645161290322,9,0.02384118885885182,
31,0.3225806451612903,0.6774193548387096,0.0,0.2,0.23809523809523808,0.22580645161290322,rac_interval_cost,0.22580645161290322,0.22580645161290322,9,0.02384118885885182,
31,0.3225806451612903,0.6774193548387096,0.0,0.2,0.23809523809523808,0.22580645161290322,risktriage,0.22580645161290322,0.22580645161290322,9,0.02384118885885182,
31,0.3225806451612903,0.6774193548387096,0.0,0.2,0.23809523809523808,0.22580645161290322,crc,0.22580645161290322,0.22580645161290322,9,0.030428196251783963,
31,0.3225806451612903,0.6774193548387096,0.0,0.2,0.23809523809523808,0.22580645161290322,rac,0.22580645161290322,0.22580645161290322,9,0.030428196251783963,
31,0.3225806451612903,0.6774193548387096,0.0,0.2,0.23809523809523808,0.22580645161290322,rac_interval_cost,0.22580645161290322,0.22580645161290322,9,0.030428196251783963,
31,0.3225806451612903,0.6774193548387096,0.0,0.2,0.23809523809523808,0.22580645161290322,risktriage,0.22580645161290322,0.22580645161290322,9,0.030428196251783963,
31,0.3225806451612903,0.6774193548387096,0.0,0.2,0.23809523809523808,0.22580645161290322,crc,0.22580645161290322,0.22580645161290322,9,0.03883510728506806,
31,0.3225806451612903,0.6774193548387096,0.0,0.2,0.23809523809523808,0.22580645161290322,rac,0.22580645161290322,0.22580645161290322,9,0.03883510728506806,
31,0.3225806451612903,0.6774193548387096,0.0,0.2,0.23809523809523808,0.22580645161290322,rac_interval_cost,0.22580645161290322,0.22580645161290322,9,0.03883510728506806,
31,0.3225806451612903,0.6774193548387096,0.0,0.2,0.23809523809523808,0.22580645161290322,risktriage,0.22580645161290322,0.22580645161290322,9,0.03883510728506806,
31,0.3225806451612903,0.6774193548387096,0.0,0.2,0.23809523809523808,0.22580645161290322,crc,0.22580645161290322,0.22580645161290322,9,0.04956473743507962,
31,0.3225806451612903,0.6774193548387096,0.0,0.2,0.23809523809523808,0.22580645161290322,rac,0.22580645161290322,0.22580645161290322,9,0.04956473743507962,
31,0.3225806451612903,0.6774193548387096,0.0,0.2,0.23809523809523808,0.22580645161290322,rac_interval_cost,0.22580645161290322,0.22580645161290322,9,0.04956473743507962,
31,0.3225806451612903,0.6774193548387096,0.0,0.2,0.23809523809523808,0.22580645161290322,risktriage,0.22580645161290322,0.22580645161290322,9,0.04956473743507962,
31,0.3225806451612903,0.6774193548387096,0.0,0.2,0.23809523809523808,0.22580645161290322,crc,0.22580645161290322,0.22580645161290322,9,0.06325882349121154,
31,0.3225806451612903,0.6774193548387096,0.0,0.2,0.23809523809523808,0.22580645161290322,rac,0.22580645161290322,0.22580645161290322,9,0.06325882349121154,
31,0.3225806451612903,0.6774193548387096,0.0,0.2,0.23809523809523808,0.22580645161290322,rac_interval_cost,0.22580645161290322,0.22580645161290322,9,0.06325882349121154,
31,0.3225806451612903,0.6774193548387096,0.0,0.2,0.23809523809523808,0.22580645161290322,risktriage,0.22580645161290322,0.22580645161290322,9,0.06325882349121154,
31,0.3225806451612903,0.6774193548387096,0.0,0.2,0.23809523809523808,0.22580645161290322,crc,0.22580645161290322,0.22580645161290322,9,0.08073640569030946,
31,0.3225806451612903,0.6774193548387096,0.0,0.2,0.23809523809523808,0.22580645161290322,rac,0.22580645161290322,0.22580645161290322,9,0.08073640569030946,
31,0.3225806451612903,0.6774193548387096,0.0,0.2,0.23809523809523808,0.22580645161290322,rac_interval_cost,0.22580645161290322,0.22580645161290322,9,0.08073640569030946,
31,0.3225806451612903,0.6774193548387096,0.0,0.2,0.23809523809523808,0.22580645161290322,risktriage,0.22580645161290322,0.22580645161290322,9,0.08073640569030946,
31,0.3225806451612903,0.6774193548387096,0.0,0.2,0.23809523809523808,0.22580645161290322,crc,0.22580645161290322,0.22580645161290322,9,0.10304281433080753,
31,0.3225806451612903,0.6774193548387096,0.0,0.2,0.23809523809523808,0.22580645161290322,rac,0.22580645161290322,0.22580645161290322,9,0.10304281433080753,
31,0.3225806451612903,0.6774193548387096,0.0,0.2,0.23809523809523808,0.22580645161290322,rac_interval_cost,0.22580645161290322,0.22580645161290322,9,0.10304281433080753,
31,0.3225806451612903,0.6774193548387096,0.0,0.2,0.23809523809523808,0.22580645161290322,risktriage,0.22580645161290322,0.22580645161290322,9,0.10304281433080753,
31,0.3225806451612903,0.6774193548387096,0.0,0.2,0.23809523809523808,0.22580645161290322,crc,0.22580645161290322,0.22580645161290322,9,0.13151219074504436,
31,0.3225806451612903,0.6774193548387096,0.0,0.2,0.23809523809523808,0.22580645161290322,rac,0.22580645161290322,0.22580645161290322,9,0.13151219074504436,
31,0.3225806451612903,0.6774193548387096,0.0,0.2,0.23809523809523808,0.22580645161290322,rac_interval_cost,0.22580645161290322,0.22580645161290322,9,0.13151219074504436,
31,0.3225806451612903,0.6774193548387096,0.0,0.2,0.23809523809523808,0.22580645161290322,risktriage,0.22580645161290322,0.22580645161290322,9,0.13151219074504436,
31,0.3225806451612903,0.6774193548387096,0.0,0.2,0.23809523809523808,0.22580645161290322,crc,0.22580645161290322,0.22580645161290322,9,0.16784728199518897,
31,0.3225806451612903,0.6774193548387096,0.0,0.2,0.23809523809523808,0.22580645161290322,rac,0.22580645161290322,0.22580645161290322,9,0.16784728199518897,
31,0.3225806451612903,0.6774193548387096,0.0,0.2,0.23809523809523808,0.22580645161290322,rac_interval_cost,0.22580645161290322,0.22580645161290322,9,0.16784728199518897,
31,0.3225806451612903,0.6774193548387096,0.0,0.2,0.23809523809523808,0.22580645161290322,risktriage,0.22580645161290322,0.22580645161290322,9,0.16784728199518897,
31,0.3225806451612903,0.6774193548387096,0.0,0.2,0.23809523809523808,0.22580645161290322,crc,0.22580645161290322,0.22580645161290322,9,0.21422128179576433,
31,0.3225806451612903,0.6774193548387096,0.0,0.2,0.23809523809523808,0.22580645161290322,rac,0.22580645161290322,0.22580645161290322,9,0.21422128179576433,
31,0.3225806451612903,0.6774193548387096,0.0,0.2,0.23809523809523808,0.22580645161290322,rac_interval_cost,0.22580645161290322,0.22580645161290322,9,0.21422128179576433,
31,0.3225806451612903,0.6774193548387096,0.0,0.2,0.23809523809523808,0.22580645161290322,risktriage,0.22580645161290322,0.22580645161290322,9,0.21422128179576433,
31,0.3225806451612903,0.6774193548387096,0.0,0.2,0.23809523809523808,0.22580645161290322,crc,0.22580645161290322,0.22580645161290322,9,0.27340780874566495,
31,0.3225806451612903,0.6774193548387096,0.0,0.2,0.23809523809523808,0.22580645161290322,rac,0.22580645161290322,0.22580645161290322,9,0.27340780874566495,
31,0.3225806451612903,0.6774193548387096,0.0,0.2,0.23809523809523808,0.22580645161290322,rac_interval_cost,0.22580645161290322,0.22580645161290322,9,0.27340780874566495,
31,0.3225806451612903,0.6774193548387096,0.0,0.2,0.23809523809523808,0.22580645161290322,risktriage,0.22580645161290322,0.22580645161290322,9,0.27340780874566495,
31,0.3225806451612903,0.6774193548387096,0.0,0.2,0.23809523809523808,0.22580645161290322,crc,0.22580645161290322,0.22580645161290322,9,0.3489467958387696,
31,0.3225806451612903,0.6774193548387096,0.0,0.2,0.23809523809523808,0.22580645161290322,rac,0.22580645161290322,0.22580645161290322,9,0.3489467958387696,
31,0.3225806451612903,0.6774193548387096,0.0,0.2,0.23809523809523808,0.22580645161290322,rac_interval_cost,0.22580645161290322,0.22580645161290322,9,0.3489467958387696,
31,0.3225806451612903,0.6774193548387096,0.0,0.2,0.23809523809523808,0.22580645161290322,risktriage,0.22580645161290322,0.22580645161290322,9,0.3489467958387696,
31,0.3225806451612903,0.6774193548387096,0.0,0.2,0.23809523809523808,0.22580645161290322,crc,0.22580645161290322,0.22580645161290322,9,0.44535621306783346,
31,0.3225806451612903,0.6774193548387096,0.0,0.2,0.23809523809523808,0.22580645161290322,rac,0.22580645161290322,0.22580645161290322,9,0.44535621306783346,
31,0.3225806451612903,0.6774193548387096,0.0,0.2,0.23809523809523808,0.22580645161290322,rac_interval_cost,0.22580645161290322,0.22580645161290322,9,0.44535621306783346,
31,0.3225806451612903,0.6774193548387096,0.0,0.2,0.23809523809523808,0.22580645161290322,risktriage,0.22580645161290322,0.22580645161290322,9,0.44535621306783346,
31,0.3225806451612903,0.6774193548387096,0.0,0.2,0.23809523809523808,0.22580645161290322,crc,0.22580645161290322,0.22580645161290322,9,0.56840228620344,
31,0.3225806451612903,0.6774193548387096,0.0,0.2,0.23809523809523808,0.22580645161290322,rac,0.22580645161290322,0.22580645161290322,9,0.56840228620344,
31,0.3225806451612903,0.6774193548387096,0.0,0.2,0.23809523809523808,0.22580645161290322,rac_interval_cost,0.22580645161290322,0.22580645161290322,9,0.56840228620344,
31,0.3225806451612903,0.6774193548387096,0.0,0.2,0.23809523809523808,0.22580645161290322,risktriage,0.22580645161290322,0.22580645161290322,9,0.56840228620344,
31,0.3225806451612903,0.6774193548387096,0.0,0.2,0.23809523809523808,0.22580645161290322,crc,0.22580645161290322,0.22580645161290322,9,0.7254443734729881,
31,0.3225806451612903,0.6774193548387096,0.0,0.2,0.23809523809523808,0.22580645161290322,rac,0.22580645161290322,0.22580645161290322,9,0.7254443734729881,
31,0.3225806451612903,0.6774193548387096,0.0,0.2,0.23809523809523808,0.22580645161290322,rac_interval_cost,0.22580645161290322,0.22580645161290322,9,0.7254443734729881,
31,0.3225806451612903,0.6774193548387096,0.0,0.2,0.23809523809523808,0.22580645161290322,risktriage,0.22580645161290322,0.22580645161290322,9,0.7254443734729881,
31,0.3225806451612903,0.6774193548387096,0.0,0.2,0.23809523809523808,0.22580645161290322,crc,0.22580645161290322,0.22580645161290322,9,0.9258751271370796,
31,0.3225806451612903,0.6774193548387096,0.0,0.2,0.23809523809523808,0.22580645161290322,rac,0.22580645161290322,0.22580645161290322,9,0.9258751271370796,
31,0.3225806451612903,0.6774193548387096,0.0,0.2,0.23809523809523808,0.22580645161290322,rac_interval_cost,0.22580645161290322,0.22580645161290322,9,0.9258751271370796,
31,0.3225806451612903,0.6774193548387096,0.0,0.2,0.23809523809523808,0.22580645161290322,risktriage,0.22580645161290322,0.22580645161290322,9,0.9258751271370796,
31,0.3225806451612903,0.6774193548387096,0.0,0.2,0.23809523809523808,0.22580645161290322,crc,0.22580645161290322,0.22580645161290322,9,1.1816822659291355,
31,0.3225806451612903,0.6774193548387096,0.0,0.2,0.23809523809523808,0.22580645161290322,rac,0.22580645161290322,0.22580645161290322,9,1.1816822659291355,
31,0.3225806451612903,0.6774193548387096,0.0,0.2,0.23809523809523808,0.22580645161290322,rac_interval_cost,0.22580645161290322,0.22580645161290322,9,1.1816822659291355,
31,0.3225806451612903,0.6774193548387096,0.0,0.2,0.23809523809523808,0.22580645161290322,risktriage,0.22580645161290322,0.22580645161290322,9,1.1816822659291355,
31,0.3225806451612903,0.6774193548387096,0.0,0.2,0.23809523809523808,0.22580645161290322,crc,0.22580645161290322,0.22580645161290322,9,1.5081655578427462,
31,0.3225806451612903,0.6774193548387096,0.0,0.2,0.23809523809523808,0.22580645161290322,rac,0.22580645161290322,0.22580645161290322,9,1.5081655578427462,
31,0.3225806451612903,0.6774193548387096,0.0,0.2,0.23809523809523808,0.22580645161290322,rac_interval_cost,0.22580645161290322,0.22580645161290322,9,1.5081655578427462,
31,0.3225806451612903,0.6774193548387096,0.0,0.2,0.23809523809523808,0.22580645161290322,risktriage,0.22580645161290322,0.22580645161290322,9,1.5081655578427462,
31,0.3225806451612903,0.6774193548387096,0.0,0.2,0.23809523809523808,0.22580645161290322,crc,0.22580645161290322,0.22580645161290322,9,1.9248518958475453,
31,0.3225806451612903,0.6774193548387096,0.0,0.2,0.23809523809523808,0.22580645161290322,rac,0.22580645161290322,0.22580645161290322,9,1.9248518958475453,
31,0.3225806451612903,0.6774193548387096,0.0,0.2,0.23809523809523808,0.22580645161290322,rac_interval_cost,0.22580645161290322,0.22580645161290322,9,1.9248518958475453,
31,0.3225806451612903,0.6774193548387096,0.0,0.2,0.23809523809523808,0.22580645161290322,risktriage,0.22580645161290322,0.22580645161290322,9,1.9248518958475453,
31,0.3225806451612903,0.6774193548387096,0.0,0.2,0.23809523809523808,0.22580645161290322,crc,0.22580645161290322,0.22580645161290322,9,2.4566631970083836,
31,0.3225806451612903,0.6774193548387096,0.0,0.2,0.23809523809523808,0.22580645161290322,rac,0.22580645161290322,0.22580645161290322,9,2.4566631970083836,
31,0.3225806451612903,0.6774193548387096,0.0,0.2,0.23809523809523808,0.22580645161290322,rac_interval_cost,0.22580645161290322,0.22580645161290322,9,2.4566631970083836,
31,0.3225806451612903,0.6774193548387096,0.0,0.2,0.23809523809523808,0.22580645161290322,risktriage,0.22580645161290322,0.22580645161290322,9,2.4566631970083836,
31,0.3225806451612903,0.6774193548387096,0.0,0.2,0.23809523809523808,0.22580645161290322,crc,0.22580645161290322,0.22580645161290322,9,3.1354069767939485,
31,0.3225806451612903,0.6774193548387096,0.0,0.2,0.23809523809523808,0.22580645161290322,rac,0.22580645161290322,0.22580645161290322,9,3.1354069767939485,
31,0.3225806451612903,0.6774193548387096,0.0,0.2,0.23809523809523808,0.22580645161290322,rac_interval_cost,0.22580645161290322,0.22580645161290322,9,3.1354069767939485,
31,0.3225806451612903,0.6774193548387096,0.0,0.2,0.23809523809523808,0.22580645161290322,risktriage,0.22580645161290322,0.22580645161290322,9,3.1354069767939485,
31,0.25806451612903225,0.6451612903225806,0.0967741935483871,0.0,0.2,0.12903225806451613,crc,0.12903225806451613,0.14838709677419357,9,4.001678749492257,
31,0.25806451612903225,0.6451612903225806,0.0967741935483871,0.0,0.2,0.12903225806451613,rac,0.12903225806451613,0.14838709677419357,9,4.001678749492257,
31,0.25806451612903225,0.6451612903225806,0.0967741935483871,0.0,0.2,0.12903225806451613,rac_interval_cost,0.12903225806451613,0.14838709677419357,9,4.001678749492257,
31,0.2903225806451613,0.6774193548387096,0.03225806451612903,0.1111111111111111,0.23809523809523808,0.1935483870967742,risktriage,0.1935483870967742,0.2,9,4.001678749492257,
31,0.22580645161290322,0.5806451612903226,0.1935483870967742,0.0,0.16666666666666666,0.0967741935483871,crc,0.0967741935483871,0.13548387096774198,9,5.107290036878135,
31,0.22580645161290322,0.5806451612903226,0.1935483870967742,0.0,0.16666666666666666,0.0967741935483871,rac,0.0967741935483871,0.13548387096774198,9,5.107290036878135,
31,0.22580645161290322,0.5806451612903226,0.1935483870967742,0.0,0.16666666666666666,0.0967741935483871,rac_interval_cost,0.0967741935483871,0.13548387096774198,9,5.107290036878135,
31,0.25806451612903225,0.6451612903225806,0.0967741935483871,0.0,0.2,0.12903225806451613,risktriage,0.12903225806451613,0.14838709677419357,9,5.107290036878135,
31,0.1935483870967742,0.5806451612903226,0.22580645161290322,0.0,0.16666666666666666,0.0967741935483871,crc,0.0967741935483871,0.14193548387096774,9,6.518367203790233,
31,0.1935483870967742,0.5806451612903226,0.22580645161290322,0.0,0.16666666666666666,0.0967741935483871,rac,0.0967741935483871,0.14193548387096774,9,6.518367203790233,
31,0.1935483870967742,0.5806451612903226,0.22580645161290322,0.0,0.16666666666666666,0.0967741935483871,rac_interval_cost,0.0967741935483871,0.14193548387096774,9,6.518367203790233,
31,0.22580645161290322,0.5806451612903226,0.1935483870967742,0.0,0.16666666666666666,0.0967741935483871,risktriage,0.0967741935483871,0.13548387096774198,9,6.518367203790233,
31,0.1935483870967742,0.5483870967741935,0.25806451612903225,0.0,0.17647058823529413,0.0967741935483871,crc,0.0967741935483871,0.14838709677419357,9,8.31930646128331,
31,0.1935483870967742,0.5483870967741935,0.25806451612903225,0.0,0.17647058823529413,0.0967741935483871,rac,0.0967741935483871,0.14838709677419357,9,8.31930646128331,
31,0.1935483870967742,0.5483870967741935,0.25806451612903225,0.0,0.17647058823529413,0.0967741935483871,rac_interval_cost,0.0967741935483871,0.14838709677419357,9,8.31930646128331,
31,0.1935483870967742,0.5806451612903226,0.22580645161290322,0.0,0.16666666666666666,0.0967741935483871,risktriage,0.0967741935483871,0.14193548387096774,9,8.31930646128331,
31,0.1935483870967742,0.5483870967741935,0.25806451612903225,0.0,0.17647058823529413,0.0967741935483871,crc,0.0967741935483871,0.14838709677419357,9,10.617821585213273,
31,0.1935483870967742,0.5483870967741935,0.25806451612903225,0.0,0.17647058823529413,0.0967741935483871,rac,0.0967741935483871,0.14838709677419357,9,10.617821585213273,
31,0.1935483870967742,0.5483870967741935,0.25806451612903225,0.0,0.17647058823529413,0.0967741935483871,rac_interval_cost,0.0967741935483871,0.14838709677419357,9,10.617821585213273,
31,0.1935483870967742,0.5483870967741935,0.25806451612903225,0.0,0.17647058823529413,0.0967741935483871,risktriage,0.0967741935483871,0.14838709677419357,9,10.617821585213273,
31,0.1935483870967742,0.45161290322580644,0.3548387096774194,0.0,0.07142857142857142,0.03225806451612903,crc,0.03225806451612903,0.10322580645161293,9,13.551386253179336,
31,0.1935483870967742,0.45161290322580644,0.3548387096774194,0.0,0.07142857142857142,0.03225806451612903,rac,0.03225806451612903,0.10322580645161293,9,13.551386253179336,
31,0.1935483870967742,0.45161290322580644,0.3548387096774194,0.0,0.07142857142857142,0.03225806451612903,rac_interval_cost,0.03225806451612903,0.10322580645161293,9,13.551386253179336,
31,0.1935483870967742,0.5483870967741935,0.25806451612903225,0.0,0.17647058823529413,0.0967741935483871,risktriage,0.0967741935483871,0.14838709677419357,9,13.551386253179336,
31,0.16129032258064516,0.3870967741935484,0.45161290322580644,0.0,0.08333333333333333,0.03225806451612903,crc,0.03225806451612903,0.12258064516129034,9,17.295456314560933,
31,0.16129032258064516,0.3870967741935484,0.45161290322580644,0.0,0.08333333333333333,0.03225806451612903,rac,0.03225806451612903,0.12258064516129034,9,17.295456314560933,
31,0.16129032258064516,0.3870967741935484,0.45161290322580644,0.0,0.08333333333333333,0.03225806451612903,rac_interval_cost,0.03225806451612903,0.12258064516129034,9,17.295456314560933,
31,0.1935483870967742,0.45161290322580644,0.3548387096774194,0.0,0.07142857142857142,0.03225806451612903,risktriage,0.03225806451612903,0.10322580645161293,9,17.295456314560933,
31,0.0967741935483871,0.25806451612903225,0.6451612903225806,0.0,0.0,0.0,crc,0.0,0.12903225806451615,9,22.073963765788545,
31,0.0967741935483871,0.25806451612903225,0.6451612903225806,0.0,0.0,0.0,rac,0.0,0.12903225806451615,9,22.073963765788545,
31,0.0967741935483871,0.25806451612903225,0.6451612903225806,0.0,0.0,0.0,rac_interval_cost,0.0,0.12903225806451615,9,22.073963765788545,
31,0.16129032258064516,0.3548387096774194,0.4838709677419355,0.0,0.09090909090909091,0.03225806451612903,risktriage,0.03225806451612903,0.12903225806451615,9,22.073963765788545,
31,0.06451612903225806,0.22580645161290322,0.7096774193548387,0.0,0.0,0.0,crc,0.0,0.14193548387096777,9,28.17271007317249,
31,0.06451612903225806,0.22580645161290322,0.7096774193548387,0.0,0.0,0.0,rac,0.0,0.14193548387096777,9,28.17271007317249,
31,0.06451612903225806,0.22580645161290322,0.7096774193548387,0.0,0.0,0.0,rac_interval_cost,0.0,0.14193548387096777,9,28.17271007317249,
31,0.0967741935483871,0.25806451612903225,0.6451612903225806,0.0,0.0,0.0,risktriage,0.0,0.12903225806451615,9,28.17271007317249,
31,0.06451612903225806,0.12903225806451613,0.8064516129032258,0.0,0.0,0.0,crc,0.0,0.16129032258064518,9,35.95645989494454,
31,0.06451612903225806,0.12903225806451613,0.8064516129032258,0.0,0.0,0.0,rac,0.0,0.16129032258064518,9,35.95645989494454,
31,0.06451612903225806,0.12903225806451613,0.8064516129032258,0.0,0.0,0.0,rac_interval_cost,0.0,0.16129032258064518,9,35.95645989494454,
31,0.06451612903225806,0.1935483870967742,0.7419354838709677,0.0,0.0,0.0,risktriage,0.0,0.1483870967741936,9,35.95645989494454,
31,0.06451612903225806,0.03225806451612903,0.9032258064516129,0.0,0.0,0.0,crc,0.0,0.18064516129032263,9,45.890757574220274,
31,0.06451612903225806,0.03225806451612903,0.9032258064516129,0.0,0.0,0.0,rac,0.0,0.18064516129032263,9,45.890757574220274,
31,0.06451612903225806,0.03225806451612903,0.9032258064516129,0.0,0.0,0.0,rac_interval_cost,0.0,0.18064516129032263,9,45.890757574220274,
31,0.06451612903225806,0.06451612903225806,0.8709677419354839,0.0,0.0,0.0,risktriage,0.0,0.1741935483870968,9,45.890757574220274,
31,0.0,0.03225806451612903,0.967741935483871,,0.0,0.0,crc,0.0,0.19354838709677424,9,58.56977124246753,
31,0.0,0.03225806451612903,0.967741935483871,,0.0,0.0,rac,0.0,0.19354838709677424,9,58.56977124246753,
31,0.0,0.03225806451612903,0.967741935483871,,0.0,0.0,rac_interval_cost,0.0,0.19354838709677424,9,58.56977124246753,
31,0.03225806451612903,0.03225806451612903,0.9354838709677419,0.0,0.0,0.0,risktriage,0.0,0.18709677419354845,9,58.56977124246753,
31,0.0,0.0,1.0,,,0.0,crc,0.0,0.20000000000000007,9,74.75182988310611,
31,0.0,0.0,1.0,,,0.0,rac,0.0,0.20000000000000007,9,74.75182988310611,
31,0.0,0.0,1.0,,,0.0,rac_interval_cost,0.0,0.20000000000000007,9,74.75182988310611,
31,0.0,0.03225806451612903,0.967741935483871,,0.0,0.0,risktriage,0.0,0.19354838709677424,9,74.75182988310611,
31,0.0,0.0,1.0,,,0.0,crc,0.0,0.20000000000000007,9,95.40477881909895,
31,0.0,0.0,1.0,,,0.0,rac,0.0,0.20000000000000007,9,95.40477881909895,
31,0.0,0.0,1.0,,,0.0,rac_interval_cost,0.0,0.20000000000000007,9,95.40477881909895,
31,0.0,0.0,1.0,,,0.0,risktriage,0.0,0.20000000000000007,9,95.40477881909895,
31,0.3225806451612903,0.6774193548387096,0.0,0.2,0.23809523809523808,0.22580645161290322,uncertainty,0.22580645161290322,0.22580645161290322,9,0.0,
31,0.2903225806451613,0.6451612903225806,0.06451612903225806,0.1111111111111111,0.25,0.1935483870967742,uncertainty,0.1935483870967742,0.2064516129032258,9,0.05,
31,0.2903225806451613,0.6129032258064516,0.0967741935483871,0.1111111111111111,0.21052631578947367,0.16129032258064516,uncertainty,0.16129032258064516,0.1806451612903226,9,0.1,
31,0.25806451612903225,0.5806451612903226,0.16129032258064516,0.125,0.2222222222222222,0.16129032258064516,uncertainty,0.16129032258064516,0.1935483870967742,9,0.15000000000000002,
31,0.25806451612903225,0.5483870967741935,0.1935483870967742,0.125,0.17647058823529413,0.12903225806451613,uncertainty,0.12903225806451613,0.167741935483871,9,0.2,
31,0.22580645161290322,0.5161290322580645,0.25806451612903225,0.14285714285714285,0.1875,0.12903225806451613,uncertainty,0.12903225806451613,0.1806451612903226,9,0.25,
31,0.22580645161290322,0.4838709677419355,0.2903225806451613,0.14285714285714285,0.2,0.12903225806451613,uncertainty,0.12903225806451613,0.18709677419354842,9,0.30000000000000004,
31,0.1935483870967742,0.45161290322580644,0.3548387096774194,0.0,0.21428571428571427,0.0967741935483871,uncertainty,0.0967741935483871,0.167741935483871,9,0.35000000000000003,
31,0.16129032258064516,0.45161290322580644,0.3870967741935484,0.0,0.21428571428571427,0.0967741935483871,uncertainty,0.0967741935483871,0.17419354838709677,9,0.4,
31,0.12903225806451613,0.41935483870967744,0.45161290322580644,0.0,0.15384615384615385,0.06451612903225806,uncertainty,0.06451612903225806,0.1548387096774194,9,0.45,
31,0.12903225806451613,0.3548387096774194,0.5161290322580645,0.0,0.18181818181818182,0.06451612903225806,uncertainty,0.06451612903225806,0.167741935483871,9,0.5,
31,0.12903225806451613,0.3225806451612903,0.5483870967741935,0.0,0.2,0.06451612903225806,uncertainty,0.06451612903225806,0.1741935483870968,9,0.55,
31,0.12903225806451613,0.25806451612903225,0.6129032258064516,0.0,0.25,0.06451612903225806,uncertainty,0.06451612903225806,0.18709677419354845,9,0.6000000000000001,
31,0.12903225806451613,0.22580645161290322,0.6451612903225806,0.0,0.2857142857142857,0.06451612903225806,uncertainty,0.06451612903225806,0.19354838709677424,9,0.65,
31,0.12903225806451613,0.16129032258064516,0.7096774193548387,0.0,0.4,0.06451612903225806,uncertainty,0.06451612903225806,0.20645161290322583,9,0.7000000000000001,
31,0.0967741935483871,0.16129032258064516,0.7419354838709677,0.0,0.4,0.06451612903225806,uncertainty,0.06451612903225806,0.21290322580645166,9,0.75,
31,0.0967741935483871,0.0967741935483871,0.8064516129032258,0.0,0.3333333333333333,0.03225806451612903,uncertainty,0.03225806451612903,0.19354838709677422,9,0.8,
31,0.06451612903225806,0.0967741935483871,0.8387096774193549,0.0,0.3333333333333333,0.03225806451612903,uncertainty,0.03225806451612903,0.20000000000000004,9,0.8500000000000001,
31,0.06451612903225806,0.03225806451612903,0.9032258064516129,0.0,0.0,0.0,uncertainty,0.0,0.18064516129032263,9,0.9,
31,0.03225806451612903,0.03225806451612903,0.9354838709677419,0.0,0.0,0.0,uncertainty,0.0,0.18709677419354845,9,0.9500000000000001,
31,0.0,0.0,1.0,,,0.0,uncertainty,0.0,0.20000000000000007,9,1.0,
31,0.0,0.03225806451612903,0.967741935483871,,0.0,0.0,split_cp,0.0,0.19354838709677424,9,0.02,1.0
31,0.0,0.03225806451612903,0.967741935483871,,0.0,0.0,split_cp,0.0,0.19354838709677424,9,0.05,1.0
31,0.0,0.03225806451612903,0.967741935483871,,0.0,0.0,split_cp,0.0,0.19354838709677424,9,0.08,1.0
31,0.06451612903225806,0.12903225806451613,0.8064516129032258,0.0,0.0,0.0,split_cp,0.0,0.16129032258064518,9,0.11,0.9354838709677419
31,0.06451612903225806,0.12903225806451613,0.8064516129032258,0.0,0.0,0.0,split_cp,0.0,0.16129032258064518,9,0.13999999999999999,0.9354838709677419
31,0.06451612903225806,0.1935483870967742,0.7419354838709677,0.0,0.0,0.0,split_cp,0.0,0.1483870967741936,9,0.16999999999999998,0.9354838709677419
31,0.06451612903225806,0.1935483870967742,0.7419354838709677,0.0,0.0,0.0,split_cp,0.0,0.1483870967741936,9,0.19999999999999998,0.9354838709677419
31,0.06451612903225806,0.25806451612903225,0.6774193548387096,0.0,0.0,0.0,split_cp,0.0,0.13548387096774198,9,0.22999999999999998,0.9032258064516129
31,0.0967741935483871,0.25806451612903225,0.6451612903225806,0.0,0.0,0.0,split_cp,0.0,0.12903225806451615,9,0.26,0.8387096774193549
31,0.0967741935483871,0.25806451612903225,0.6451612903225806,0.0,0.0,0.0,split_cp,0.0,0.12903225806451615,9,0.29000000000000004,0.8387096774193549
31,0.12903225806451613,0.2903225806451613,0.5806451612903226,0.0,0.1111111111111111,0.03225806451612903,split_cp,0.03225806451612903,0.1483870967741936,9,0.32,0.8387096774193549
31,0.16129032258064516,0.3225806451612903,0.5161290322580645,0.0,0.1,0.03225806451612903,split_cp,0.03225806451612903,0.13548387096774198,9,0.35,0.8387096774193549
31,0.16129032258064516,0.41935483870967744,0.41935483870967744,0.0,0.07692307692307693,0.03225806451612903,split_cp,0.03225806451612903,0.11612903225806455,9,0.38,0.7741935483870968
31,0.16129032258064516,0.41935483870967744,0.41935483870967744,0.0,0.07692307692307693,0.03225806451612903,split_cp,0.03225806451612903,0.11612903225806455,9,0.41000000000000003,0.7741935483870968
31,0.1935483870967742,0.41935483870967744,0.3870967741935484,0.0,0.07692307692307693,0.03225806451612903,split_cp,0.03225806451612903,0.10967741935483874,9,0.44,0.7096774193548387
31,0.1935483870967742,0.45161290322580644,0.3548387096774194,0.0,0.07142857142857142,0.03225806451612903,split_cp,0.03225806451612903,0.10322580645161293,9,0.47,0.6774193548387096
31,0.1935483870967742,0.5161290322580645,0.2903225806451613,0.0,0.125,0.06451612903225806,split_cp,0.06451612903225806,0.12258064516129034,9,0.5,0.5483870967741935
30,0.0,1.0,0.0,,0.06666666666666667,0.06666666666666667,crc,0.06666666666666667,0.06666666666666667,10,0.0,
30,0.0,1.0,0.0,,0.06666666666666667,0.06666666666666667,rac,0.06666666666666667,0.06666666666666667,10,0.0,
30,0.0,1.0,0.0,,0.06666666666666667,0.06666666666666667,rac_interval_cost,0.06666666666666667,0.06666666666666667,10,0.0,
30,0.0,1.0,0.0,,0.06666666666666667,0.06666666666666667,risktriage,0.06666666666666667,0.06666666666666667,10,0.0,
30,0.0,1.0,0.0,,0.06666666666666667,0.06666666666666667,crc,0.06666666666666667,0.06666666666666667,10,0.001,
30,0.0,1.0,0.0,,0.06666666666666667,0.06666666666666667,rac,0.06666666666666667,0.06666666666666667,10,0.001,
30,0.0,1.0,0.0,,0.06666666666666667,0.06666666666666667,rac_interval_cost,0.06666666666666667,0.06666666666666667,10,0.001,
30,0.0,1.0,0.0,,0.06666666666666667,0.06666666666666667,risktriage,0.06666666666666667,0.06666666666666667,10,0.001,
30,0.0,1.0,0.0,,0.06666666666666667,0.06666666666666667,crc,0.06666666666666667,0.06666666666666667,10,0.0012835236259149503,
30,0.0,1.0,0.0,,0.06666666666666667,0.06666666666666667,rac,0.06666666666666667,0.06666666666666667,10,0.0012835236259149503,
30,0.0,1.0,0.0,,0.06666666666666667,0.06666666666666667,rac_interval_cost,0.06666666666666667,0.06666666666666667,10,0.0012835236259149503,
30,0.0,1.0,0.0,,0.06666666666666667,0.06666666666666667,risktriage,0.06666666666666667,0.06666666666666667,10,0.0012835236259149503,
30,0.0,1.0,0.0,,0.06666666666666667,0.06666666666666667,crc,0.06666666666666667,0.06666666666666667,10,0.0016474328982818594,
30,0.0,1.0,0.0,,0.06666666666666667,0.06666666666666667,rac,0.06666666666666667,0.06666666666666667,10,0.0016474328982818594,
30,0.0,1.0,0.0,,0.06666666666666667,0.06666666666666667,rac_interval_cost,0.06666666666666667,0.06666666666666667,10,0.0016474328982818594,
30,0.0,1.0,0.0,,0.06666666666666667,0.06666666666666667,risktriage,0.06666666666666667,0.06666666666666667,10,0.0016474328982818594,
30,0.0,1.0,0.0,,0.06666666666666667,0.06666666666666667,crc,0.06666666666666667,0.06666666666666667,10,0.0021145190470543075,
30,0.0,1.0,0.0,,0.06666666666666667,0.06666666666666667,rac,0.06666666666666667,0.06666666666666667,10,0.0021145190470543075,
30,0.0,1.0,0.0,,0.06666666666666667,0.06666666666666667,rac_interval_cost,0.06666666666666667,0.06666666666666667,10,0.0021145190470543075,
30,0.0,1.0,0.0,,0.06666666666666667,0.06666666666666667,risktriage,0.06666666666666667,0.06666666666666667,10,0.0021145190470543075,
30,0.0,1.0,0.0,,0.06666666666666667,0.06666666666666667,crc,0.06666666666666667,0.06666666666666667,10,0.00271403515434137,
30,0.0,1.0,0.0,,0.06666666666666667,0.06666666666666667,rac,0.06666666666666667,0.06666666666666667,10,0.00271403515434137,
30,0.0,1.0,0.0,,0.06666666666666667,0.06666666666666667,rac_interval_cost,0.06666666666666667,0.06666666666666667,10,0.00271403515434137,
30,0.0,1.0,0.0,,0.06666666666666667,0.06666666666666667,risktriage,0.06666666666666667,0.06666666666666667,10,0.00271403515434137,
30,0.0,1.0,0.0,,0.06666666666666667,0.06666666666666667,crc,0.06666666666666667,0.06666666666666667,10,0.0034835282421608765,
30,0.0,1.0,0.0,,0.06666666666666667,0.06666666666666667,rac,0.06666666666666667,0.06666666666666667,10,0.0034835282421608765,
30,0.0,1.0,0.0,,0.06666666666666667,0.06666666666666667,rac_interval_cost,0.06666666666666667,0.06666666666666667,10,0.0034835282421608765,
30,0.0,1.0,0.0,,0.06666666666666667,0.06666666666666667,risktriage,0.06666666666666667,0.06666666666666667,10,0.0034835282421608765,
30,0.0,1.0,0.0,,0.06666666666666667,0.06666666666666667,crc,0.06666666666666667,0.06666666666666667,10,0.004471190800355456,
30,0.0,1.0,0.0,,0.06666666666666667,0.06666666666666667,rac,0.06666666666666667,0.06666666666666667,10,0.004471190800355456,
30,0.0,1.0,0.0,,0.06666666666666667,0.06666666666666667,rac_interval_cost,0.06666666666666667,0.06666666666666667,10,0.004471190800355456,
30,0.0,1.0,0.0,,0.06666666666666667,0.06666666666666667,risktriage,0.06666666666666667,0.06666666666666667,10,0.004471190800355456,
30,0.0,1.0,0.0,,0.06666666666666667,0.06666666666666667,crc,0.06666666666666667,0.06666666666666667,10,0.005738879028229804,
30,0.0,1.0,0.0,,0.06666666666666667,0.06666666666666667,rac,0.06666666666666667,0.06666666666666667,10,0.005738879028229804,
30,0.0,1.0,0.0,,0.06666666666666667,0.06666666666666667,rac_interval_cost,0.06666666666666667,0.06666666666666667,10,0.005738879028229804,
30,0.0,1.0,0.0,,0.06666666666666667,0.06666666666666667,risktriage,0.06666666666666667,0.06666666666666667,10,0.005738879028229804,
30,0.0,1.0,0.0,,0.06666666666666667,0.06666666666666667,crc,0.06666666666666667,0.06666666666666667,10,0.007365986819000784,
30,0.0,1.0,0.0,,0.06666666666666667,0.06666666666666667,rac,0.06666666666666667,0.06666666666666667,10,0.007365986819000784,
30,0.0,1.0,0.0,,0.06666666666666667,0.06666666666666667,rac_interval_cost,0.06666666666666667,0.06666666666666667,10,0.007365986819000784,
30,0.0,1.0,0.0,,0.06666666666666667,0.06666666666666667,risktriage,0.06666666666666667,0.06666666666666667,10,0.007365986819000784,
30,0.0,1.0,0.0,,0.06666666666666667,0.06666666666666667,crc,0.06666666666666667,0.06666666666666667,10,0.009454418110365606,
30,0.0,1.0,0.0,,0.06666666666666667,0.06666666666666667,rac,0.06666666666666667,0.06666666666666667,10,0.009454418110365606,
30,0.0,1.0,0.0,,0.06666666666666667,0.06666666666666667,rac_interval_cost,0.06666666666666667,0.06666666666666667,10,0.009454418110365606,
30,0.0,1.0,0.0,,0.06666666666666667,0.06666666666666667,risktriage,0.06666666666666667,0.06666666666666667,10,0.009454418110365606,
30,0.0,1.0,0.0,,0.06666666666666667,0.06666666666666667,crc,0.06666666666666667,0.06666666666666667,10,0.012134969013932434,
30,0.0,1.0,0.0,,0.06666666666666667,0.06666666666666667,rac,0.06666666666666667,0.06666666666666667,10,0.012134969013932434,
30,0.0,1.0,0.0,,0.06666666666666667,0.06666666666666667,rac_interval_cost,0.06666666666666667,0.06666666666666667,10,0.012134969013932434,
30,0.0,1.0,0.0,,0.06666666666666667,0.06666666666666667,risktriage,0.06666666666666667,0.06666666666666667,10,0.012134969013932434,
30,0.0,1.0,0.0,,0.06666666666666667,0.06666666666666667,crc,0.06666666666666667,0.06666666666666667,10,0.015575519429128118,
30,0.0,1.0,0.0,,0.06666666666666667,0.06666666666666667,rac,0.06666666666666667,0.06666666666666667,10,0.015575519429128118,
30,0.0,1.0,0.0,,0.06666666666666667,0.06666666666666667,rac_interval_cost,0.06666666666666667,0.06666666666666667,10,0.015575519429128118,
30,0.0,1.0,0.0,,0.06666666666666667,0.06666666666666667,risktriage,0.06666666666666667,0.06666666666666667,10,0.015575519429128118,
30,0.0,1.0,0.0,,0.06666666666666667,0.06666666666666667,crc,0.06666666666666667,0.06666666666666667,10,0.019991547173183268,
30,0.0,1.0,0.0,,0.06666666666666667,0.06666666666666667,rac,0.06666666666666667,0.06666666666666667,10,0.019991547173183268,
30,0.0,1.0,0.0,,0.06666666666666667,0.06666666666666667,rac_interval_cost,0.06666666666666667,0.06666666666666667,10,0.019991547173183268,
30,0.0,1.0,0.0,,0.06666666666666667,0.06666666666666667,risktriage,0.06666666666666667,0.06666666666666667,10,0.019991547173183268,
30,0.0,1.0,0.0,,0.06666666666666667,0.06666666666666667,crc,0.06666666666666667,0.06666666666666667,10,0.02565962311537396,
30,0.0,1.0,0.0,,0.06666666666666667,0.06666666666666667,rac,0.06666666666666667,0.06666666666666667,10,0.02565962311537396,
30,0.0,1.0,0.0,,0.06666666666666667,0.06666666666666667,rac_interval_cost,0.06666666666666667,0.06666666666666667,10,0.02565962311537396,
30,0.0,1.0,0.0,,0.06666666666666667,0.06666666666666667,risktriage,0.06666666666666667,0.06666666666666667,10,0.02565962311537396,
30,0.0,1.0,0.0,,0.06666666666666667,0.06666666666666667,crc,0.06666666666666667,0.06666666666666667,10,0.03293473250065584,
30,0.0,1.0,0.0,,0.06666666666666667,0.06666666666666667,rac,0.06666666666666667,0.06666666666666667,10,0.03293473250065584,
30,0.0,1.0,0.0,,0.06666666666666667,0.06666666666666667,rac_interval_cost,0.06666666666666667,0.06666666666666667,10,0.03293473250065584,
30,0.0,1.0,0.0,,0.06666666666666667,0.06666666666666667,risktriage,0.06666666666666667,0.06666666666666667,10,0.03293473250065584,
30,0.0,1.0,0.0,,0.06666666666666667,0.06666666666666667,crc,0.06666666666666667,0.06666666666666667,10,0.04227250727778074,
30,0.0,1.0,0.0,,0.06666666666666667,0.06666666666666667,rac,0.06666666666666667,0.06666666666666667,10,0.04227250727778074,
30,0.0,1.0,0.0,,0.06666666666666667,0.06666666666666667,rac_interval_cost,0.06666666666666667,0.06666666666666667,10,0.04227250727778074,
30,0.0,1.0,0.0,,0.06666666666666667,0.06666666666666667,risktriage,0.06666666666666667,0.06666666666666667,10,0.04227250727778074,
30,0.0,1.0,0.0,,0.06666666666666667,0.06666666666666667,crc,0.06666666666666667,0.06666666666666667,10,0.05425776181769323,
30,0.0,1.0,0.0,,0.06666666666666667,0.06666666666666667,rac,0.06666666666666667,0.06666666666666667,10,0.05425776181769323,
30,0.0,1.0,0.0,,0.06666666666666667,0.06666666666666667,rac_interval_cost,0.06666666666666667,0.06666666666666667,10,0.05425776181769323,
30,0.0,1.0,0.0,,0.06666666666666667,0.06666666666666667,risktriage,0.06666666666666667,0.06666666666666667,10,0.05425776181769323,
30,0.0,1.0,0.0,,0.06666666666666667,0.06666666666666667,crc,0.06666666666666667,0.06666666666666667,10,0.06964111918227531,
30,0.0,1.0,0.0,,0.06666666666666667,0.06666666666666667,rac,0.06666666666666667,0.06666666666666667,10,0.06964111918227531,
30,0.0,1.0,0.0,,0.06666666666666667,0.06666666666666667,rac_interval_cost,0.06666666666666667,0.06666666666666667,10,0.06964111918227531,
30,0.0,1.0,0.0,,0.06666666666666667,0.06666666666666667,risktriage,0.06666666666666667,0.06666666666666667,10,0.06964111918227531,
30,0.0,1.0,0.0,,0.06666666666666667,0.06666666666666667,crc,0.06666666666666667,0.06666666666666667,10,0.0893860218056092,
30,0.0,1.0,0.0,,0.06666666666666667,0.06666666666666667,rac,0.06666666666666667,0.06666666666666667,10,0.0893860218056092,
30,0.0,1.0,0.0,,0.06666666666666667,0.06666666666666667,rac_interval_cost,0.06666666666666667,0.06666666666666667,10,0.0893860218056092,
30,0.0,1.0,0.0,,0.06666666666666667,0.06666666666666667,risktriage,0.06666666666666667,0.06666666666666667,10,0.0893860218056092,
30,0.0,1.0,0.0,,0.06666666666666667,0.06666666666666667,crc,0.06666666666666667,0.06666666666666667,10,0.11472907081404826,
30,0.0,1.0,0.0,,0.06666666666666667,0.06666666666666667,rac,0.06666666666666667,0.06666666666666667,10,0.11472907081404826,
30,0.0,1.0,0.0,,0.06666666666666667,0.06666666666666667,rac_interval_cost,0.06666666666666667,0.06666666666666667,10,0.11472907081404826,
30,0.0,1.0,0.0,,0.06666666666666667,0.06666666666666667,risktriage,0.06666666666666667,0.06666666666666667,10,0.11472907081404826,
30,0.0,0.9666666666666667,0.03333333333333333,,0.034482758620689655,0.03333333333333333,crc,0.03333333333333333,0.04,10,0.14725747296910033,
30,0.0,0.9666666666666667,0.03333333333333333,,0.034482758620689655,0.03333333333333333,rac,0.03333333333333333,0.04,10,0.14725747296910033,
30,0.0,0.9666666666666667,0.03333333333333333,,0.034482758620689655,0.03333333333333333,rac_interval_cost,0.03333333333333333,0.04,10,0.14725747296910033,
30,0.0,1.0,0.0,,0.06666666666666667,0.06666666666666667,risktriage,0.06666666666666667,0.06666666666666667,10,0.14725747296910033,
30,0.0,0.9666666666666667,0.03333333333333333,,0.034482758620689655,0.03333333333333333,crc,0.03333333333333333,0.04,10,0.18900844564837221,
30,0.0,0.9666666666666667,0.03333333333333333,,0.034482758620689655,0.03333333333333333,rac,0.03333333333333333,0.04,10,0.18900844564837221,
30,0.0,0.9666666666666667,0.03333333333333333,,0.034482758620689655,0.03333333333333333,rac_interval_cost,0.03333333333333333,0.04,10,0.18900844564837221,
30,0.0,0.9666666666666667,0.03333333333333333,,0.034482758620689655,0.03333333333333333,risktriage,0.03333333333333333,0.04,10,0.18900844564837221,
30,0.0,0.9666666666666667,0.03333333333333333,,0.034482758620689655,0.03333333333333333,crc,0.03333333333333333,0.04,10,0.2425968054871475,
30,0.0,0.9666666666666667,0.03333333333333333,,0.034482758620689655,0.03333333333333333,rac,0.03333333333333333,0.04,10,0.2425968054871475,
30,0.0,0.9666666666666667,0.03333333333333333,,0.034482758620689655,0.03333333333333333,rac_interval_cost,0.03333333333333333,0.04,10,0.2425968054871475,
30,0.0,0.9666666666666667,0.03333333333333333,,0.034482758620689655,0.03333333333333333,risktriage,0.03333333333333333,0.04,10,0.2425968054871475,
30,0.0,0.9666666666666667,0.03333333333333333,,0.034482758620689655,0.03333333333333333,crc,0.03333333333333333,0.04,10,0.31137873141424743,
30,0.0,0.9666666666666667,0.03333333333333333,,0.034482758620689655,0.03333333333333333,rac,0.03333333333333333,0.04,10,0.31137873141424743,
30,0.0,0.9666666666666667,0.03333333333333333,,0.034482758620689655,0.03333333333333333,rac_interval_cost,0.03333333333333333,0.04,10,0.31137873141424743,
30,0.0,0.9666666666666667,0.03333333333333333,,0.034482758620689655,0.03333333333333333,risktriage,0.03333333333333333,0.04,10,0.31137873141424743,
30,0.0,0.9666666666666667,0.03333333333333333,,0.034482758620689655,0.03333333333333333,crc,0.03333333333333333,0.04,10,0.39966195837761187,
30,0.0,0.9666666666666667,0.03333333333333333,,0.034482758620689655,0.03333333333333333,rac,0.03333333333333333,0.04,10,0.39966195837761187,
30,0.0,0.9666666666666667,0.03333333333333333,,0.034482758620689655,0.03333333333333333,rac_interval_cost,0.03333333333333333,0.04,10,0.39966195837761187,
30,0.0,0.9666666666666667,0.03333333333333333,,0.034482758620689655,0.03333333333333333,risktriage,0.03333333333333333,0.04,10,0.39966195837761187,
30,0.0,0.9666666666666667,0.03333333333333333,,0.034482758620689655,0.03333333333333333,crc,0.03333333333333333,0.04,10,0.5129755659571023,
30,0.0,0.9666666666666667,0.03333333333333333,,0.034482758620689655,0.03333333333333333,rac,0.03333333333333333,0.04,10,0.5129755659571023,
30,0.0,0.9666666666666667,0.03333333333333333,,0.034482758620689655,0.03333333333333333,rac_interval_cost,0.03333333333333333,0.04,10,0.5129755659571023,
30,0.0,0.9666666666666667,0.03333333333333333,,0.034482758620689655,0.03333333333333333,risktriage,0.03333333333333333,0.04,10,0.5129755659571023,
30,0.0,0.9666666666666667,0.03333333333333333,,0.034482758620689655,0.03333333333333333,crc,0.03333333333333333,0.04,10,0.6584162584230336,
30,0.0,0.9666666666666667,0.03333333333333333,,0.034482758620689655,0.03333333333333333,rac,0.03333333333333333,0.04,10,0.6584162584230336,
30,0.0,0.9666666666666667,0.03333333333333333,,0.034482758620689655,0.03333333333333333,rac_interval_cost,0.03333333333333333,0.04,10,0.6584162584230336,
30,0.0,0.9666666666666667,0.03333333333333333,,0.034482758620689655,0.03333333333333333,risktriage,0.03333333333333333,0.04,10,0.6584162584230336,
30,0.0,0.9666666666666667,0.03333333333333333,,0.034482758620689655,0.03333333333333333,crc,0.03333333333333333,0.04,10,0.845092823372487,
30,0.0,0.9666666666666667,0.03333333333333333,,0.034482758620689655,0.03333333333333333,rac,0.03333333333333333,0.04,10,0.845092823372487,
30,0.0,0.9666666666666667,0.03333333333333333,,0.034482758620689655,0.03333333333333333,rac_interval_cost,0.03333333333333333,0.04,10,0.845092823372487,
30,0.0,0.9666666666666667,0.03333333333333333,,0.034482758620689655,0.03333333333333333,risktriage,0.03333333333333333,0.04,10,0.845092823372487,
30,0.0,0.9666666666666667,0.03333333333333333,,0.034482758620689655,0.03333333333333333,crc,0.03333333333333333,0.04,10,1.084696604889756,
30,0.0,0.9666666666666667,0.03333333333333333,,0.034482758620689655,0.03333333333333333,rac,0.03333333333333333,0.04,10,1.084696604889756,
30,0.0,0.9666666666666667,0.03333333333333333,,0.034482758620689655,0.03333333333333333,rac_interval_cost,0.03333333333333333,0.04,10,1.084696604889756,
30,0.0,0.9666666666666667,0.03333333333333333,,0.034482758620689655,0.03333333333333333,risktriage,0.03333333333333333,0.04,10,1.084696604889756,
30,0.0,0.9666666666666667,0.03333333333333333,,0.034482758620689655,0.03333333333333333,crc,0.03333333333333333,0.04,10,1.3922337193257357,
30,0.0,0.9666666666666667,0.03333333333333333,,0.034482758620689655,0.03333333333333333,rac,0.03333333333333333,0.04,10,1.3922337193257357,
30,0.0,0.9666666666666667,0.03333333333333333,,0.034482758620689655,0.03333333333333333,rac_interval_cost,0.03333333333333333,0.04,10,1.3922337193257357,
30,0.0,0.9666666666666667,0.03333333333333333,,0.034482758620689655,0.03333333333333333,risktriage,0.03333333333333333,0.04,10,1.3922337193257357,
30,0.0,0.9666666666666667,0.03333333333333333,,0.034482758620689655,0.03333333333333333,crc,0.03333333333333333,0.04,10,1.7869648715500253,
30,0.0,0.9666666666666667,0.03333333333333333,,0.034482758620689655,0.03333333333333333,rac,0.03333333333333333,0.04,10,1.7869648715500253,
30,0.0,0.9666666666666667,0.03333333333333333,,0.034482758620689655,0.03333333333333333,rac_interval_cost,0.03333333333333333,0.04,10,1.7869648715500253,
30,0.0,0.9666666666666667,0.03333333333333333,,0.034482758620689655,0.03333333333333333,risktriage,0.03333333333333333,0.04,10,1.7869648715500253,
30,0.0,0.9666666666666667,0.03333333333333333,,0.034482758620689655,0.03333333333333333,crc,0.03333333333333333,0.04,10,2.2936116313145294,
30,0.0,0.9666666666666667,0.03333333333333333,,0.034482758620689655,0.03333333333333333,rac,0.03333333333333333,0.04,10,2.2936116313145294,
30,0.0,0.9666666666666667,0.03333333333333333,,0.034482758620689655,0.03333333333333333,rac_interval_cost,0.03333333333333333,0.04,10,2.2936116313145294,
30,0.0,0.9666666666666667,0.03333333333333333,,0.034482758620689655,0.03333333333333333,risktriage,0.03333333333333333,0.04,10,2.2936116313145294,
30,0.0,0.9666666666666667,0.03333333333333333,,0.034482758620689655,0.03333333333333333,crc,0.03333333333333333,0.04,10,2.9439047174655286,
30,0.0,0.9666666666666667,0.03333333333333333,,0.034482758620689655,0.03333333333333333,rac,0.03333333333333333,0.04,10,2.9439047174655286,
30,0.0,0.9666666666666667,0.03333333333333333,,0.034482758620689655,0.03333333333333333,rac_interval_cost,0.03333333333333333,0.04,10,2.9439047174655286,
30,0.0,0.9666666666666667,0.03333333333333333,,0.034482758620689655,0.03333333333333333,risktriage,0.03333333333333333,0.04,10,2.9439047174655286,
30,0.0,0.9333333333333333,0.06666666666666667,,0.03571428571428571,0.03333333333333333,crc,0.03333333333333333,0.04666666666666666,10,3.7785712573094825,
30,0.0,0.9333333333333333,0.06666666666666667,,0.03571428571428571,0.03333333333333333,rac,0.03333333333333333,0.04666666666666666,10,3.7785712573094825,
30,0.0,0.9333333333333333,0.06666666666666667,,0.03571428571428571,0.03333333333333333,rac_interval_cost,0.03333333333333333,0.04666666666666666,10,3.7785712573094825,
30,0.0,0.9666666666666667,0.03333333333333333,,0.034482758620689655,0.03333333333333333,risktriage,0.03333333333333333,0.04,10,3.7785712573094825,
30,0.0,0.9333333333333333,0.06666666666666667,,0.03571428571428571,0.03333333333333333,crc,0.03333333333333333,0.04666666666666666,10,4.849885480959874,
30,0.0,0.9333333333333333,0.06666666666666667,,0.03571428571428571,0.03333333333333333,rac,0.03333333333333333,0.04666666666666666,10,4.849885480959874,
30,0.0,0.9333333333333333,0.06666666666666667,,0.03571428571428571,0.03333333333333333,rac_interval_cost,0.03333333333333333,0.04666666666666666,10,4.849885480959874,
30,0.0,0.9333333333333333,0.06666666666666667,,0.03571428571428571,0.03333333333333333,risktriage,0.03333333333333333,0.04666666666666666,10,4.849885480959874,
30,0.0,0.9,0.1,,0.037037037037037035,0.03333333333333333,crc,0.03333333333333333,0.05333333333333333,10,6.22494259779389,
30,0.0,0.9,0.1,,0.037037037037037035,0.03333333333333333,rac,0.03333333333333333,0.05333333333333333,10,6.22494259779389,
30,0.0,0.9,0.1,,0.037037037037037035,0.03333333333333333,rac_interval_cost,0.03333333333333333,0.05333333333333333,10,6.22494259779389,
30,0.0,0.9333333333333333,0.06666666666666667,,0.03571428571428571,0.03333333333333333,risktriage,0.03333333333333333,0.04666666666666666,10,6.22494259779389,
30,0.0,0.9,0.1,,0.037037037037037035,0.03333333333333333,crc,0.03333333333333333,0.05333333333333333,10,7.9898608942328435,
30,0.0,0.9,0.1,,0.037037037037037035,0.03333333333333333,rac,0.03333333333333333,0.05333333333333333,10,7.9898608942328435,
30,0.0,0.9,0.1,,0.037037037037037035,0.03333333333333333,rac_interval_cost,0.03333333333333333,0.05333333333333333,10,7.9898608942328435,
30,0.0,0.9,0.1,,0.037037037037037035,0.03333333333333333,risktriage,0.03333333333333333,0.05333333333333333,10,7.9898608942328435,
30,0.0,0.9,0.1,,0.037037037037037035,0.03333333333333333,crc,0.03333333333333333,0.05333333333333333,10,10.255175225521805,
30,0.0,0.9,0.1,,0.037037037037037035,0.03333333333333333,rac,0.03333333333333333,0.05333333333333333,10,10.255175225521805,
30,0.0,0.9,0.1,,0.037037037037037035,0.03333333333333333,rac_interval_cost,0.03333333333333333,0.05333333333333333,10,10.255175225521805,
30,0.0,0.9,0.1,,0.037037037037037035,0.03333333333333333,risktriage,0.03333333333333333,0.05333333333333333,10,10.255175225521805,
30,0.0,0.8,0.2,,0.041666666666666664,0.03333333333333333,crc,0.03333333333333333,0.07333333333333333,10,13.162759689854902,
30,0.0,0.8,0.2,,0.041666666666666664,0.03333333333333333,rac,0.03333333333333333,0.07333333333333333,10,13.162759689854902,
30,0.0,0.8,0.2,,0.041666666666666664,0.03333333333333333,rac_interval_cost,0.03333333333333333,0.07333333333333333,10,13.162759689854902,
30,0.0,0.9,0.1,,0.037037037037037035,0.03333333333333333,risktriage,0.03333333333333333,0.05333333333333333,10,13.162759689854902,
30,0.0,0.7,0.3,,0.0,0.0,crc,0.0,0.05999999999999999,10,16.89471304416969,
30,0.0,0.7,0.3,,0.0,0.0,rac,0.0,0.05999999999999999,10,16.89471304416969,
30,0.0,0.7,0.3,,0.0,0.0,rac_interval_cost,0.0,0.05999999999999999,10,16.89471304416969,
30,0.0,0.7666666666666667,0.23333333333333334,,0.043478260869565216,0.03333333333333333,risktriage,0.03333333333333333,0.08000000000000002,10,16.89471304416969,
30,0.0,0.6,0.4,,0.0,0.0,crc,0.0,0.08000000000000002,10,21.68476334524531,
30,0.0,0.6,0.4,,0.0,0.0,rac,0.0,0.08000000000000002,10,21.68476334524531,
30,0.0,0.6,0.4,,0.0,0.0,rac_interval_cost,0.0,0.08000000000000002,10,21.68476334524531,
30,0.0,0.6333333333333333,0.36666666666666664,,0.0,0.0,risktriage,0.0,0.07333333333333333,10,21.68476334524531,
30,0.0,0.4,0.6,,0.0,0.0,crc,0.0,0.12000000000000004,10,27.83290607599684,
30,0.0,0.4,0.6,,0.0,0.0,rac,0.0,0.12000000000000004,10,27.83290607599684,
30,0.0,0.4,0.6,,0.0,0.0,rac_interval_cost,0.0,0.12000000000000004,10,27.83290607599684,
30,0.0,0.6,0.4,,0.0,0.0,risktriage,0.0,0.08000000000000002,10,27.83290607599684,
30,0.0,0.36666666666666664,0.6333333333333333,,0.0,0.0,crc,0.0,0.12666666666666668,10,35.724192526413674,
30,0.0,0.36666666666666664,0.6333333333333333,,0.0,0.0,rac,0.0,0.12666666666666668,10,35.724192526413674,
30,0.0,0.36666666666666664,0.6333333333333333,,0.0,0.0,rac_interval_cost,0.0,0.12666666666666668,10,35.724192526413674,
30,0.0,0.4,0.6,,0.0,0.0,risktriage,0.0,0.12000000000000004,10,35.724192526413674,
30,0.0,0.3333333333333333,0.6666666666666666,,0.0,0.0,crc,0.0,0.13333333333333336,10,45.85284512438629,
30,0.0,0.3333333333333333,0.6666666666666666,,0.0,0.0,rac,0.0,0.13333333333333336,10,45.85284512438629,
30,0.0,0.3333333333333333,0.6666666666666666,,0.0,0.0,rac_interval_cost,0.0,0.13333333333333336,10,45.85284512438629,
30,0.0,0.36666666666666664,0.6333333333333333,,0.0,0.0,risktriage,0.0,0.12666666666666668,10,45.85284512438629,
30,0.0,0.26666666666666666,0.7333333333333333,,0.0,0.0,crc,0.0,0.1466666666666667,10,58.853210032568875,
30,0.0,0.26666666666666666,0.7333333333333333,,0.0,0.0,rac,0.0,0.1466666666666667,10,58.853210032568875,
30,0.0,0.26666666666666666,0.7333333333333333,,0.0,0.0,rac_interval_cost,0.0,0.1466666666666667,10,58.853210032568875,
30,0.0,0.26666666666666666,0.7333333333333333,,0.0,0.0,risktriage,0.0,0.1466666666666667,10,58.853210032568875,
30,0.0,0.16666666666666666,0.8333333333333334,,0.0,0.0,crc,0.0,0.16666666666666669,10,75.53948553773685,
30,0.0,0.16666666666666666,0.8333333333333334,,0.0,0.0,rac,0.0,0.16666666666666669,10,75.53948553773685,
30,0.0,0.16666666666666666,0.8333333333333334,,0.0,0.0,rac_interval_cost,0.0,0.16666666666666669,10,75.53948553773685,
30,0.0,0.23333333333333334,0.7666666666666667,,0.0,0.0,risktriage,0.0,0.15333333333333338,10,75.53948553773685,
30,0.0,0.06666666666666667,0.9333333333333333,,0.0,0.0,crc,0.0,0.1866666666666667,10,96.95671437714604,
30,0.0,0.06666666666666667,0.9333333333333333,,0.0,0.0,rac,0.0,0.1866666666666667,10,96.95671437714604,
30,0.0,0.06666666666666667,0.9333333333333333,,0.0,0.0,rac_interval_cost,0.0,0.1866666666666667,10,96.95671437714604,
30,0.0,0.16666666666666666,0.8333333333333334,,0.0,0.0,risktriage,0.0,0.16666666666666669,10,96.95671437714604,
30,0.0,0.03333333333333333,0.9666666666666667,,0.0,0.0,crc,0.0,0.19333333333333338,10,124.44623359415468,
30,0.0,0.03333333333333333,0.9666666666666667,,0.0,0.0,rac,0.0,0.19333333333333338,10,124.44623359415468,
30,0.0,0.03333333333333333,0.9666666666666667,,0.0,0.0,rac_interval_cost,0.0,0.19333333333333338,10,124.44623359415468,
30,0.0,0.06666666666666667,0.9333333333333333,,0.0,0.0,risktriage,0.0,0.1866666666666667,10,124.44623359415468,
30,0.0,1.0,0.0,,0.06666666666666667,0.06666666666666667,uncertainty,0.06666666666666667,0.06666666666666667,10,0.0,
30,0.0,0.9333333333333333,0.06666666666666667,,0.03571428571428571,0.03333333333333333,uncertainty,0.03333333333333333,0.04666666666666666,10,0.05,
30,0.0,0.9,0.1,,0.037037037037037035,0.03333333333333333,uncertainty,0.03333333333333333,0.05333333333333333,10,0.1,
30,0.0,0.8333333333333334,0.16666666666666666,,0.04,0.03333333333333333,uncertainty,0.03333333333333333,0.06666666666666667,10,0.15000000000000002,
30,0.0,0.8,0.2,,0.041666666666666664,0.03333333333333333,uncertainty,0.03333333333333333,0.07333333333333333,10,0.2,
30,0.0,0.7333333333333333,0.26666666666666666,,0.045454545454545456,0.03333333333333333,uncertainty,0.03333333333333333,0.08666666666666668,10,0.25,
30,0.0,0.7,0.3,,0.047619047619047616,0.03333333333333333,uncertainty,0.03333333333333333,0.09333333333333334,10,0.30000000000000004,
30,0.0,0.6333333333333333,0.36666666666666664,,0.05263157894736842,0.03333333333333333,uncertainty,0.03333333333333333,0.10666666666666667,10,0.35000000000000003,
30,0.0,0.6,0.4,,0.05555555555555555,0.03333333333333333,uncertainty,0.03333333333333333,0.11333333333333334,10,0.4,
30,0.0,0.5333333333333333,0.4666666666666667,,0.0625,0.03333333333333333,uncertainty,0.03333333333333333,0.12666666666666668,10,0.45,
30,0.0,0.5,0.5,,0.06666666666666667,0.03333333333333333,uncertainty,0.03333333333333333,0.13333333333333336,10,0.5,
30,0.0,0.4666666666666667,0.5333333333333333,,0.07142857142857142,0.03333333333333333,uncertainty,0.03333333333333333,0.14,10,0.55,
30,0.0,0.4,0.6,,0.08333333333333333,0.03333333333333333,uncertainty,0.03333333333333333,0.15333333333333335,10,0.6000000000000001,
30,0.0,0.3333333333333333,0.6666666666666666,,0.1,0.03333333333333333,uncertainty,0.03333333333333333,0.16666666666666669,10,0.65,
30,0.0,0.3,0.7,,0.0,0.0,uncertainty,0.0,0.14000000000000004,10,0.7000000000000001,
30,0.0,0.26666666666666666,0.7333333333333333,,0.0,0.0,uncertainty,0.0,0.1466666666666667,10,0.75,
30,0.0,0.2,0.8,,0.0,0.0,uncertainty,0.0,0.16000000000000006,10,0.8,
30,0.0,0.13333333333333333,0.8666666666666667,,0.0,0.0,uncertainty,0.0,0.17333333333333337,10,0.8500000000000001,
30,0.0,0.1,0.9,,0.0,0.0,uncertainty,0.0,0.18000000000000005,10,0.9,
30,0.0,0.03333333333333333,0.9666666666666667,,0.0,0.0,uncertainty,0.0,0.19333333333333338,10,0.9500000000000001,
30,0.0,0.0,1.0,,,0.0,uncertainty,0.0,0.20000000000000007,10,1.0,
30,0.0,0.13333333333333333,0.8666666666666667,,0.0,0.0,split_cp,0.0,0.17333333333333337,10,0.02,1.0
30,0.0,0.13333333333333333,0.8666666666666667,,0.0,0.0,split_cp,0.0,0.17333333333333337,10,0.05,1.0
30,0.0,0.13333333333333333,0.8666666666666667,,0.0,0.0,split_cp,0.0,0.17333333333333337,10,0.08,1.0
30,0.0,0.26666666666666666,0.7333333333333333,,0.0,0.0,split_cp,0.0,0.1466666666666667,10,0.11,0.9666666666666667
30,0.0,0.4,0.6,,0.0,0.0,split_cp,0.0,0.12000000000000004,10,0.13999999999999999,0.8333333333333334
30,0.0,0.6333333333333333,0.36666666666666664,,0.0,0.0,split_cp,0.0,0.07333333333333333,10,0.16999999999999998,0.8
30,0.0,0.7,0.3,,0.0,0.0,split_cp,0.0,0.05999999999999999,10,0.19999999999999998,0.8
30,0.0,0.7333333333333333,0.26666666666666666,,0.045454545454545456,0.03333333333333333,split_cp,0.03333333333333333,0.08666666666666668,10,0.22999999999999998,0.8
30,0.0,0.7666666666666667,0.23333333333333334,,0.043478260869565216,0.03333333333333333,split_cp,0.03333333333333333,0.08000000000000002,10,0.26,0.8
30,0.0,0.7666666666666667,0.23333333333333334,,0.043478260869565216,0.03333333333333333,split_cp,0.03333333333333333,0.08000000000000002,10,0.29000000000000004,0.8
30,0.0,0.7666666666666667,0.23333333333333334,,0.043478260869565216,0.03333333333333333,split_cp,0.03333333333333333,0.08000000000000002,10,0.32,0.8
30,0.0,0.9,0.1,,0.037037037037037035,0.03333333333333333,split_cp,0.03333333333333333,0.05333333333333333,10,0.35,0.7
30,0.0,0.9,0.1,,0.037037037037037035,0.03333333333333333,split_cp,0.03333333333333333,0.05333333333333333,10,0.38,0.7
30,0.0,0.9,0.1,,0.037037037037037035,0.03333333333333333,split_cp,0.03333333333333333,0.05333333333333333,10,0.41000000000000003,0.7
30,0.0,0.9,0.1,,0.037037037037037035,0.03333333333333333,split_cp,0.03333333333333333,0.05333333333333333,10,0.44,0.7
30,0.0,0.9,0.1,,0.037037037037037035,0.03333333333333333,split_cp,0.03333333333333333,0.05333333333333333,10,0.47,0.6333333333333333
30,0.0,0.9,0.1,,0.037037037037037035,0.03333333333333333,split_cp,0.03333333333333333,0.05333333333333333,10,0.5,0.5666666666666667
31,0.2903225806451613,0.7096774193548387,0.0,0.1111111111111111,0.0,0.03225806451612903,crc,0.03225806451612903,0.03225806451612903,11,0.0,
31,0.2903225806451613,0.7096774193548387,0.0,0.1111111111111111,0.0,0.03225806451612903,rac,0.03225806451612903,0.03225806451612903,11,0.0,
31,0.2903225806451613,0.7096774193548387,0.0,0.1111111111111111,0.0,0.03225806451612903,rac_interval_cost,0.03225806451612903,0.03225806451612903,11,0.0,
31,0.2903225806451613,0.7096774193548387,0.0,0.1111111111111111,0.0,0.03225806451612903,risktriage,0.03225806451612903,0.03225806451612903,11,0.0,
31,0.2903225806451613,0.7096774193548387,0.0,0.1111111111111111,0.0,0.03225806451612903,crc,0.03225806451612903,0.03225806451612903,11,0.001,
31,0.2903225806451613,0.7096774193548387,0.0,0.1111111111111111,0.0,0.03225806451612903,rac,0.03225806451612903,0.03225806451612903,11,0.001,
31,0.2903225806451613,0.7096774193548387,0.0,0.1111111111111111,0.0,0.03225806451612903,rac_interval_cost,0.03225806451612903,0.03225806451612903,11,0.001,
31,0.2903225806451613,0.7096774193548387,0.0,0.1111111111111111,0.0,0.03225806451612903,risktriage,0.03225806451612903,0.03225806451612903,11,0.001,
31,0.2903225806451613,0.7096774193548387,0.0,0.1111111111111111,0.0,0.03225806451612903,crc,0.03225806451612903,0.03225806451612903,11,0.001289984941513859,
31,0.2903225806451613,0.7096774193548387,0.0,0.1111111111111111,0.0,0.03225806451612903,rac,0.03225806451612903,0.03225806451612903,11,0.001289984941513859,
31,0.2903225806451613,0.7096774193548387,0.0,0.1111111111111111,0.0,0.03225806451612903,rac_interval_cost,0.03225806451612903,0.03225806451612903,11,0.001289984941513859,
31,0.2903225806451613,0.7096774193548387,0.0,0.1111111111111111,0.0,0.03225806451612903,risktriage,0.03225806451612903,0.03225806451612903,11,0.001289984941513859,
31,0.2903225806451613,0.7096774193548387,0.0,0.1111111111111111,0.0,0.03225806451612903,crc,0.03225806451612903,0.03225806451612903,11,0.0016640611493325141,
31,0.2903225806451613,0.7096774193548387,0.0,0.1111111111111111,0.0,0.03225806451612903,rac,0.03225806451612903,0.03225806451612903,11,0.0016640611493325141,
31,0.2903225806451613,0.7096774193548387,0.0,0.1111111111111111,0.0,0.03225806451612903,rac_interval_cost,0.03225806451612903,0.03225806451612903,11,0.0016640611493325141,
31,0.2903225806451613,0.7096774193548387,0.0,0.1111111111111111,0.0,0.03225806451612903,risktriage,0.03225806451612903,0.03225806451612903,11,0.0016640611493325141,
31,0.2903225806451613,0.7096774193548387,0.0,0.1111111111111111,0.0,0.03225806451612903,crc,0.03225806451612903,0.03225806451612903,11,0.002146613824397188,
31,0.2903225806451613,0.7096774193548387,0.0,0.1111111111111111,0.0,0.03225806451612903,rac,0.03225806451612903,0.03225806451612903,11,0.002146613824397188,
31,0.2903225806451613,0.7096774193548387,0.0,0.1111111111111111,0.0,0.03225806451612903,rac_interval_cost,0.03225806451612903,0.03225806451612903,11,0.002146613824397188,
31,0.2903225806451613,0.7096774193548387,0.0,0.1111111111111111,0.0,0.03225806451612903,risktriage,0.03225806451612903,0.03225806451612903,11,0.002146613824397188,
31,0.2903225806451613,0.7096774193548387,0.0,0.1111111111111111,0.0,0.03225806451612903,crc,0.03225806451612903,0.03225806451612903,11,0.002769099508717848,
31,0.2903225806451613,0.7096774193548387,0.0,0.1111111111111111,0.0,0.03225806451612903,rac,0.03225806451612903,0.03225806451612903,11,0.002769099508717848,
31,0.2903225806451613,0.7096774193548387,0.0,0.1111111111111111,0.0,0.03225806451612903,rac_interval_cost,0.03225806451612903,0.03225806451612903,11,0.002769099508717848,
31,0.2903225806451613,0.7096774193548387,0.0,0.1111111111111111,0.0,0.03225806451612903,risktriage,0.03225806451612903,0.03225806451612903,11,0.002769099508717848,
31,0.2903225806451613,0.7096774193548387,0.0,0.1111111111111111,0.0,0.03225806451612903,crc,0.03225806451612903,0.03225806451612903,11,0.0035720966677994484,
31,0.2903225806451613,0.7096774193548387,0.0,0.1111111111111111,0.0,0.03225806451612903,rac,0.03225806451612903,0.03225806451612903,11,0.0035720966677994484,
31,0.2903225806451613,0.7096774193548387,0.0,0.1111111111111111,0.0,0.03225806451612903,rac_interval_cost,0.03225806451612903,0.03225806451612903,11,0.0035720966677994484,
31,0.2903225806451613,0.7096774193548387,0.0,0.1111111111111111,0.0,0.03225806451612903,risktriage,0.03225806451612903,0.03225806451612903,11,0.0035720966677994484,
31,0.2903225806451613,0.7096774193548387,0.0,0.1111111111111111,0.0,0.03225806451612903,crc,0.03225806451612903,0.03225806451612903,11,0.004607950911093127,
31,0.2903225806451613,0.7096774193548387,0.0,0.1111111111111111,0.0,0.03225806451612903,rac,0.03225806451612903,0.03225806451612903,11,0.004607950911093127,
31,0.2903225806451613,0.7096774193548387,0.0,0.1111111111111111,0.0,0.03225806451612903,rac_interval_cost,0.03225806451612903,0.03225806451612903,11,0.004607950911093127,
31,0.2903225806451613,0.7096774193548387,0.0,0.1111111111111111,0.0,0.03225806451612903,risktriage,0.03225806451612903,0.03225806451612903,11,0.004607950911093127,
31,0.2903225806451613,0.7096774193548387,0.0,0.1111111111111111,0.0,0.03225806451612903,crc,0.03225806451612903,0.03225806451612903,11,0.0059441872865452,
31,0.2903225806451613,0.7096774193548387,0.0,0.1111111111111111,0.0,0.03225806451612903,rac,0.03225806451612903,0.03225806451612903,11,0.0059441872865452,
31,0.2903225806451613,0.7096774193548387,0.0,0.1111111111111111,0.0,0.03225806451612903,rac_interval_cost,0.03225806451612903,0.03225806451612903,11,0.0059441872865452,
31,0.2903225806451613,0.7096774193548387,0.0,0.1111111111111111,0.0,0.03225806451612903,risktriage,0.03225806451612903,0.03225806451612903,11,0.0059441872865452,
31,0.2903225806451613,0.7096774193548387,0.0,0.1111111111111111,0.0,0.03225806451612903,crc,0.03225806451612903,0.03225806451612903,11,0.007667912089181434,
31,0.2903225806451613,0.7096774193548387,0.0,0.1111111111111111,0.0,0.03225806451612903,rac,0.03225806451612903,0.03225806451612903,11,0.007667912089181434,
31,0.2903225806451613,0.7096774193548387,0.0,0.1111111111111111,0.0,0.03225806451612903,rac_interval_cost,0.03225806451612903,0.03225806451612903,11,0.007667912089181434,
31,0.2903225806451613,0.7096774193548387,0.0,0.1111111111111111,0.0,0.03225806451612903,risktriage,0.03225806451612903,0.03225806451612903,11,0.007667912089181434,
31,0.2903225806451613,0.7096774193548387,0.0,0.1111111111111111,0.0,0.03225806451612903,crc,0.03225806451612903,0.03225806451612903,11,0.009891491127896125,
31,0.2903225806451613,0.7096774193548387,0.0,0.1111111111111111,0.0,0.03225806451612903,rac,0.03225806451612903,0.03225806451612903,11,0.009891491127896125,
31,0.2903225806451613,0.7096774193548387,0.0,0.1111111111111111,0.0,0.03225806451612903,rac_interval_cost,0.03225806451612903,0.03225806451612903,11,0.009891491127896125,
31,0.2903225806451613,0.7096774193548387,0.0,0.1111111111111111,0.0,0.03225806451612903,risktriage,0.03225806451612903,0.03225806451612903,11,0.009891491127896125,
31,0.2903225806451613,0.7096774193548387,0.0,0.1111111111111111,0.0,0.03225806451612903,crc,0.03225806451612903,0.03225806451612903,11,0.012759874604103936,
31,0.2903225806451613,0.7096774193548387,0.0,0.1111111111111111,0.0,0.03225806451612903,rac,0.03225806451612903,0.03225806451612903,11,0.012759874604103936,
31,0.2903225806451613,0.7096774193548387,0.0,0.1111111111111111,0.0,0.03225806451612903,rac_interval_cost,0.03225806451612903,0.03225806451612903,11,0.012759874604103936,
31,0.2903225806451613,0.7096774193548387,0.0,0.1111111111111111,0.0,0.03225806451612903,risktriage,0.03225806451612903,0.03225806451612903,11,0.012759874604103936,
31,0.2903225806451613,0.7096774193548387,0.0,0.1111111111111111,0.0,0.03225806451612903,crc,0.03225806451612903,0.03225806451612903,11,0.0164600460948992,
31,0.2903225806451613,0.7096774193548387,0.0,0.1111111111111111,0.0,0.03225806451612903,rac,0.03225806451612903,0.03225806451612903,11,0.0164600460948992,
31,0.2903225806451613,0.7096774193548387,0.0,0.1111111111111111,0.0,0.03225806451612903,rac_interval_cost,0.03225806451612903,0.03225806451612903,11,0.0164600460948992,
31,0.2903225806451613,0.7096774193548387,0.0,0.1111111111111111,0.0,0.03225806451612903,risktriage,0.03225806451612903,0.03225806451612903,11,0.0164600460948992,
31,0.2903225806451613,0.7096774193548387,0.0,0.1111111111111111,0.0,0.03225806451612903,crc,0.03225806451612903,0.03225806451612903,11,0.021233211599043966,
31,0.2903225806451613,0.7096774193548387,0.0,0.1111111111111111,0.0,0.03225806451612903,rac,0.03225806451612903,0.03225806451612903,11,0.021233211599043966,
31,0.2903225806451613,0.7096774193548387,0.0,0.1111111111111111,0.0,0.03225806451612903,rac_interval_cost,0.03225806451612903,0.03225806451612903,11,0.021233211599043966,
31,0.2903225806451613,0.7096774193548387,0.0,0.1111111111111111,0.0,0.03225806451612903,risktriage,0.03225806451612903,0.03225806451612903,11,0.021233211599043966,
31,0.2903225806451613,0.7096774193548387,0.0,0.1111111111111111,0.0,0.03225806451612903,crc,0.03225806451612903,0.03225806451612903,11,0.02739052322274412,
31,0.2903225806451613,0.7096774193548387,0.0,0.1111111111111111,0.0,0.03225806451612903,rac,0.03225806451612903,0.03225806451612903,11,0.02739052322274412,
31,0.2903225806451613,0.7096774193548387,0.0,0.1111111111111111,0.0,0.03225806451612903,rac_interval_cost,0.03225806451612903,0.03225806451612903,11,0.02739052322274412,
31,0.2903225806451613,0.7096774193548387,0.0,0.1111111111111111,0.0,0.03225806451612903,risktriage,0.03225806451612903,0.03225806451612903,11,0.02739052322274412,
31,0.2903225806451613,0.7096774193548387,0.0,0.1111111111111111,0.0,0.03225806451612903,crc,0.03225806451612903,0.03225806451612903,11,0.03533336249752559,
31,0.2903225806451613,0.7096774193548387,0.0,0.1111111111111111,0.0,0.03225806451612903,rac,0.03225806451612903,0.03225806451612903,11,0.03533336249752559,
31,0.2903225806451613,0.7096774193548387,0.0,0.1111111111111111,0.0,0.03225806451612903,rac_interval_cost,0.03225806451612903,0.03225806451612903,11,0.03533336249752559,
31,0.2903225806451613,0.7096774193548387,0.0,0.1111111111111111,0.0,0.03225806451612903,risktriage,0.03225806451612903,0.03225806451612903,11,0.03533336249752559,
31,0.2903225806451613,0.7096774193548387,0.0,0.1111111111111111,0.0,0.03225806451612903,crc,0.03225806451612903,0.03225806451612903,11,0.045579505554858527,
31,0.2903225806451613,0.7096774193548387,0.0,0.1111111111111111,0.0,0.03225806451612903,rac,0.03225806451612903,0.03225806451612903,11,0.045579505554858527,
31,0.2903225806451613,0.7096774193548387,0.0,0.1111111111111111,0.0,0.03225806451612903,rac_interval_cost,0.03225806451612903,0.03225806451612903,11,0.045579505554858527,
31,0.2903225806451613,0.7096774193548387,0.0,0.1111111111111111,0.0,0.03225806451612903,risktriage,0.03225806451612903,0.03225806451612903,11,0.045579505554858527,
31,0.2903225806451613,0.7096774193548387,0.0,0.1111111111111111,0.0,0.03225806451612903,crc,0.03225806451612903,0.03225806451612903,11,0.058796875807414786,
31,0.2903225806451613,0.7096774193548387,0.0,0.1111111111111111,0.0,0.03225806451612903,rac,0.03225806451612903,0.03225806451612903,11,0.058796875807414786,
31,0.2903225806451613,0.7096774193548387,0.0,0.1111111111111111,0.0,0.03225806451612903,rac_interval_cost,0.03225806451612903,0.03225806451612903,11,0.058796875807414786,
31,0.2903225806451613,0.7096774193548387,0.0,0.1111111111111111,0.0,0.03225806451612903,risktriage,0.03225806451612903,0.03225806451612903,11,0.058796875807414786,
31,0.2903225806451613,0.7096774193548387,0.0,0.1111111111111111,0.0,0.03225806451612903,crc,0.03225806451612903,0.03225806451612903,11,0.07584708439962559,
31,0.2903225806451613,0.7096774193548387,0.0,0.1111111111111111,0.0,0.03225806451612903,rac,0.03225806451612903,0.03225806451612903,11,0.07584708439962559,
31,0.2903225806451613,0.7096774193548387,0.0,0.1111111111111111,0.0,0.03225806451612903,rac_interval_cost,0.03225806451612903,0.03225806451612903,11,0.07584708439962559,
31,0.2903225806451613,0.7096774193548387,0.0,0.1111111111111111,0.0,0.03225806451612903,risktriage,0.03225806451612903,0.03225806451612903,11,0.07584708439962559,
31,0.2903225806451613,0.7096774193548387,0.0,0.1111111111111111,0.0,0.03225806451612903,crc,0.03225806451612903,0.03225806451612903,11,0.09784159673324774,
31,0.2903225806451613,0.7096774193548387,0.0,0.1111111111111111,0.0,0.03225806451612903,rac,0.03225806451612903,0.03225806451612903,11,0.09784159673324774,
31,0.2903225806451613,0.7096774193548387,0.0,0.1111111111111111,0.0,0.03225806451612903,rac_interval_cost,0.03225806451612903,0.03225806451612903,11,0.09784159673324774,
31,0.2903225806451613,0.7096774193548387,0.0,0.1111111111111111,0.0,0.03225806451612903,risktriage,0.03225806451612903,0.03225806451612903,11,0.09784159673324774,
31,0.2903225806451613,0.7096774193548387,0.0,0.1111111111111111,0.0,0.03225806451612903,crc,0.03225806451612903,0.03225806451612903,11,0.12621418643956117,
31,0.2903225806451613,0.7096774193548387,0.0,0.1111111111111111,0.0,0.03225806451612903,rac,0.03225806451612903,0.03225806451612903,11,0.12621418643956117,
31,0.2903225806451613,0.7096774193548387,0.0,0.1111111111111111,0.0,0.03225806451612903,rac_interval_cost,0.03225806451612903,0.03225806451612903,11,0.12621418643956117,
31,0.2903225806451613,0.7096774193548387,0.0,0.1111111111111111,0.0,0.03225806451612903,risktriage,0.03225806451612903,0.03225806451612903,11,0.12621418643956117,
31,0.2903225806451613,0.7096774193548387,0.0,0.1111111111111111,0.0,0.03225806451612903,crc,0.03225806451612903,0.03225806451612903,11,0.16281439991245658,
31,0.2903225806451613,0.7096774193548387,0.0,0.1111111111111111,0.0,0.03225806451612903,rac,0.03225806451612903,0.03225806451612903,11,0.16281439991245658,
31,0.2903225806451613,0.7096774193548387,0.0,0.1111111111111111,0.0,0.03225806451612903,rac_interval_cost,0.03225806451612903,0.03225806451612903,11,0.16281439991245658,
31,0.2903225806451613,0.7096774193548387,0.0,0.1111111111111111,0.0,0.03225806451612903,risktriage,0.03225806451612903,0.03225806451612903,11,0.16281439991245658,
31,0.2903225806451613,0.7096774193548387,0.0,0.1111111111111111,0.0,0.03225806451612903,crc,0.03225806451612903,0.03225806451612903,11,0.21002812414868458,
31,0.2903225806451613,0.7096774193548387,0.0,0.1111111111111111,0.0,0.03225806451612903,rac,0.03225806451612903,0.03225806451612903,11,0.21002812414868458,
31,0.2903225806451613,0.7096774193548387,0.0,0.1111111111111111,0.0,0.03225806451612903,rac_interval_cost,0.03225806451612903,0.03225806451612903,11,0.21002812414868458,
31,0.2903225806451613,0.7096774193548387,0.0,0.1111111111111111,0.0,0.03225806451612903,risktriage,0.03225806451612903,0.03225806451612903,11,0.21002812414868458,
31,0.2903225806451613,0.7096774193548387,0.0,0.1111111111111111,0.0,0.03225806451612903,crc,0.03225806451612903,0.03225806451612903,11,0.2709331174462064,
31,0.2903225806451613,0.7096774193548387,0.0,0.1111111111111111,0.0,0.03225806451612903,rac,0.03225806451612903,0.03225806451612903,11,0.2709331174462064,
31,0.2903225806451613,0.7096774193548387,0.0,0.1111111111111111,0.0,0.03225806451612903,rac_interval_cost,0.03225806451612903,0.03225806451612903,11,0.2709331174462064,
31,0.2903225806451613,0.7096774193548387,0.0,0.1111111111111111,0.0,0.03225806451612903,risktriage,0.03225806451612903,0.03225806451612903,11,0.2709331174462064,
31,0.2903225806451613,0.7096774193548387,0.0,0.1111111111111111,0.0,0.03225806451612903,crc,0.03225806451612903,0.03225806451612903,11,0.349499641663012,
31,0.2903225806451613,0.7096774193548387,0.0,0.1111111111111111,0.0,0.03225806451612903,rac,0.03225806451612903,0.03225806451612903,11,0.349499641663012,
31,0.2903225806451613,0.7096774193548387,0.0,0.1111111111111111,0.0,0.03225806451612903,rac_interval_cost,0.03225806451612903,0.03225806451612903,11,0.349499641663012,
31,0.2903225806451613,0.7096774193548387,0.0,0.1111111111111111,0.0,0.03225806451612903,risktriage,0.03225806451612903,0.03225806451612903,11,0.349499641663012,
31,0.2903225806451613,0.7096774193548387,0.0,0.1111111111111111,0.0,0.03225806451612903,crc,0.03225806451612903,0.03225806451612903,11,0.4508492748097752,
31,0.2903225806451613,0.7096774193548387,0.0,0.1111111111111111,0.0,0.03225806451612903,rac,0.03225806451612903,0.03225806451612903,11,0.4508492748097752,
31,0.2903225806451613,0.7096774193548387,0.0,0.1111111111111111,0.0,0.03225806451612903,rac_interval_cost,0.03225806451612903,0.03225806451612903,11,0.4508492748097752,
31,0.2903225806451613,0.7096774193548387,0.0,0.1111111111111111,0.0,0.03225806451612903,risktriage,0.03225806451612903,0.03225806451612903,11,0.4508492748097752,
31,0.2903225806451613,0.7096774193548387,0.0,0.1111111111111111,0.0,0.03225806451612903,crc,0.03225806451612903,0.03225806451612903,11,0.5815887753970536,
31,0.2903225806451613,0.7096774193548387,0.0,0.1111111111111111,0.0,0.03225806451612903,rac,0.03225806451612903,0.03225806451612903,11,0.5815887753970536,
31,0.2903225806451613,0.7096774193548387,0.0,0.1111111111111111,0.0,0.03225806451612903,rac_interval_cost,0.03225806451612903,0.03225806451612903,11,0.5815887753970536,
31,0.2903225806451613,0.7096774193548387,0.0,0.1111111111111111,0.0,0.03225806451612903,risktriage,0.03225806451612903,0.03225806451612903,11,0.5815887753970536,
31,0.2903225806451613,0.7096774193548387,0.0,0.1111111111111111,0.0,0.03225806451612903,crc,0.03225806451612903,0.03225806451612903,11,0.750240762415685,
31,0.2903225806451613,0.7096774193548387,0.0,0.1111111111111111,0.0,0.03225806451612903,rac,0.03225806451612903,0.03225806451612903,11,0.750240762415685,
31,0.2903225806451613,0.7096774193548387,0.0,0.1111111111111111,0.0,0.03225806451612903,rac_interval_cost,0.03225806451612903,0.03225806451612903,11,0.750240762415685,
31,0.2903225806451613,0.7096774193548387,0.0,0.1111111111111111,0.0,0.03225806451612903,risktriage,0.03225806451612903,0.03225806451612903,11,0.750240762415685,
31,0.2903225806451613,0.7096774193548387,0.0,0.1111111111111111,0.0,0.03225806451612903,crc,0.03225806451612903,0.03225806451612903,11,0.9677992860261104,
31,0.2903225806451613,0.7096774193548387,0.0,0.1111111111111111,0.0,0.03225806451612903,rac,0.03225806451612903,0.03225806451612903,11,0.9677992860261104,
31,0.2903225806451613,0.7096774193548387,0.0,0.1111111111111111,0.0,0.03225806451612903,rac_interval_cost,0.03225806451612903,0.03225806451612903,11,0.9677992860261104,
31,0.2903225806451613,0.7096774193548387,0.0,0.1111111111111111,0.0,0.03225806451612903,risktriage,0.03225806451612903,0.03225806451612903,11,0.9677992860261104,
31,0.2903225806451613,0.7096774193548387,0.0,0.1111111111111111,0.0,0.03225806451612903,crc,0.03225806451612903,0.03225806451612903,11,1.2484465053815479,
31,0.2903225806451613,0.7096774193548387,0.0,0.1111111111111111,0.0,0.03225806451612903,rac,0.03225806451612903,0.03225806451612903,11,1.2484465053815479,
31,0.2903225806451613,0.7096774193548387,0.0,0.1111111111111111,0.0,0.03225806451612903,rac_interval_cost,0.03225806451612903,0.03225806451612903,11,1.2484465053815479,
31,0.2903225806451613,0.7096774193548387,0.0,0.1111111111111111,0.0,0.03225806451612903,risktriage,0.03225806451612903,0.03225806451612903,11,1.2484465053815479,
31,0.2903225806451613,0.7096774193548387,0.0,0.1111111111111111,0.0,0.03225806451612903,crc,0.03225806451612903,0.03225806451612903,11,1.6104771922277976,
31,0.2903225806451613,0.7096774193548387,0.0,0.1111111111111111,0.0,0.03225806451612903,rac,0.03225806451612903,0.03225806451612903,11,1.6104771922277976,
31,0.2903225806451613,0.7096774193548387,0.0,0.1111111111111111,0.0,0.03225806451612903,rac_interval_cost,0.03225806451612903,0.03225806451612903,11,1.6104771922277976,
31,0.2903225806451613,0.7096774193548387,0.0,0.1111111111111111,0.0,0.03225806451612903,risktriage,0.03225806451612903,0.03225806451612903,11,1.6104771922277976,
31,0.2903225806451613,0.6451612903225806,0.06451612903225806,0.1111111111111111,0.0,0.03225806451612903,crc,0.03225806451612903,0.04516129032258064,11,2.0774913266253794,
31,0.2903225806451613,0.6451612903225806,0.06451612903225806,0.1111111111111111,0.0,0.03225806451612903,rac,0.03225806451612903,0.04516129032258064,11,2.0774913266253794,
31,0.2903225806451613,0.6451612903225806,0.06451612903225806,0.1111111111111111,0.0,0.03225806451612903,rac_interval_cost,0.03225806451612903,0.04516129032258064,11,2.0774913266253794,
31,0.2903225806451613,0.7096774193548387,0.0,0.1111111111111111,0.0,0.03225806451612903,risktriage,0.03225806451612903,0.03225806451612903,11,2.0774913266253794,
31,0.25806451612903225,0.6451612903225806,0.0967741935483871,0.125,0.0,0.03225806451612903,crc,0.03225806451612903,0.05161290322580645,11,2.679932527472389,
31,0.25806451612903225,0.6451612903225806,0.0967741935483871,0.125,0.0,0.03225806451612903,rac,0.03225806451612903,0.05161290322580645,11,2.679932527472389,
31,0.25806451612903225,0.6451612903225806,0.0967741935483871,0.125,0.0,0.03225806451612903,rac_interval_cost,0.03225806451612903,0.05161290322580645,11,2.679932527472389,
31,0.2903225806451613,0.6451612903225806,0.06451612903225806,0.1111111111111111,0.0,0.03225806451612903,risktriage,0.03225806451612903,0.04516129032258064,11,2.679932527472389,
31,0.25806451612903225,0.6451612903225806,0.0967741935483871,0.125,0.0,0.03225806451612903,crc,0.03225806451612903,0.05161290322580645,11,3.457072604712558,
31,0.25806451612903225,0.6451612903225806,0.0967741935483871,0.125,0.0,0.03225806451612903,rac,0.03225806451612903,0.05161290322580645,11,3.457072604712558,
31,0.25806451612903225,0.6451612903225806,0.0967741935483871,0.125,0.0,0.03225806451612903,rac_interval_cost,0.03225806451612903,0.05161290322580645,11,3.457072604712558,
31,0.25806451612903225,0.6451612903225806,0.0967741935483871,0.125,0.0,0.03225806451612903,risktriage,0.03225806451612903,0.05161290322580645,11,3.457072604712558,
31,0.22580645161290322,0.6451612903225806,0.12903225806451613,0.14285714285714285,0.0,0.03225806451612903,crc,0.03225806451612903,0.05806451612903226,11,4.4595716017992935,
31,0.22580645161290322,0.6451612903225806,0.12903225806451613,0.14285714285714285,0.0,0.03225806451612903,rac,0.03225806451612903,0.05806451612903226,11,4.4595716017992935,
31,0.22580645161290322,0.6451612903225806,0.12903225806451613,0.14285714285714285,0.0,0.03225806451612903,rac_interval_cost,0.03225806451612903,0.05806451612903226,11,4.4595716017992935,
31,0.22580645161290322,0.6451612903225806,0.12903225806451613,0.14285714285714285,0.0,0.03225806451612903,risktriage,0.03225806451612903,0.05806451612903226,11,4.4595716017992935,
31,0.22580645161290322,0.6451612903225806,0.12903225806451613,0.14285714285714285,0.0,0.03225806451612903,crc,0.03225806451612903,0.05806451612903226,11,5.752780211923928,
31,0.22580645161290322,0.6451612903225806,0.12903225806451613,0.14285714285714285,0.0,0.03225806451612903,rac,0.03225806451612903,0.05806451612903226,11,5.752780211923928,
31,0.22580645161290322,0.6451612903225806,0.12903225806451613,0.14285714285714285,0.0,0.03225806451612903,rac_interval_cost,0.03225806451612903,0.05806451612903226,11,5.752780211923928,
31,0.22580645161290322,0.6451612903225806,0.12903225806451613,0.14285714285714285,0.0,0.03225806451612903,risktriage,0.03225806451612903,0.05806451612903226,11,5.752780211923928,
31,0.22580645161290322,0.6451612903225806,0.12903225806451613,0.14285714285714285,0.0,0.03225806451612903,crc,0.03225806451612903,0.05806451612903226,11,7.420999845220773,
31,0.22580645161290322,0.6451612903225806,0.12903225806451613,0.14285714285714285,0.0,0.03225806451612903,rac,0.03225806451612903,0.05806451612903226,11,7.420999845220773,
31,0.22580645161290322,0.6451612903225806,0.12903225806451613,0.14285714285714285,0.0,0.03225806451612903,rac_interval_cost,0.03225806451612903,0.05806451612903226,11,7.420999845220773,
31,0.22580645161290322,0.6451612903225806,0.12903225806451613,0.14285714285714285,0.0,0.03225806451612903,risktriage,0.03225806451612903,0.05806451612903226,11,7.420999845220773,
31,0.1935483870967742,0.6451612903225806,0.16129032258064516,0.0,0.0,0.0,crc,0.0,0.03225806451612903,11,9.572978051311475,
31,0.1935483870967742,0.6451612903225806,0.16129032258064516,0.0,0.0,0.0,rac,0.0,0.03225806451612903,11,9.572978051311475,
31,0.1935483870967742,0.6451612903225806,0.16129032258064516,0.0,0.0,0.0,rac_interval_cost,0.0,0.03225806451612903,11,9.572978051311475,
31,0.22580645161290322,0.6451612903225806,0.12903225806451613,0.14285714285714285,0.0,0.03225806451612903,risktriage,0.03225806451612903,0.05806451612903226,11,9.572978051311475,
31,0.16129032258064516,0.6451612903225806,0.1935483870967742,0.0,0.0,0.0,crc,0.0,0.03870967741935484,11,12.348997531634488,
31,0.16129032258064516,0.6451612903225806,0.1935483870967742,0.0,0.0,0.0,rac,0.0,0.03870967741935484,11,12.348997531634488,
31,0.16129032258064516,0.6451612903225806,0.1935483870967742,0.0,0.0,0.0,rac_interval_cost,0.0,0.03870967741935484,11,12.348997531634488,
31,0.1935483870967742,0.6451612903225806,0.16129032258064516,0.0,0.0,0.0,risktriage,0.0,0.03225806451612903,11,12.348997531634488,
31,0.12903225806451613,0.6451612903225806,0.22580645161290322,0.0,0.0,0.0,crc,0.0,0.04516129032258064,11,15.930020858600304,
31,0.12903225806451613,0.6451612903225806,0.22580645161290322,0.0,0.0,0.0,rac,0.0,0.04516129032258064,11,15.930020858600304,
31,0.12903225806451613,0.6451612903225806,0.22580645161290322,0.0,0.0,0.0,rac_interval_cost,0.0,0.04516129032258064,11,15.930020858600304,
31,0.16129032258064516,0.6451612903225806,0.1935483870967742,0.0,0.0,0.0,risktriage,0.0,0.03870967741935484,11,15.930020858600304,
31,0.0967741935483871,0.5806451612903226,0.3225806451612903,0.0,0.0,0.0,crc,0.0,0.06451612903225806,11,20.54948702559607,
31,0.0967741935483871,0.5806451612903226,0.3225806451612903,0.0,0.0,0.0,rac,0.0,0.06451612903225806,11,20.54948702559607,
31,0.0967741935483871,0.5806451612903226,0.3225806451612903,0.0,0.0,0.0,rac_interval_cost,0.0,0.06451612903225806,11,20.54948702559607,
31,0.12903225806451613,0.6129032258064516,0.25806451612903225,0.0,0.0,0.0,risktriage,0.0,0.05161290322580645,11,20.54948702559607,
31,0.06451612903225806,0.5161290322580645,0.41935483870967744,0.0,0.0,0.0,crc,0.0,0.0838709677419355,11,26.508528818853346,
31,0.06451612903225806,0.5161290322580645,0.41935483870967744,0.0,0.0,0.0,rac,0.0,0.0838709677419355,11,26.508528818853346,
31,0.06451612903225806,0.5161290322580645,0.41935483870967744,0.0,0.0,0.0,rac_interval_cost,0.0,0.0838709677419355,11,26.508528818853346,
31,0.0967741935483871,0.5806451612903226,0.3225806451612903,0.0,0.0,0.0,risktriage,0.0,0.06451612903225806,11,26.508528818853346,
31,0.06451612903225806,0.45161290322580644,0.4838709677419355,0.0,0.0,0.0,crc,0.0,0.09677419354838712,11,34.19560299800705,
31,0.06451612903225806,0.45161290322580644,0.4838709677419355,0.0,0.0,0.0,rac,0.0,0.09677419354838712,11,34.19560299800705,
31,0.06451612903225806,0.45161290322580644,0.4838709677419355,0.0,0.0,0.0,rac_interval_cost,0.0,0.09677419354838712,11,34.19560299800705,
31,0.06451612903225806,0.45161290322580644,0.4838709677419355,0.0,0.0,0.0,risktriage,0.0,0.09677419354838712,11,34.19560299800705,
31,0.03225806451612903,0.3870967741935484,0.5806451612903226,0.0,0.0,0.0,crc,0.0,0.11612903225806455,11,44.11181293341526,
31,0.03225806451612903,0.3870967741935484,0.5806451612903226,0.0,0.0,0.0,rac,0.0,0.11612903225806455,11,44.11181293341526,
31,0.03225806451612903,0.3870967741935484,0.5806451612903226,0.0,0.0,0.0,rac_interval_cost,0.0,0.11612903225806455,11,44.11181293341526,
31,0.06451612903225806,0.41935483870967744,0.5161290322580645,0.0,0.0,0.0,risktriage,0.0,0.10322580645161293,11,44.11181293341526,
31,0.03225806451612903,0.22580645161290322,0.7419354838709677,0.0,0.0,0.0,crc,0.0,0.1483870967741936,11,56.903574426981976,
31,0.03225806451612903,0.22580645161290322,0.7419354838709677,0.0,0.0,0.0,rac,0.0,0.1483870967741936,11,56.903574426981976,
31,0.03225806451612903,0.22580645161290322,0.7419354838709677,0.0,0.0,0.0,rac_interval_cost,0.0,0.1483870967741936,11,56.903574426981976,
31,0.03225806451612903,0.2903225806451613,0.6774193548387096,0.0,0.0,0.0,risktriage,0.0,0.13548387096774198,11,56.903574426981976,
31,0.0,0.16129032258064516,0.8387096774193549,,0.0,0.0,crc,0.0,0.167741935483871,11,73.40475412911987,
31,0.0,0.16129032258064516,0.8387096774193549,,0.0,0.0,rac,0.0,0.167741935483871,11,73.40475412911987,
31,0.0,0.16129032258064516,0.8387096774193549,,0.0,0.0,rac_interval_cost,0.0,0.167741935483871,11,73.40475412911987,
31,0.03225806451612903,0.22580645161290322,0.7419354838709677,0.0,0.0,0.0,risktriage,0.0,0.1483870967741936,11,73.40475412911987,
31,0.0,0.0967741935483871,0.9032258064516129,,0.0,0.0,crc,0.0,0.18064516129032263,11,94.69102746209188,
31,0.0,0.0967741935483871,0.9032258064516129,,0.0,0.0,rac,0.0,0.18064516129032263,11,94.69102746209188,
31,0.0,0.0967741935483871,0.9032258064516129,,0.0,0.0,rac_interval_cost,0.0,0.18064516129032263,11,94.69102746209188,
31,0.0,0.16129032258064516,0.8387096774193549,,0.0,0.0,risktriage,0.0,0.167741935483871,11,94.69102746209188,
31,0.0,0.03225806451612903,0.967741935483871,,0.0,0.0,crc,0.0,0.19354838709677424,11,122.14999952257381,
31,0.0,0.03225806451612903,0.967741935483871,,0.0,0.0,rac,0.0,0.19354838709677424,11,122.14999952257381,
31,0.0,0.03225806451612903,0.967741935483871,,0.0,0.0,rac_interval_cost,0.0,0.19354838709677424,11,122.14999952257381,
31,0.0,0.06451612903225806,0.9354838709677419,,0.0,0.0,risktriage,0.0,0.18709677419354845,11,122.14999952257381,
31,0.0,0.0,1.0,,,0.0,crc,0.0,0.20000000000000007,11,157.57165999004505,
31,0.0,0.0,1.0,,,0.0,rac,0.0,0.20000000000000007,11,157.57165999004505,
31,0.0,0.0,1.0,,,0.0,rac_interval_cost,0.0,0.20000000000000007,11,157.57165999004505,
31,0.0,0.03225806451612903,0.967741935483871,,0.0,0.0,risktriage,0.0,0.19354838709677424,11,157.57165999004505,
31,0.2903225806451613,0.7096774193548387,0.0,0.1111111111111111,0.0,0.03225806451612903,uncertainty,0.03225806451612903,0.03225806451612903,11,0.0,
31,0.25806451612903225,0.6774193548387096,0.06451612903225806,0.125,0.0,0.03225806451612903,uncertainty,0.03225806451612903,0.04516129032258064,11,0.05,
31,0.25806451612903225,0.6451612903225806,0.0967741935483871,0.125,0.0,0.03225806451612903,uncertainty,0.03225806451612903,0.05161290322580645,11,0.1,
31,0.25806451612903225,0.5806451612903226,0.16129032258064516,0.125,0.0,0.03225806451612903,uncertainty,0.03225806451612903,0.06451612903225806,11,0.15000000000000002,
31,0.25806451612903225,0.5483870967741935,0.1935483870967742,0.125,0.0,0.03225806451612903,uncertainty,0.03225806451612903,0.07096774193548387,11,0.2,
31,0.22580645161290322,0.5161290322580645,0.25806451612903225,0.14285714285714285,0.0,0.03225806451612903,uncertainty,0.03225806451612903,0.08387096774193548,11,0.25,
31,0.22580645161290322,0.4838709677419355,0.2903225806451613,0.14285714285714285,0.0,0.03225806451612903,uncertainty,0.03225806451612903,0.09032258064516129,11,0.30000000000000004,
31,0.1935483870967742,0.45161290322580644,0.3548387096774194,0.16666666666666666,0.0,0.03225806451612903,uncertainty,0.03225806451612903,0.1032258064516129,11,0.35000000000000003,
31,0.1935483870967742,0.41935483870967744,0.3870967741935484,0.16666666666666666,0.0,0.03225806451612903,uncertainty,0.03225806451612903,0.10967741935483873,11,0.4,
31,0.1935483870967742,0.3548387096774194,0.45161290322580644,0.16666666666666666,0.0,0.03225806451612903,uncertainty,0.03225806451612903,0.12258064516129033,11,0.45,
31,0.16129032258064516,0.3225806451612903,0.5161290322580645,0.2,0.0,0.03225806451612903,uncertainty,0.03225806451612903,0.13548387096774195,11,0.5,
31,0.16129032258064516,0.2903225806451613,0.5483870967741935,0.2,0.0,0.03225806451612903,uncertainty,0.03225806451612903,0.14193548387096774,11,0.55,
31,0.12903225806451613,0.25806451612903225,0.6129032258064516,0.0,0.0,0.0,uncertainty,0.0,0.12258064516129034,11,0.6000000000000001,
31,0.0967741935483871,0.25806451612903225,0.6451612903225806,0.0,0.0,0.0,uncertainty,0.0,0.12903225806451615,11,0.65,
31,0.0967741935483871,0.1935483870967742,0.7096774193548387,0.0,0.0,0.0,uncertainty,0.0,0.14193548387096774,11,0.7000000000000001,
31,0.0967741935483871,0.16129032258064516,0.7419354838709677,0.0,0.0,0.0,uncertainty,0.0,0.14838709677419357,11,0.75,
31,0.06451612903225806,0.12903225806451613,0.8064516129032258,0.0,0.0,0.0,uncertainty,0.0,0.16129032258064518,11,0.8,
31,0.03225806451612903,0.12903225806451613,0.8387096774193549,0.0,0.0,0.0,uncertainty,0.0,0.167741935483871,11,0.8500000000000001,
31,0.0,0.0967741935483871,0.9032258064516129,,0.0,0.0,uncertainty,0.0,0.18064516129032263,11,0.9,
31,0.0,0.06451612903225806,0.9354838709677419,,0.0,0.0,uncertainty,0.0,0.18709677419354845,11,0.9500000000000001,
31,0.0,0.0,1.0,,,0.0,uncertainty,0.0,0.20000000000000007,11,1.0,
31,0.0,0.03225806451612903,0.967741935483871,,0.0,0.0,split_cp,0.0,0.19354838709677424,11,0.02,1.0
31,0.0,0.03225806451612903,0.967741935483871,,0.0,0.0,split_cp,0.0,0.19354838709677424,11,0.05,1.0
31,0.0,0.03225806451612903,0.967741935483871,,0.0,0.0,split_cp,0.0,0.19354838709677424,11,0.08,1.0
31,0.06451612903225806,0.45161290322580644,0.4838709677419355,0.0,0.0,0.0,split_cp,0.0,0.09677419354838712,11,0.11,0.9354838709677419
31,0.06451612903225806,0.45161290322580644,0.4838709677419355,0.0,0.0,0.0,split_cp,0.0,0.09677419354838712,11,0.13999999999999999,0.9354838709677419
31,0.06451612903225806,0.45161290322580644,0.4838709677419355,0.0,0.0,0.0,split_cp,0.0,0.09677419354838712,11,0.16999999999999998,0.9354838709677419
31,0.06451612903225806,0.45161290322580644,0.4838709677419355,0.0,0.0,0.0,split_cp,0.0,0.09677419354838712,11,0.19999999999999998,0.9354838709677419
31,0.06451612903225806,0.5161290322580645,0.41935483870967744,0.0,0.0,0.0,split_cp,0.0,0.0838709677419355,11,0.22999999999999998,0.8709677419354839
31,0.06451612903225806,0.5161290322580645,0.41935483870967744,0.0,0.0,0.0,split_cp,0.0,0.0838709677419355,11,0.26,0.8709677419354839
31,0.0967741935483871,0.5806451612903226,0.3225806451612903,0.0,0.0,0.0,split_cp,0.0,0.06451612903225806,11,0.29000000000000004,0.7096774193548387
31,0.0967741935483871,0.5806451612903226,0.3225806451612903,0.0,0.0,0.0,split_cp,0.0,0.06451612903225806,11,0.32,0.6774193548387096
31,0.0967741935483871,0.5806451612903226,0.3225806451612903,0.0,0.0,0.0,split_cp,0.0,0.06451612903225806,11,0.35,0.6129032258064516
31,0.0967741935483871,0.5806451612903226,0.3225806451612903,0.0,0.0,0.0,split_cp,0.0,0.06451612903225806,11,0.38,0.5806451612903226
31,0.12903225806451613,0.6451612903225806,0.22580645161290322,0.0,0.0,0.0,split_cp,0.0,0.04516129032258064,11,0.41000000000000003,0.5806451612903226
31,0.12903225806451613,0.6451612903225806,0.22580645161290322,0.0,0.0,0.0,split_cp,0.0,0.04516129032258064,11,0.44,0.5806451612903226
31,0.12903225806451613,0.6451612903225806,0.22580645161290322,0.0,0.0,0.0,split_cp,0.0,0.04516129032258064,11,0.47,0.5483870967741935
31,0.1935483870967742,0.6451612903225806,0.16129032258064516,0.0,0.0,0.0,split_cp,0.0,0.03225806451612903,11,0.5,0.41935483870967744
30,0.2,0.8,0.0,0.3333333333333333,0.16666666666666666,0.2,crc,0.2,0.2,12,0.0,
30,0.2,0.8,0.0,0.3333333333333333,0.16666666666666666,0.2,rac,0.2,0.2,12,0.0,
30,0.2,0.8,0.0,0.3333333333333333,0.16666666666666666,0.2,rac_interval_cost,0.2,0.2,12,0.0,
30,0.2,0.8,0.0,0.3333333333333333,0.16666666666666666,0.2,risktriage,0.2,0.2,12,0.0,
30,0.2,0.8,0.0,0.3333333333333333,0.16666666666666666,0.2,crc,0.2,0.2,12,0.001,
30,0.2,0.8,0.0,0.3333333333333333,0.16666666666666666,0.2,rac,0.2,0.2,12,0.001,
30,0.2,0.8,0.0,0.3333333333333333,0.16666666666666666,0.2,rac_interval_cost,0.2,0.2,12,0.001,
30,0.2,0.8,0.0,0.3333333333333333,0.16666666666666666,0.2,risktriage,0.2,0.2,12,0.001,
30,0.2,0.8,0.0,0.3333333333333333,0.16666666666666666,0.2,crc,0.2,0.2,12,0.0012757463200543983,
30,0.2,0.8,0.0,0.3333333333333333,0.16666666666666666,0.2,rac,0.2,0.2,12,0.0012757463200543983,
30,0.2,0.8,0.0,0.3333333333333333,0.16666666666666666,0.2,rac_interval_cost,0.2,0.2,12,0.0012757463200543983,
30,0.2,0.8,0.0,0.3333333333333333,0.16666666666666666,0.2,risktriage,0.2,0.2,12,0.0012757463200543983,
30,0.2,0.8,0.0,0.3333333333333333,0.16666666666666666,0.2,crc,0.2,0.2,12,0.0016275286731323407,
30,0.2,0.8,0.0,0.3333333333333333,0.16666666666666666,0.2,rac,0.2,0.2,12,0.0016275286731323407,
30,0.2,0.8,0.0,0.3333333333333333,0.16666666666666666,0.2,rac_interval_cost,0.2,0.2,12,0.0016275286731323407,
30,0.2,0.8,0.0,0.3333333333333333,0.16666666666666666,0.2,risktriage,0.2,0.2,12,0.0016275286731323407,
30,0.2,0.8,0.0,0.3333333333333333,0.16666666666666666,0.2,crc,0.2,0.2,12,0.002076313715531601,
30,0.2,0.8,0.0,0.3333333333333333,0.16666666666666666,0.2,rac,0.2,0.2,12,0.002076313715531601,
30,0.2,0.8,0.0,0.3333333333333333,0.16666666666666666,0.2,rac_interval_cost,0.2,0.2,12,0.002076313715531601,
30,0.2,0.8,0.0,0.3333333333333333,0.16666666666666666,0.2,risktriage,0.2,0.2,12,0.002076313715531601,
30,0.2,0.8,0.0,0.3333333333333333,0.16666666666666666,0.2,crc,0.2,0.2,12,0.0026488495818679176,
30,0.2,0.8,0.0,0.3333333333333333,0.16666666666666666,0.2,rac,0.2,0.2,12,0.0026488495818679176,
30,0.2,0.8,0.0,0.3333333333333333,0.16666666666666666,0.2,rac_interval_cost,0.2,0.2,12,0.0026488495818679176,
30,0.2,0.8,0.0,0.3333333333333333,0.16666666666666666,0.2,risktriage,0.2,0.2,12,0.0026488495818679176,
30,0.2,0.8,0.0,0.3333333333333333,0.16666666666666666,0.2,crc,0.2,0.2,12,0.003379260106445627,
30,0.2,0.8,0.0,0.3333333333333333,0.16666666666666666,0.2,rac,0.2,0.2,12,0.003379260106445627,
30,0.2,0.8,0.0,0.3333333333333333,0.16666666666666666,0.2,rac_interval_cost,0.2,0.2,12,0.003379260106445627,
30,0.2,0.8,0.0,0.3333333333333333,0.16666666666666666,0.2,risktriage,0.2,0.2,12,0.003379260106445627,
30,0.2,0.8,0.0,0.3333333333333333,0.16666666666666666,0.2,crc,0.2,0.2,12,0.0043110786453046425,
30,0.2,0.8,0.0,0.3333333333333333,0.16666666666666666,0.2,rac,0.2,0.2,12,0.0043110786453046425,
30,0.2,0.8,0.0,0.3333333333333333,0.16666666666666666,0.2,rac_interval_cost,0.2,0.2,12,0.0043110786453046425,
30,0.2,0.8,0.0,0.3333333333333333,0.16666666666666666,0.2,risktriage,0.2,0.2,12,0.0043110786453046425,
30,0.2,0.8,0.0,0.3333333333333333,0.16666666666666666,0.2,crc,0.2,0.2,12,0.005499842717212498,
30,0.2,0.8,0.0,0.3333333333333333,0.16666666666666666,0.2,rac,0.2,0.2,12,0.005499842717212498,
30,0.2,0.8,0.0,0.3333333333333333,0.16666666666666666,0.2,rac_interval_cost,0.2,0.2,12,0.005499842717212498,
30,0.2,0.8,0.0,0.3333333333333333,0.16666666666666666,0.2,risktriage,0.2,0.2,12,0.005499842717212498,
30,0.2,0.8,0.0,0.3333333333333333,0.16666666666666666,0.2,crc,0.2,0.2,12,0.007016404107361833,
30,0.2,0.8,0.0,0.3333333333333333,0.16666666666666666,0.2,rac,0.2,0.2,12,0.007016404107361833,
30,0.2,0.8,0.0,0.3333333333333333,0.16666666666666666,0.2,rac_interval_cost,0.2,0.2,12,0.007016404107361833,
30,0.2,0.8,0.0,0.3333333333333333,0.16666666666666666,0.2,risktriage,0.2,0.2,12,0.007016404107361833,
30,0.2,0.8,0.0,0.3333333333333333,0.16666666666666666,0.2,crc,0.2,0.2,12,0.008951151719981433,
30,0.2,0.8,0.0,0.3333333333333333,0.16666666666666666,0.2,rac,0.2,0.2,12,0.008951151719981433,
30,0.2,0.8,0.0,0.3333333333333333,0.16666666666666666,0.2,rac_interval_cost,0.2,0.2,12,0.008951151719981433,
30,0.2,0.8,0.0,0.3333333333333333,0.16666666666666666,0.2,risktriage,0.2,0.2,12,0.008951151719981433,
30,0.2,0.8,0.0,0.3333333333333333,0.16666666666666666,0.2,crc,0.2,0.2,12,0.01141939886701491,
30,0.2,0.8,0.0,0.3333333333333333,0.16666666666666666,0.2,rac,0.2,0.2,12,0.01141939886701491,
30,0.2,0.8,0.0,0.3333333333333333,0.16666666666666666,0.2,rac_interval_cost,0.2,0.2,12,0.01141939886701491,
30,0.2,0.8,0.0,0.3333333333333333,0.16666666666666666,0.2,risktriage,0.2,0.2,12,0.01141939886701491,
30,0.2,0.8,0.0,0.3333333333333333,0.16666666666666666,0.2,crc,0.2,0.2,12,0.014568256081827635,
30,0.2,0.8,0.0,0.3333333333333333,0.16666666666666666,0.2,rac,0.2,0.2,12,0.014568256081827635,
30,0.2,0.8,0.0,0.3333333333333333,0.16666666666666666,0.2,rac_interval_cost,0.2,0.2,12,0.014568256081827635,
30,0.2,0.8,0.0,0.3333333333333333,0.16666666666666666,0.2,risktriage,0.2,0.2,12,0.014568256081827635,
30,0.2,0.8,0.0,0.3333333333333333,0.16666666666666666,0.2,crc,0.2,0.2,12,0.018585399086001722,
30,0.2,0.8,0.0,0.3333333333333333,0.16666666666666666,0.2,rac,0.2,0.2,12,0.018585399086001722,
30,0.2,0.8,0.0,0.3333333333333333,0.16666666666666666,0.2,rac_interval_cost,0.2,0.2,12,0.018585399086001722,
30,0.2,0.8,0.0,0.3333333333333333,0.16666666666666666,0.2,risktriage,0.2,0.2,12,0.018585399086001722,
30,0.2,0.8,0.0,0.3333333333333333,0.16666666666666666,0.2,crc,0.2,0.2,12,0.023710254490709085,
30,0.2,0.8,0.0,0.3333333333333333,0.16666666666666666,0.2,rac,0.2,0.2,12,0.023710254490709085,
30,0.2,0.8,0.0,0.3333333333333333,0.16666666666666666,0.2,rac_interval_cost,0.2,0.2,12,0.023710254490709085,
30,0.2,0.8,0.0,0.3333333333333333,0.16666666666666666,0.2,risktriage,0.2,0.2,12,0.023710254490709085,
30,0.2,0.8,0.0,0.3333333333333333,0.16666666666666666,0.2,crc,0.2,0.2,12,0.030248269914075383,
30,0.2,0.8,0.0,0.3333333333333333,0.16666666666666666,0.2,rac,0.2,0.2,12,0.030248269914075383,
30,0.2,0.8,0.0,0.3333333333333333,0.16666666666666666,0.2,rac_interval_cost,0.2,0.2,12,0.030248269914075383,
30,0.2,0.8,0.0,0.3333333333333333,0.16666666666666666,0.2,risktriage,0.2,0.2,12,0.030248269914075383,
30,0.2,0.8,0.0,0.3333333333333333,0.16666666666666666,0.2,crc,0.2,0.2,12,0.038589119030893855,
30,0.2,0.8,0.0,0.3333333333333333,0.16666666666666666,0.2,rac,0.2,0.2,12,0.038589119030893855,
30,0.2,0.8,0.0,0.3333333333333333,0.16666666666666666,0.2,rac_interval_cost,0.2,0.2,12,0.038589119030893855,
30,0.2,0.8,0.0,0.3333333333333333,0.16666666666666666,0.2,risktriage,0.2,0.2,12,0.038589119030893855,
30,0.2,0.8,0.0,0.3333333333333333,0.16666666666666666,0.2,crc,0.2,0.2,12,0.04922992659780401,
30,0.2,0.8,0.0,0.3333333333333333,0.16666666666666666,0.2,rac,0.2,0.2,12,0.04922992659780401,
30,0.2,0.8,0.0,0.3333333333333333,0.16666666666666666,0.2,rac_interval_cost,0.2,0.2,12,0.04922992659780401,
30,0.2,0.8,0.0,0.3333333333333333,0.16666666666666666,0.2,risktriage,0.2,0.2,12,0.04922992659780401,
30,0.2,0.8,0.0,0.3333333333333333,0.16666666666666666,0.2,crc,0.2,0.2,12,0.06280489769369663,
30,0.2,0.8,0.0,0.3333333333333333,0.16666666666666666,0.2,rac,0.2,0.2,12,0.06280489769369663,
30,0.2,0.8,0.0,0.3333333333333333,0.16666666666666666,0.2,rac_interval_cost,0.2,0.2,12,0.06280489769369663,
30,0.2,0.8,0.0,0.3333333333333333,0.16666666666666666,0.2,risktriage,0.2,0.2,12,0.06280489769369663,
30,0.2,0.8,0.0,0.3333333333333333,0.16666666666666666,0.2,crc,0.2,0.2,12,0.08012311711412648,
30,0.2,0.8,0.0,0.3333333333333333,0.16666666666666666,0.2,rac,0.2,0.2,12,0.08012311711412648,
30,0.2,0.8,0.0,0.3333333333333333,0.16666666666666666,0.2,rac_interval_cost,0.2,0.2,12,0.08012311711412648,
30,0.2,0.8,0.0,0.3333333333333333,0.16666666666666666,0.2,risktriage,0.2,0.2,12,0.08012311711412648,
30,0.2,0.8,0.0,0.3333333333333333,0.16666666666666666,0.2,crc,0.2,0.2,12,0.10221677180963443,
30,0.2,0.8,0.0,0.3333333333333333,0.16666666666666666,0.2,rac,0.2,0.2,12,0.10221677180963443,
30,0.2,0.8,0.0,0.3333333333333333,0.16666666666666666,0.2,rac_interval_cost,0.2,0.2,12,0.10221677180963443,
30,0.2,0.8,0.0,0.3333333333333333,0.16666666666666666,0.2,risktriage,0.2,0.2,12,0.10221677180963443,
30,0.2,0.8,0.0,0.3333333333333333,0.16666666666666666,0.2,crc,0.2,0.2,12,0.1304026704839814,
30,0.2,0.8,0.0,0.3333333333333333,0.16666666666666666,0.2,rac,0.2,0.2,12,0.1304026704839814,
30,0.2,0.8,0.0,0.3333333333333333,0.16666666666666666,0.2,rac_interval_cost,0.2,0.2,12,0.1304026704839814,
30,0.2,0.8,0.0,0.3333333333333333,0.16666666666666666,0.2,risktriage,0.2,0.2,12,0.1304026704839814,
30,0.2,0.8,0.0,0.3333333333333333,0.16666666666666666,0.2,crc,0.2,0.2,12,0.16636072699520557,
30,0.2,0.8,0.0,0.3333333333333333,0.16666666666666666,0.2,rac,0.2,0.2,12,0.16636072699520557,
30,0.2,0.8,0.0,0.3333333333333333,0.16666666666666666,0.2,rac_interval_cost,0.2,0.2,12,0.16636072699520557,
30,0.2,0.8,0.0,0.3333333333333333,0.16666666666666666,0.2,risktriage,0.2,0.2,12,0.16636072699520557,
30,0.2,0.8,0.0,0.3333333333333333,0.16666666666666666,0.2,crc,0.2,0.2,12,0.2122340852657079,
30,0.2,0.8,0.0,0.3333333333333333,0.16666666666666666,0.2,rac,0.2,0.2,12,0.2122340852657079,
30,0.2,0.8,0.0,0.3333333333333333,0.16666666666666666,0.2,rac_interval_cost,0.2,0.2,12,0.2122340852657079,
30,0.2,0.8,0.0,0.3333333333333333,0.16666666666666666,0.2,risktriage,0.2,0.2,12,0.2122340852657079,
30,0.2,0.8,0.0,0.3333333333333333,0.16666666666666666,0.2,crc,0.2,0.2,12,0.2707568532678385,
30,0.2,0.8,0.0,0.3333333333333333,0.16666666666666666,0.2,rac,0.2,0.2,12,0.2707568532678385,
30,0.2,0.8,0.0,0.3333333333333333,0.16666666666666666,0.2,rac_interval_cost,0.2,0.2,12,0.2707568532678385,
30,0.2,0.8,0.0,0.3333333333333333,0.16666666666666666,0.2,risktriage,0.2,0.2,12,0.2707568532678385,
30,0.2,0.8,0.0,0.3333333333333333,0.16666666666666666,0.2,crc,0.2,0.2,12,0.3454170591859536,
30,0.2,0.8,0.0,0.3333333333333333,0.16666666666666666,0.2,rac,0.2,0.2,12,0.3454170591859536,
30,0.2,0.8,0.0,0.3333333333333333,0.16666666666666666,0.2,rac_interval_cost,0.2,0.2,12,0.3454170591859536,
30,0.2,0.8,0.0,0.3333333333333333,0.16666666666666666,0.2,risktriage,0.2,0.2,12,0.3454170591859536,
30,0.2,0.8,0.0,0.3333333333333333,0.16666666666666666,0.2,crc,0.2,0.2,12,0.44066454214049255,
30,0.2,0.8,0.0,0.3333333333333333,0.16666666666666666,0.2,rac,0.2,0.2,12,0.44066454214049255,
30,0.2,0.8,0.0,0.3333333333333333,0.16666666666666666,0.2,rac_interval_cost,0.2,0.2,12,0.44066454214049255,
30,0.2,0.8,0.0,0.3333333333333333,0.16666666666666666,0.2,risktriage,0.2,0.2,12,0.44066454214049255,
30,0.2,0.8,0.0,0.3333333333333333,0.16666666666666666,0.2,crc,0.2,0.2,12,0.5621761680141902,
30,0.2,0.8,0.0,0.3333333333333333,0.16666666666666666,0.2,rac,0.2,0.2,12,0.5621761680141902,
30,0.2,0.8,0.0,0.3333333333333333,0.16666666666666666,0.2,rac_interval_cost,0.2,0.2,12,0.5621761680141902,
30,0.2,0.8,0.0,0.3333333333333333,0.16666666666666666,0.2,risktriage,0.2,0.2,12,0.5621761680141902,
30,0.2,0.8,0.0,0.3333333333333333,0.16666666666666666,0.2,crc,0.2,0.2,12,0.7171941775663863,
30,0.2,0.8,0.0,0.3333333333333333,0.16666666666666666,0.2,rac,0.2,0.2,12,0.7171941775663863,
30,0.2,0.8,0.0,0.3333333333333333,0.16666666666666666,0.2,rac_interval_cost,0.2,0.2,12,0.7171941775663863,
30,0.2,0.8,0.0,0.3333333333333333,0.16666666666666666,0.2,risktriage,0.2,0.2,12,0.7171941775663863,
30,0.2,0.8,0.0,0.3333333333333333,0.16666666666666666,0.2,crc,0.2,0.2,12,0.914957832794758,
30,0.2,0.8,0.0,0.3333333333333333,0.16666666666666666,0.2,rac,0.2,0.2,12,0.914957832794758,
30,0.2,0.8,0.0,0.3333333333333333,0.16666666666666666,0.2,rac_interval_cost,0.2,0.2,12,0.914957832794758,
30,0.2,0.8,0.0,0.3333333333333333,0.16666666666666666,0.2,risktriage,0.2,0.2,12,0.914957832794758,
30,0.2,0.8,0.0,0.3333333333333333,0.16666666666666666,0.2,crc,0.2,0.2,12,1.167254088192861,
30,0.2,0.8,0.0,0.3333333333333333,0.16666666666666666,0.2,rac,0.2,0.2,12,1.167254088192861,
30,0.2,0.8,0.0,0.3333333333333333,0.16666666666666666,0.2,rac_interval_cost,0.2,0.2,12,1.167254088192861,
30,0.2,0.8,0.0,0.3333333333333333,0.16666666666666666,0.2,risktriage,0.2,0.2,12,1.167254088192861,
30,0.2,0.8,0.0,0.3333333333333333,0.16666666666666666,0.2,crc,0.2,0.2,12,1.4891201075804943,
30,0.2,0.8,0.0,0.3333333333333333,0.16666666666666666,0.2,rac,0.2,0.2,12,1.4891201075804943,
30,0.2,0.8,0.0,0.3333333333333333,0.16666666666666666,0.2,rac_interval_cost,0.2,0.2,12,1.4891201075804943,
30,0.2,0.8,0.0,0.3333333333333333,0.16666666666666666,0.2,risktriage,0.2,0.2,12,1.4891201075804943,
30,0.13333333333333333,0.7666666666666667,0.1,0.0,0.17391304347826086,0.13333333333333333,crc,0.13333333333333333,0.15333333333333332,12,1.8997394973648272,
30,0.13333333333333333,0.7666666666666667,0.1,0.0,0.17391304347826086,0.13333333333333333,rac,0.13333333333333333,0.15333333333333332,12,1.8997394973648272,
30,0.13333333333333333,0.7666666666666667,0.1,0.0,0.17391304347826086,0.13333333333333333,rac_interval_cost,0.13333333333333333,0.15333333333333332,12,1.8997394973648272,
30,0.2,0.8,0.0,0.3333333333333333,0.16666666666666666,0.2,risktriage,0.2,0.2,12,1.8997394973648272,
30,0.13333333333333333,0.7666666666666667,0.1,0.0,0.17391304347826086,0.13333333333333333,crc,0.13333333333333333,0.15333333333333332,12,2.4235856728251703,
30,0.13333333333333333,0.7666666666666667,0.1,0.0,0.17391304347826086,0.13333333333333333,rac,0.13333333333333333,0.15333333333333332,12,2.4235856728251703,
30,0.13333333333333333,0.7666666666666667,0.1,0.0,0.17391304347826086,0.13333333333333333,rac_interval_cost,0.13333333333333333,0.15333333333333332,12,2.4235856728251703,
30,0.13333333333333333,0.7666666666666667,0.1,0.0,0.17391304347826086,0.13333333333333333,risktriage,0.13333333333333333,0.15333333333333332,12,2.4235856728251703,
30,0.13333333333333333,0.7666666666666667,0.1,0.0,0.17391304347826086,0.13333333333333333,crc,0.13333333333333333,0.15333333333333332,12,3.091880503443274,
30,0.13333333333333333,0.7666666666666667,0.1,0.0,0.17391304347826086,0.13333333333333333,rac,0.13333333333333333,0.15333333333333332,12,3.091880503443274,
30,0.13333333333333333,0.7666666666666667,0.1,0.0,0.17391304347826086,0.13333333333333333,rac_interval_cost,0.13333333333333333,0.15333333333333332,12,3.091880503443274,
30,0.13333333333333333,0.7666666666666667,0.1,0.0,0.17391304347826086,0.13333333333333333,risktriage,0.13333333333333333,0.15333333333333332,12,3.091880503443274,
30,0.13333333333333333,0.7666666666666667,0.1,0.0,0.17391304347826086,0.13333333333333333,crc,0.13333333333333333,0.15333333333333332,12,3.9444551743157006,
30,0.13333333333333333,0.7666666666666667,0.1,0.0,0.17391304347826086,0.13333333333333333,rac,0.13333333333333333,0.15333333333333332,12,3.9444551743157006,
30,0.13333333333333333,0.7666666666666667,0.1,0.0,0.17391304347826086,0.13333333333333333,rac_interval_cost,0.13333333333333333,0.15333333333333332,12,3.9444551743157006,
30,0.13333333333333333,0.7666666666666667,0.1,0.0,0.17391304347826086,0.13333333333333333,risktriage,0.13333333333333333,0.15333333333333332,12,3.9444551743157006,
30,0.13333333333333333,0.7333333333333333,0.13333333333333333,0.0,0.13636363636363635,0.1,crc,0.1,0.12666666666666668,12,5.032124173252785,
30,0.13333333333333333,0.7333333333333333,0.13333333333333333,0.0,0.13636363636363635,0.1,rac,0.1,0.12666666666666668,12,5.032124173252785,
30,0.13333333333333333,0.7333333333333333,0.13333333333333333,0.0,0.13636363636363635,0.1,rac_interval_cost,0.1,0.12666666666666668,12,5.032124173252785,
30,0.13333333333333333,0.7666666666666667,0.1,0.0,0.17391304347826086,0.13333333333333333,risktriage,0.13333333333333333,0.15333333333333332,12,5.032124173252785,
30,0.13333333333333333,0.7,0.16666666666666666,0.0,0.14285714285714285,0.1,crc,0.1,0.13333333333333333,12,6.419713896084028,
30,0.13333333333333333,0.7,0.16666666666666666,0.0,0.14285714285714285,0.1,rac,0.1,0.13333333333333333,12,6.419713896084028,
30,0.13333333333333333,0.7,0.16666666666666666,0.0,0.14285714285714285,0.1,rac_interval_cost,0.1,0.13333333333333333,12,6.419713896084028,
30,0.13333333333333333,0.7333333333333333,0.13333333333333333,0.0,0.13636363636363635,0.1,risktriage,0.1,0.12666666666666668,12,6.419713896084028,
30,0.13333333333333333,0.6666666666666666,0.2,0.0,0.1,0.06666666666666667,crc,0.06666666666666667,0.10666666666666667,12,8.18992637873128,
30,0.13333333333333333,0.6666666666666666,0.2,0.0,0.1,0.06666666666666667,rac,0.06666666666666667,0.10666666666666667,12,8.18992637873128,
30,0.13333333333333333,0.6666666666666666,0.2,0.0,0.1,0.06666666666666667,rac_interval_cost,0.06666666666666667,0.10666666666666667,12,8.18992637873128,
30,0.13333333333333333,0.6666666666666666,0.2,0.0,0.1,0.06666666666666667,risktriage,0.06666666666666667,0.10666666666666667,12,8.18992637873128,
30,0.13333333333333333,0.5333333333333333,0.3333333333333333,0.0,0.0625,0.03333333333333333,crc,0.03333333333333333,0.1,12,10.448268439182876,
30,0.13333333333333333,0.5333333333333333,0.3333333333333333,0.0,0.0625,0.03333333333333333,rac,0.03333333333333333,0.1,12,10.448268439182876,
30,0.13333333333333333,0.5333333333333333,0.3333333333333333,0.0,0.0625,0.03333333333333333,rac_interval_cost,0.03333333333333333,0.1,12,10.448268439182876,
30,0.13333333333333333,0.6666666666666666,0.2,0.0,0.1,0.06666666666666667,risktriage,0.06666666666666667,0.10666666666666667,12,10.448268439182876,
30,0.13333333333333333,0.36666666666666664,0.5,0.0,0.0,0.0,crc,0.0,0.10000000000000002,12,13.329340012228064,
30,0.13333333333333333,0.36666666666666664,0.5,0.0,0.0,0.0,rac,0.0,0.10000000000000002,12,13.329340012228064,
30,0.13333333333333333,0.36666666666666664,0.5,0.0,0.0,0.0,rac_interval_cost,0.0,0.10000000000000002,12,13.329340012228064,
30,0.13333333333333333,0.4666666666666667,0.4,0.0,0.07142857142857142,0.03333333333333333,risktriage,0.03333333333333333,0.11333333333333334,12,13.329340012228064,
30,0.1,0.36666666666666664,0.5333333333333333,0.0,0.0,0.0,crc,0.0,0.10666666666666667,12,17.004856469353836,
30,0.1,0.36666666666666664,0.5333333333333333,0.0,0.0,0.0,rac,0.0,0.10666666666666667,12,17.004856469353836,
30,0.1,0.36666666666666664,0.5333333333333333,0.0,0.0,0.0,rac_interval_cost,0.0,0.10666666666666667,12,17.004856469353836,
30,0.13333333333333333,0.36666666666666664,0.5,0.0,0.0,0.0,risktriage,0.0,0.10000000000000002,12,17.004856469353836,
30,0.0,0.36666666666666664,0.6333333333333333,,0.0,0.0,crc,0.0,0.12666666666666668,12,21.693883063831382,
30,0.0,0.36666666666666664,0.6333333333333333,,0.0,0.0,rac,0.0,0.12666666666666668,12,21.693883063831382,
30,0.0,0.36666666666666664,0.6333333333333333,,0.0,0.0,rac_interval_cost,0.0,0.12666666666666668,12,21.693883063831382,
30,0.06666666666666667,0.36666666666666664,0.5666666666666667,0.0,0.0,0.0,risktriage,0.0,0.11333333333333334,12,21.693883063831382,
30,0.0,0.3,0.7,,0.0,0.0,crc,0.0,0.14000000000000004,12,27.675891486373317,
30,0.0,0.3,0.7,,0.0,0.0,rac,0.0,0.14000000000000004,12,27.675891486373317,
30,0.0,0.3,0.7,,0.0,0.0,rac_interval_cost,0.0,0.14000000000000004,12,27.675891486373317,
30,0.0,0.36666666666666664,0.6333333333333333,,0.0,0.0,risktriage,0.0,0.12666666666666668,12,27.675891486373317,
30,0.0,0.26666666666666666,0.7333333333333333,,0.0,0.0,crc,0.0,0.1466666666666667,12,35.30741671796561,
30,0.0,0.26666666666666666,0.7333333333333333,,0.0,0.0,rac,0.0,0.1466666666666667,12,35.30741671796561,
30,0.0,0.26666666666666666,0.7333333333333333,,0.0,0.0,rac_interval_cost,0.0,0.1466666666666667,12,35.30741671796561,
30,0.0,0.3,0.7,,0.0,0.0,risktriage,0.0,0.14000000000000004,12,35.30741671796561,
30,0.0,0.16666666666666666,0.8333333333333334,,0.0,0.0,crc,0.0,0.16666666666666669,12,45.04330694857176,
30,0.0,0.16666666666666666,0.8333333333333334,,0.0,0.0,rac,0.0,0.16666666666666669,12,45.04330694857176,
30,0.0,0.16666666666666666,0.8333333333333334,,0.0,0.0,rac_interval_cost,0.0,0.16666666666666669,12,45.04330694857176,
30,0.0,0.23333333333333334,0.7666666666666667,,0.0,0.0,risktriage,0.0,0.15333333333333338,12,45.04330694857176,
30,0.0,0.16666666666666666,0.8333333333333334,,0.0,0.0,crc,0.0,0.16666666666666669,12,57.46383308272113,
30,0.0,0.16666666666666666,0.8333333333333334,,0.0,0.0,rac,0.0,0.16666666666666669,12,57.46383308272113,
30,0.0,0.16666666666666666,0.8333333333333334,,0.0,0.0,rac_interval_cost,0.0,0.16666666666666669,12,57.46383308272113,
30,0.0,0.16666666666666666,0.8333333333333334,,0.0,0.0,risktriage,0.0,0.16666666666666669,12,57.46383308272113,
30,0.0,0.13333333333333333,0.8666666666666667,,0.0,0.0,crc,0.0,0.17333333333333337,12,73.30927359150182,
30,0.0,0.13333333333333333,0.8666666666666667,,0.0,0.0,rac,0.0,0.17333333333333337,12,73.30927359150182,
30,0.0,0.13333333333333333,0.8666666666666667,,0.0,0.0,rac_interval_cost,0.0,0.17333333333333337,12,73.30927359150182,
30,0.0,0.16666666666666666,0.8333333333333334,,0.0,0.0,risktriage,0.0,0.16666666666666669,12,73.30927359150182,
30,0.0,0.06666666666666667,0.9333333333333333,,0.0,0.0,crc,0.0,0.1866666666666667,12,93.52403601021959,
30,0.0,0.06666666666666667,0.9333333333333333,,0.0,0.0,rac,0.0,0.1866666666666667,12,93.52403601021959,
30,0.0,0.06666666666666667,0.9333333333333333,,0.0,0.0,rac_interval_cost,0.0,0.1866666666666667,12,93.52403601021959,
30,0.0,0.1,0.9,,0.0,0.0,risktriage,0.0,0.18000000000000005,12,93.52403601021959,
30,0.2,0.8,0.0,0.3333333333333333,0.16666666666666666,0.2,uncertainty,0.2,0.2,12,0.0,
30,0.13333333333333333,0.8,0.06666666666666667,0.0,0.16666666666666666,0.13333333333333333,uncertainty,0.13333333333333333,0.14666666666666667,12,0.05,
30,0.13333333333333333,0.7666666666666667,0.1,0.0,0.17391304347826086,0.13333333333333333,uncertainty,0.13333333333333333,0.15333333333333332,12,0.1,
30,0.13333333333333333,0.7,0.16666666666666666,0.0,0.19047619047619047,0.13333333333333333,uncertainty,0.13333333333333333,0.16666666666666666,12,0.15000000000000002,
30,0.13333333333333333,0.6666666666666666,0.2,0.0,0.2,0.13333333333333333,uncertainty,0.13333333333333333,0.17333333333333334,12,0.2,
30,0.13333333333333333,0.6,0.26666666666666666,0.0,0.2222222222222222,0.13333333333333333,uncertainty,0.13333333333333333,0.18666666666666668,12,0.25,
30,0.13333333333333333,0.5666666666666667,0.3,0.0,0.23529411764705882,0.13333333333333333,uncertainty,0.13333333333333333,0.19333333333333333,12,0.30000000000000004,
30,0.13333333333333333,0.5,0.36666666666666664,0.0,0.26666666666666666,0.13333333333333333,uncertainty,0.13333333333333333,0.20666666666666667,12,0.35000000000000003,
30,0.13333333333333333,0.4666666666666667,0.4,0.0,0.21428571428571427,0.1,uncertainty,0.1,0.18000000000000002,12,0.4,
30,0.13333333333333333,0.4,0.4666666666666667,0.0,0.16666666666666666,0.06666666666666667,uncertainty,0.06666666666666667,0.16000000000000003,12,0.45,
30,0.1,0.4,0.5,0.0,0.16666666666666666,0.06666666666666667,uncertainty,0.06666666666666667,0.16666666666666669,12,0.5,
30,0.06666666666666667,0.4,0.5333333333333333,0.0,0.16666666666666666,0.06666666666666667,uncertainty,0.06666666666666667,0.17333333333333337,12,0.55,
30,0.06666666666666667,0.3333333333333333,0.6,0.0,0.1,0.03333333333333333,uncertainty,0.03333333333333333,0.15333333333333335,12,0.6000000000000001,
30,0.06666666666666667,0.26666666666666666,0.6666666666666666,0.0,0.0,0.0,uncertainty,0.0,0.13333333333333336,12,0.65,
30,0.06666666666666667,0.23333333333333334,0.7,0.0,0.0,0.0,uncertainty,0.0,0.14000000000000004,12,0.7000000000000001,
30,0.06666666666666667,0.2,0.7333333333333333,0.0,0.0,0.0,uncertainty,0.0,0.1466666666666667,12,0.75,
30,0.0,0.2,0.8,,0.0,0.0,uncertainty,0.0,0.16000000000000003,12,0.8,
30,0.0,0.13333333333333333,0.8666666666666667,,0.0,0.0,uncertainty,0.0,0.17333333333333337,12,0.8500000000000001,
30,0.0,0.1,0.9,,0.0,0.0,uncertainty,0.0,0.18000000000000005,12,0.9,
30,0.0,0.03333333333333333,0.9666666666666667,,0.0,0.0,uncertainty,0.0,0.19333333333333338,12,0.9500000000000001,
30,0.0,0.0,1.0,,,0.0,uncertainty,0.0,0.20000000000000007,12,1.0,
30,0.0,0.13333333333333333,0.8666666666666667,,0.0,0.0,split_cp,0.0,0.17333333333333337,12,0.02,0.9666666666666667
30,0.0,0.13333333333333333,0.8666666666666667,,0.0,0.0,split_cp,0.0,0.17333333333333337,12,0.05,0.9666666666666667
30,0.0,0.13333333333333333,0.8666666666666667,,0.0,0.0,split_cp,0.0,0.17333333333333337,12,0.08,0.9666666666666667
30,0.0,0.2,0.8,,0.0,0.0,split_cp,0.0,0.16000000000000006,12,0.11,0.9666666666666667
30,0.0,0.2,0.8,,0.0,0.0,split_cp,0.0,0.16000000000000006,12,0.13999999999999999,0.9333333333333333
30,0.0,0.23333333333333334,0.7666666666666667,,0.0,0.0,split_cp,0.0,0.15333333333333338,12,0.16999999999999998,0.9333333333333333
30,0.0,0.26666666666666666,0.7333333333333333,,0.0,0.0,split_cp,0.0,0.1466666666666667,12,0.19999999999999998,0.9333333333333333
30,0.0,0.36666666666666664,0.6333333333333333,,0.0,0.0,split_cp,0.0,0.12666666666666668,12,0.22999999999999998,0.8666666666666667
30,0.0,0.36666666666666664,0.6333333333333333,,0.0,0.0,split_cp,0.0,0.12666666666666668,12,0.26,0.8666666666666667
30,0.0,0.36666666666666664,0.6333333333333333,,0.0,0.0,split_cp,0.0,0.12666666666666668,12,0.29000000000000004,0.8333333333333334
30,0.03333333333333333,0.36666666666666664,0.6,0.0,0.0,0.0,split_cp,0.0,0.12000000000000002,12,0.32,0.7666666666666667
30,0.1,0.36666666666666664,0.5333333333333333,0.0,0.0,0.0,split_cp,0.0,0.10666666666666667,12,0.35,0.7
30,0.1,0.36666666666666664,0.5333333333333333,0.0,0.0,0.0,split_cp,0.0,0.10666666666666667,12,0.38,0.6666666666666666
30,0.13333333333333333,0.36666666666666664,0.5,0.0,0.0,0.0,split_cp,0.0,0.10000000000000002,12,0.41000000000000003,0.5666666666666667
30,0.13333333333333333,0.36666666666666664,0.5,0.0,0.0,0.0,split_cp,0.0,0.10000000000000002,12,0.44,0.5666666666666667
30,0.13333333333333333,0.4,0.4666666666666667,0.0,0.0,0.0,split_cp,0.0,0.09333333333333334,12,0.47,0.5333333333333333
30,0.13333333333333333,0.4,0.4666666666666667,0.0,0.0,0.0,split_cp,0.0,0.09333333333333334,12,0.5,0.5333333333333333
30,0.4,0.6,0.0,0.16666666666666666,0.0,0.06666666666666667,crc,0.06666666666666667,0.06666666666666667,13,0.0,
30,0.4,0.6,0.0,0.16666666666666666,0.0,0.06666666666666667,rac,0.06666666666666667,0.06666666666666667,13,0.0,
30,0.4,0.6,0.0,0.16666666666666666,0.0,0.06666666666666667,rac_interval_cost,0.06666666666666667,0.06666666666666667,13,0.0,
30,0.4,0.6,0.0,0.16666666666666666,0.0,0.06666666666666667,risktriage,0.06666666666666667,0.06666666666666667,13,0.0,
30,0.4,0.6,0.0,0.16666666666666666,0.0,0.06666666666666667,crc,0.06666666666666667,0.06666666666666667,13,0.001,
30,0.4,0.6,0.0,0.16666666666666666,0.0,0.06666666666666667,rac,0.06666666666666667,0.06666666666666667,13,0.001,
30,0.4,0.6,0.0,0.16666666666666666,0.0,0.06666666666666667,rac_interval_cost,0.06666666666666667,0.06666666666666667,13,0.001,
30,0.4,0.6,0.0,0.16666666666666666,0.0,0.06666666666666667,risktriage,0.06666666666666667,0.06666666666666667,13,0.001,
30,0.4,0.6,0.0,0.16666666666666666,0.0,0.06666666666666667,crc,0.06666666666666667,0.06666666666666667,13,0.001283820052953779,
30,0.4,0.6,0.0,0.16666666666666666,0.0,0.06666666666666667,rac,0.06666666666666667,0.06666666666666667,13,0.001283820052953779,
30,0.4,0.6,0.0,0.16666666666666666,0.0,0.06666666666666667,rac_interval_cost,0.06666666666666667,0.06666666666666667,13,0.001283820052953779,
30,0.4,0.6,0.0,0.16666666666666666,0.0,0.06666666666666667,risktriage,0.06666666666666667,0.06666666666666667,13,0.001283820052953779,
30,0.4,0.6,0.0,0.16666666666666666,0.0,0.06666666666666667,crc,0.06666666666666667,0.06666666666666667,13,0.0016481939283662435,
30,0.4,0.6,0.0,0.16666666666666666,0.0,0.06666666666666667,rac,0.06666666666666667,0.06666666666666667,13,0.0016481939283662435,
30,0.4,0.6,0.0,0.16666666666666666,0.0,0.06666666666666667,rac_interval_cost,0.06666666666666667,0.06666666666666667,13,0.0016481939283662435,
30,0.4,0.6,0.0,0.16666666666666666,0.0,0.06666666666666667,risktriage,0.06666666666666667,0.06666666666666667,13,0.0016481939283662435,
30,0.4,0.6,0.0,0.16666666666666666,0.0,0.06666666666666667,crc,0.06666666666666667,0.06666666666666667,13,0.0021159844163932476,
30,0.4,0.6,0.0,0.16666666666666666,0.0,0.06666666666666667,rac,0.06666666666666667,0.06666666666666667,13,0.0021159844163932476,
30,0.4,0.6,0.0,0.16666666666666666,0.0,0.06666666666666667,rac_interval_cost,0.06666666666666667,0.06666666666666667,13,0.0021159844163932476,
30,0.4,0.6,0.0,0.16666666666666666,0.0,0.06666666666666667,risktriage,0.06666666666666667,0.06666666666666667,13,0.0021159844163932476,
30,0.4,0.6,0.0,0.16666666666666666,0.0,0.06666666666666667,crc,0.06666666666666667,0.06666666666666667,13,0.0027165432255033496,
30,0.4,0.6,0.0,0.16666666666666666,0.0,0.06666666666666667,rac,0.06666666666666667,0.06666666666666667,13,0.0027165432255033496,
30,0.4,0.6,0.0,0.16666666666666666,0.0,0.06666666666666667,rac_interval_cost,0.06666666666666667,0.06666666666666667,13,0.0027165432255033496,
30,0.4,0.6,0.0,0.16666666666666666,0.0,0.06666666666666667,risktriage,0.06666666666666667,0.06666666666666667,13,0.0027165432255033496,
30,0.4,0.6,0.0,0.16666666666666666,0.0,0.06666666666666667,crc,0.06666666666666667,0.06666666666666667,13,0.0034875526676169397,
30,0.4,0.6,0.0,0.16666666666666666,0.0,0.06666666666666667,rac,0.06666666666666667,0.06666666666666667,13,0.0034875526676169397,
30,0.4,0.6,0.0,0.16666666666666666,0.0,0.06666666666666667,rac_interval_cost,0.06666666666666667,0.06666666666666667,13,0.0034875526676169397,
30,0.4,0.6,0.0,0.16666666666666666,0.0,0.06666666666666667,risktriage,0.06666666666666667,0.06666666666666667,13,0.0034875526676169397,
30,0.4,0.6,0.0,0.16666666666666666,0.0,0.06666666666666667,crc,0.06666666666666667,0.06666666666666667,13,0.004477390050419072,
30,0.4,0.6,0.0,0.16666666666666666,0.0,0.06666666666666667,rac,0.06666666666666667,0.06666666666666667,13,0.004477390050419072,
30,0.4,0.6,0.0,0.16666666666666666,0.0,0.06666666666666667,rac_interval_cost,0.06666666666666667,0.06666666666666667,13,0.004477390050419072,
30,0.4,0.6,0.0,0.16666666666666666,0.0,0.06666666666666667,risktriage,0.06666666666666667,0.06666666666666667,13,0.004477390050419072,
30,0.4,0.6,0.0,0.16666666666666666,0.0,0.06666666666666667,crc,0.06666666666666667,0.06666666666666667,13,0.005748163131623736,
30,0.4,0.6,0.0,0.16666666666666666,0.0,0.06666666666666667,rac,0.06666666666666667,0.06666666666666667,13,0.005748163131623736,
30,0.4,0.6,0.0,0.16666666666666666,0.0,0.06666666666666667,rac_interval_cost,0.06666666666666667,0.06666666666666667,13,0.005748163131623736,
30,0.4,0.6,0.0,0.16666666666666666,0.0,0.06666666666666667,risktriage,0.06666666666666667,0.06666666666666667,13,0.005748163131623736,
30,0.4,0.6,0.0,0.16666666666666666,0.0,0.06666666666666667,crc,0.06666666666666667,0.06666666666666667,13,0.007379607096028144,
30,0.4,0.6,0.0,0.16666666666666666,0.0,0.06666666666666667,rac,0.06666666666666667,0.06666666666666667,13,0.007379607096028144,
30,0.4,0.6,0.0,0.16666666666666666,0.0,0.06666666666666667,rac_interval_cost,0.06666666666666667,0.06666666666666667,13,0.007379607096028144,
30,0.4,0.6,0.0,0.16666666666666666,0.0,0.06666666666666667,risktriage,0.06666666666666667,0.06666666666666667,13,0.007379607096028144,
30,0.4,0.6,0.0,0.16666666666666666,0.0,0.06666666666666667,crc,0.06666666666666667,0.06666666666666667,13,0.009474087572800933,
30,0.4,0.6,0.0,0.16666666666666666,0.0,0.06666666666666667,rac,0.06666666666666667,0.06666666666666667,13,0.009474087572800933,
30,0.4,0.6,0.0,0.16666666666666666,0.0,0.06666666666666667,rac_interval_cost,0.06666666666666667,0.06666666666666667,13,0.009474087572800933,
30,0.4,0.6,0.0,0.16666666666666666,0.0,0.06666666666666667,risktriage,0.06666666666666667,0.06666666666666667,13,0.009474087572800933,
30,0.4,0.6,0.0,0.16666666666666666,0.0,0.06666666666666667,crc,0.06666666666666667,0.06666666666666667,13,0.012163023609402026,
30,0.4,0.6,0.0,0.16666666666666666,0.0,0.06666666666666667,rac,0.06666666666666667,0.06666666666666667,13,0.012163023609402026,
30,0.4,0.6,0.0,0.16666666666666666,0.0,0.06666666666666667,rac_interval_cost,0.06666666666666667,0.06666666666666667,13,0.012163023609402026,
30,0.4,0.6,0.0,0.16666666666666666,0.0,0.06666666666666667,risktriage,0.06666666666666667,0.06666666666666667,13,0.012163023609402026,
30,0.4,0.6,0.0,0.16666666666666666,0.0,0.06666666666666667,crc,0.06666666666666667,0.06666666666666667,13,0.01561513361430057,
30,0.4,0.6,0.0,0.16666666666666666,0.0,0.06666666666666667,rac,0.06666666666666667,0.06666666666666667,13,0.01561513361430057,
30,0.4,0.6,0.0,0.16666666666666666,0.0,0.06666666666666667,rac_interval_cost,0.06666666666666667,0.06666666666666667,13,0.01561513361430057,
30,0.4,0.6,0.0,0.16666666666666666,0.0,0.06666666666666667,risktriage,0.06666666666666667,0.06666666666666667,13,0.01561513361430057,
30,0.4,0.6,0.0,0.16666666666666666,0.0,0.06666666666666667,crc,0.06666666666666667,0.06666666666666667,13,0.02004702166359169,
30,0.4,0.6,0.0,0.16666666666666666,0.0,0.06666666666666667,rac,0.06666666666666667,0.06666666666666667,13,0.02004702166359169,
30,0.4,0.6,0.0,0.16666666666666666,0.0,0.06666666666666667,rac_interval_cost,0.06666666666666667,0.06666666666666667,13,0.02004702166359169,
30,0.4,0.6,0.0,0.16666666666666666,0.0,0.06666666666666667,risktriage,0.06666666666666667,0.06666666666666667,13,0.02004702166359169,
30,0.4,0.6,0.0,0.16666666666666666,0.0,0.06666666666666667,crc,0.06666666666666667,0.06666666666666667,13,0.025736768413717838,
30,0.4,0.6,0.0,0.16666666666666666,0.0,0.06666666666666667,rac,0.06666666666666667,0.06666666666666667,13,0.025736768413717838,
30,0.4,0.6,0.0,0.16666666666666666,0.0,0.06666666666666667,rac_interval_cost,0.06666666666666667,0.06666666666666667,13,0.025736768413717838,
30,0.4,0.6,0.0,0.16666666666666666,0.0,0.06666666666666667,risktriage,0.06666666666666667,0.06666666666666667,13,0.025736768413717838,
30,0.4,0.6,0.0,0.16666666666666666,0.0,0.06666666666666667,crc,0.06666666666666667,0.06666666666666667,13,0.03304137938775838,
30,0.4,0.6,0.0,0.16666666666666666,0.0,0.06666666666666667,rac,0.06666666666666667,0.06666666666666667,13,0.03304137938775838,
30,0.4,0.6,0.0,0.16666666666666666,0.0,0.06666666666666667,rac_interval_cost,0.06666666666666667,0.06666666666666667,13,0.03304137938775838,
30,0.4,0.6,0.0,0.16666666666666666,0.0,0.06666666666666667,risktriage,0.06666666666666667,0.06666666666666667,13,0.03304137938775838,
30,0.4,0.6,0.0,0.16666666666666666,0.0,0.06666666666666667,crc,0.06666666666666667,0.06666666666666667,13,0.042419185435257856,
30,0.4,0.6,0.0,0.16666666666666666,0.0,0.06666666666666667,rac,0.06666666666666667,0.06666666666666667,13,0.042419185435257856,
30,0.4,0.6,0.0,0.16666666666666666,0.0,0.06666666666666667,rac_interval_cost,0.06666666666666667,0.06666666666666667,13,0.042419185435257856,
30,0.4,0.6,0.0,0.16666666666666666,0.0,0.06666666666666667,risktriage,0.06666666666666667,0.06666666666666667,13,0.042419185435257856,
30,0.4,0.6,0.0,0.16666666666666666,0.0,0.06666666666666667,crc,0.06666666666666667,0.06666666666666667,13,0.0544586008917489,
30,0.4,0.6,0.0,0.16666666666666666,0.0,0.06666666666666667,rac,0.06666666666666667,0.06666666666666667,13,0.0544586008917489,
30,0.4,0.6,0.0,0.16666666666666666,0.0,0.06666666666666667,rac_interval_cost,0.06666666666666667,0.06666666666666667,13,0.0544586008917489,
30,0.4,0.6,0.0,0.16666666666666666,0.0,0.06666666666666667,risktriage,0.06666666666666667,0.06666666666666667,13,0.0544586008917489,
30,0.4,0.6,0.0,0.16666666666666666,0.0,0.06666666666666667,crc,0.06666666666666667,0.06666666666666667,13,0.06991504388063378,
30,0.4,0.6,0.0,0.16666666666666666,0.0,0.06666666666666667,rac,0.06666666666666667,0.06666666666666667,13,0.06991504388063378,
30,0.4,0.6,0.0,0.16666666666666666,0.0,0.06666666666666667,rac_interval_cost,0.06666666666666667,0.06666666666666667,13,0.06991504388063378,
30,0.4,0.6,0.0,0.16666666666666666,0.0,0.06666666666666667,risktriage,0.06666666666666667,0.06666666666666667,13,0.06991504388063378,
30,0.4,0.6,0.0,0.16666666666666666,0.0,0.06666666666666667,crc,0.06666666666666667,0.06666666666666667,13,0.08975833533710104,
30,0.4,0.6,0.0,0.16666666666666666,0.0,0.06666666666666667,rac,0.06666666666666667,0.06666666666666667,13,0.08975833533710104,
30,0.4,0.6,0.0,0.16666666666666666,0.0,0.06666666666666667,rac_interval_cost,0.06666666666666667,0.06666666666666667,13,0.08975833533710104,
30,0.4,0.6,0.0,0.16666666666666666,0.0,0.06666666666666667,risktriage,0.06666666666666667,0.06666666666666667,13,0.08975833533710104,
30,0.4,0.6,0.0,0.16666666666666666,0.0,0.06666666666666667,crc,0.06666666666666667,0.06666666666666667,13,0.11523355082552003,
30,0.4,0.6,0.0,0.16666666666666666,0.0,0.06666666666666667,rac,0.06666666666666667,0.06666666666666667,13,0.11523355082552003,
30,0.4,0.6,0.0,0.16666666666666666,0.0,0.06666666666666667,rac_interval_cost,0.06666666666666667,0.06666666666666667,13,0.11523355082552003,
30,0.4,0.6,0.0,0.16666666666666666,0.0,0.06666666666666667,risktriage,0.06666666666666667,0.06666666666666667,13,0.11523355082552003,
30,0.4,0.6,0.0,0.16666666666666666,0.0,0.06666666666666667,crc,0.06666666666666667,0.06666666666666667,13,0.1479391433228711,
30,0.4,0.6,0.0,0.16666666666666666,0.0,0.06666666666666667,rac,0.06666666666666667,0.06666666666666667,13,0.1479391433228711,
30,0.4,0.6,0.0,0.16666666666666666,0.0,0.06666666666666667,rac_interval_cost,0.06666666666666667,0.06666666666666667,13,0.1479391433228711,
30,0.4,0.6,0.0,0.16666666666666666,0.0,0.06666666666666667,risktriage,0.06666666666666667,0.06666666666666667,13,0.1479391433228711,
30,0.4,0.6,0.0,0.16666666666666666,0.0,0.06666666666666667,crc,0.06666666666666667,0.06666666666666667,13,0.18992723881470502,
30,0.4,0.6,0.0,0.16666666666666666,0.0,0.06666666666666667,rac,0.06666666666666667,0.06666666666666667,13,0.18992723881470502,
30,0.4,0.6,0.0,0.16666666666666666,0.0,0.06666666666666667,rac_interval_cost,0.06666666666666667,0.06666666666666667,13,0.18992723881470502,
30,0.4,0.6,0.0,0.16666666666666666,0.0,0.06666666666666667,risktriage,0.06666666666666667,0.06666666666666667,13,0.18992723881470502,
30,0.4,0.6,0.0,0.16666666666666666,0.0,0.06666666666666667,crc,0.06666666666666667,0.06666666666666667,13,0.2438323977924596,
30,0.4,0.6,0.0,0.16666666666666666,0.0,0.06666666666666667,rac,0.06666666666666667,0.06666666666666667,13,0.2438323977924596,
30,0.4,0.6,0.0,0.16666666666666666,0.0,0.06666666666666667,rac_interval_cost,0.06666666666666667,0.06666666666666667,13,0.2438323977924596,
30,0.4,0.6,0.0,0.16666666666666666,0.0,0.06666666666666667,risktriage,0.06666666666666667,0.06666666666666667,13,0.2438323977924596,
30,0.4,0.6,0.0,0.16666666666666666,0.0,0.06666666666666667,crc,0.06666666666666667,0.06666666666666667,13,0.3130369218457624,
30,0.4,0.6,0.0,0.16666666666666666,0.0,0.06666666666666667,rac,0.06666666666666667,0.06666666666666667,13,0.3130369218457624,
30,0.4,0.6,0.0,0.16666666666666666,0.0,0.06666666666666667,rac_interval_cost,0.06666666666666667,0.06666666666666667,13,0.3130369218457624,
30,0.4,0.6,0.0,0.16666666666666666,0.0,0.06666666666666667,risktriage,0.06666666666666667,0.06666666666666667,13,0.3130369218457624,
30,0.4,0.6,0.0,0.16666666666666666,0.0,0.06666666666666667,crc,0.06666666666666667,0.06666666666666667,13,0.40188307758051456,
30,0.4,0.6,0.0,0.16666666666666666,0.0,0.06666666666666667,rac,0.06666666666666667,0.06666666666666667,13,0.40188307758051456,
30,0.4,0.6,0.0,0.16666666666666666,0.0,0.06666666666666667,rac_interval_cost,0.06666666666666667,0.06666666666666667,13,0.40188307758051456,
30,0.4,0.6,0.0,0.16666666666666666,0.0,0.06666666666666667,risktriage,0.06666666666666667,0.06666666666666667,13,0.40188307758051456,
30,0.4,0.6,0.0,0.16666666666666666,0.0,0.06666666666666667,crc,0.06666666666666667,0.06666666666666667,13,0.5159455539406438,
30,0.4,0.6,0.0,0.16666666666666666,0.0,0.06666666666666667,rac,0.06666666666666667,0.06666666666666667,13,0.5159455539406438,
30,0.4,0.6,0.0,0.16666666666666666,0.0,0.06666666666666667,rac_interval_cost,0.06666666666666667,0.06666666666666667,13,0.5159455539406438,
30,0.4,0.6,0.0,0.16666666666666666,0.0,0.06666666666666667,risktriage,0.06666666666666667,0.06666666666666667,13,0.5159455539406438,
30,0.4,0.6,0.0,0.16666666666666666,0.0,0.06666666666666667,crc,0.06666666666666667,0.06666666666666667,13,0.6623812483813442,
30,0.4,0.6,0.0,0.16666666666666666,0.0,0.06666666666666667,rac,0.06666666666666667,0.06666666666666667,13,0.6623812483813442,
30,0.4,0.6,0.0,0.16666666666666666,0.0,0.06666666666666667,rac_interval_cost,0.06666666666666667,0.06666666666666667,13,0.6623812483813442,
30,0.4,0.6,0.0,0.16666666666666666,0.0,0.06666666666666667,risktriage,0.06666666666666667,0.06666666666666667,13,0.6623812483813442,
30,0.4,0.6,0.0,0.16666666666666666,0.0,0.06666666666666667,crc,0.06666666666666667,0.06666666666666667,13,0.8503783293725273,
30,0.4,0.6,0.0,0.16666666666666666,0.0,0.06666666666666667,rac,0.06666666666666667,0.06666666666666667,13,0.8503783293725273,
30,0.4,0.6,0.0,0.16666666666666666,0.0,0.06666666666666667,rac_interval_cost,0.06666666666666667,0.06666666666666667,13,0.8503783293725273,
30,0.4,0.6,0.0,0.16666666666666666,0.0,0.06666666666666667,risktriage,0.06666666666666667,0.06666666666666667,13,0.8503783293725273,
30,0.4,0.6,0.0,0.16666666666666666,0.0,0.06666666666666667,crc,0.06666666666666667,0.06666666666666667,13,1.091732751845784,
30,0.4,0.6,0.0,0.16666666666666666,0.0,0.06666666666666667,rac,0.06666666666666667,0.06666666666666667,13,1.091732751845784,
30,0.4,0.6,0.0,0.16666666666666666,0.0,0.06666666666666667,rac_interval_cost,0.06666666666666667,0.06666666666666667,13,1.091732751845784,
30,0.4,0.6,0.0,0.16666666666666666,0.0,0.06666666666666667,risktriage,0.06666666666666667,0.06666666666666667,13,1.091732751845784,
30,0.36666666666666664,0.5666666666666667,0.06666666666666667,0.09090909090909091,0.0,0.03333333333333333,crc,0.03333333333333333,0.04666666666666666,13,1.4015883992860292,
30,0.36666666666666664,0.5666666666666667,0.06666666666666667,0.09090909090909091,0.0,0.03333333333333333,rac,0.03333333333333333,0.04666666666666666,13,1.4015883992860292,
30,0.36666666666666664,0.5666666666666667,0.06666666666666667,0.09090909090909091,0.0,0.03333333333333333,rac_interval_cost,0.03333333333333333,0.04666666666666666,13,1.4015883992860292,
30,0.4,0.6,0.0,0.16666666666666666,0.0,0.06666666666666667,risktriage,0.06666666666666667,0.06666666666666667,13,1.4015883992860292,
30,0.36666666666666664,0.5666666666666667,0.06666666666666667,0.09090909090909091,0.0,0.03333333333333333,crc,0.03333333333333333,0.04666666666666666,13,1.799387292990792,
30,0.36666666666666664,0.5666666666666667,0.06666666666666667,0.09090909090909091,0.0,0.03333333333333333,rac,0.03333333333333333,0.04666666666666666,13,1.799387292990792,
30,0.36666666666666664,0.5666666666666667,0.06666666666666667,0.09090909090909091,0.0,0.03333333333333333,rac_interval_cost,0.03333333333333333,0.04666666666666666,13,1.799387292990792,
30,0.36666666666666664,0.5666666666666667,0.06666666666666667,0.09090909090909091,0.0,0.03333333333333333,risktriage,0.03333333333333333,0.04666666666666666,13,1.799387292990792,
30,0.36666666666666664,0.5666666666666667,0.06666666666666667,0.09090909090909091,0.0,0.03333333333333333,crc,0.03333333333333333,0.04666666666666666,13,2.310089489771795,
30,0.36666666666666664,0.5666666666666667,0.06666666666666667,0.09090909090909091,0.0,0.03333333333333333,rac,0.03333333333333333,0.04666666666666666,13,2.310089489771795,
30,0.36666666666666664,0.5666666666666667,0.06666666666666667,0.09090909090909091,0.0,0.03333333333333333,rac_interval_cost,0.03333333333333333,0.04666666666666666,13,2.310089489771795,
30,0.36666666666666664,0.5666666666666667,0.06666666666666667,0.09090909090909091,0.0,0.03333333333333333,risktriage,0.03333333333333333,0.04666666666666666,13,2.310089489771795,
30,0.3333333333333333,0.5666666666666667,0.1,0.1,0.0,0.03333333333333333,crc,0.03333333333333333,0.05333333333333333,13,2.9657392110867944,
30,0.3333333333333333,0.5666666666666667,0.1,0.1,0.0,0.03333333333333333,rac,0.03333333333333333,0.05333333333333333,13,2.9657392110867944,
30,0.3333333333333333,0.5666666666666667,0.1,0.1,0.0,0.03333333333333333,rac_interval_cost,0.03333333333333333,0.05333333333333333,13,2.9657392110867944,
30,0.36666666666666664,0.5666666666666667,0.06666666666666667,0.09090909090909091,0.0,0.03333333333333333,risktriage,0.03333333333333333,0.04666666666666666,13,2.9657392110867944,
30,0.3333333333333333,0.5666666666666667,0.1,0.1,0.0,0.03333333333333333,crc,0.03333333333333333,0.05333333333333333,13,3.8074754710245466,
30,0.3333333333333333,0.5666666666666667,0.1,0.1,0.0,0.03333333333333333,rac,0.03333333333333333,0.05333333333333333,13,3.8074754710245466,
30,0.3333333333333333,0.5666666666666667,0.1,0.1,0.0,0.03333333333333333,rac_interval_cost,0.03333333333333333,0.05333333333333333,13,3.8074754710245466,
30,0.3333333333333333,0.5666666666666667,0.1,0.1,0.0,0.03333333333333333,risktriage,0.03333333333333333,0.05333333333333333,13,3.8074754710245466,
30,0.3,0.5666666666666667,0.13333333333333333,0.1111111111111111,0.0,0.03333333333333333,crc,0.03333333333333333,0.05999999999999999,13,4.888113360830947,
30,0.3,0.5666666666666667,0.13333333333333333,0.1111111111111111,0.0,0.03333333333333333,rac,0.03333333333333333,0.05999999999999999,13,4.888113360830947,
30,0.3,0.5666666666666667,0.13333333333333333,0.1111111111111111,0.0,0.03333333333333333,rac_interval_cost,0.03333333333333333,0.05999999999999999,13,4.888113360830947,
30,0.3333333333333333,0.5666666666666667,0.1,0.1,0.0,0.03333333333333333,risktriage,0.03333333333333333,0.05333333333333333,13,4.888113360830947,
30,0.3,0.5666666666666667,0.13333333333333333,0.1111111111111111,0.0,0.03333333333333333,crc,0.03333333333333333,0.05999999999999999,13,6.27545795374606,
30,0.3,0.5666666666666667,0.13333333333333333,0.1111111111111111,0.0,0.03333333333333333,rac,0.03333333333333333,0.05999999999999999,13,6.27545795374606,
30,0.3,0.5666666666666667,0.13333333333333333,0.1111111111111111,0.0,0.03333333333333333,rac_interval_cost,0.03333333333333333,0.05999999999999999,13,6.27545795374606,
30,0.3,0.5666666666666667,0.13333333333333333,0.1111111111111111,0.0,0.03333333333333333,risktriage,0.03333333333333333,0.05999999999999999,13,6.27545795374606,
30,0.3,0.5666666666666667,0.13333333333333333,0.1111111111111111,0.0,0.03333333333333333,crc,0.03333333333333333,0.05999999999999999,13,8.05655876248748,
30,0.3,0.5666666666666667,0.13333333333333333,0.1111111111111111,0.0,0.03333333333333333,rac,0.03333333333333333,0.05999999999999999,13,8.05655876248748,
30,0.3,0.5666666666666667,0.13333333333333333,0.1111111111111111,0.0,0.03333333333333333,rac_interval_cost,0.03333333333333333,0.05999999999999999,13,8.05655876248748,
30,0.3,0.5666666666666667,0.13333333333333333,0.1111111111111111,0.0,0.03333333333333333,risktriage,0.03333333333333333,0.05999999999999999,13,8.05655876248748,
30,0.26666666666666666,0.5666666666666667,0.16666666666666666,0.125,0.0,0.03333333333333333,crc,0.03333333333333333,0.06666666666666667,13,10.343171697081907,
30,0.26666666666666666,0.5666666666666667,0.16666666666666666,0.125,0.0,0.03333333333333333,rac,0.03333333333333333,0.06666666666666667,13,10.343171697081907,
30,0.26666666666666666,0.5666666666666667,0.16666666666666666,0.125,0.0,0.03333333333333333,rac_interval_cost,0.03333333333333333,0.06666666666666667,13,10.343171697081907,
30,0.3,0.5666666666666667,0.13333333333333333,0.1111111111111111,0.0,0.03333333333333333,risktriage,0.03333333333333333,0.05999999999999999,13,10.343171697081907,
30,0.2,0.5666666666666667,0.23333333333333334,0.0,0.0,0.0,crc,0.0,0.04666666666666666,13,13.278771235857707,
30,0.2,0.5666666666666667,0.23333333333333334,0.0,0.0,0.0,rac,0.0,0.04666666666666666,13,13.278771235857707,
30,0.2,0.5666666666666667,0.23333333333333334,0.0,0.0,0.0,rac_interval_cost,0.0,0.04666666666666666,13,13.278771235857707,
30,0.23333333333333334,0.5666666666666667,0.2,0.14285714285714285,0.0,0.03333333333333333,risktriage,0.03333333333333333,0.07333333333333333,13,13.278771235857707,
30,0.16666666666666666,0.5333333333333333,0.3,0.0,0.0,0.0,crc,0.0,0.060000000000000005,13,17.047552791179974,
30,0.16666666666666666,0.5333333333333333,0.3,0.0,0.0,0.0,rac,0.0,0.060000000000000005,13,17.047552791179974,
30,0.16666666666666666,0.5333333333333333,0.3,0.0,0.0,0.0,rac_interval_cost,0.0,0.060000000000000005,13,17.047552791179974,
30,0.16666666666666666,0.5666666666666667,0.26666666666666666,0.0,0.0,0.0,risktriage,0.0,0.05333333333333334,13,17.047552791179974,
30,0.13333333333333333,0.4666666666666667,0.4,0.0,0.0,0.0,crc,0.0,0.08000000000000002,13,21.885990127104993,
30,0.13333333333333333,0.4666666666666667,0.4,0.0,0.0,0.0,rac,0.0,0.08000000000000002,13,21.885990127104993,
30,0.13333333333333333,0.4666666666666667,0.4,0.0,0.0,0.0,rac_interval_cost,0.0,0.08000000000000002,13,21.885990127104993,
30,0.16666666666666666,0.5,0.3333333333333333,0.0,0.0,0.0,risktriage,0.0,0.06666666666666667,13,21.885990127104993,
30,0.06666666666666667,0.43333333333333335,0.5,0.0,0.0,0.0,crc,0.0,0.10000000000000003,13,28.09767300392584,
30,0.06666666666666667,0.43333333333333335,0.5,0.0,0.0,0.0,rac,0.0,0.10000000000000003,13,28.09767300392584,
30,0.06666666666666667,0.43333333333333335,0.5,0.0,0.0,0.0,rac_interval_cost,0.0,0.10000000000000003,13,28.09767300392584,
30,0.1,0.43333333333333335,0.4666666666666667,0.0,0.0,0.0,risktriage,0.0,0.09333333333333335,13,28.09767300392584,
30,0.06666666666666667,0.36666666666666664,0.5666666666666667,0.0,0.0,0.0,crc,0.0,0.11333333333333336,13,36.072356043778,
30,0.06666666666666667,0.36666666666666664,0.5666666666666667,0.0,0.0,0.0,rac,0.0,0.11333333333333336,13,36.072356043778,
30,0.06666666666666667,0.36666666666666664,0.5666666666666667,0.0,0.0,0.0,rac_interval_cost,0.0,0.11333333333333336,13,36.072356043778,
30,0.06666666666666667,0.4,0.5333333333333333,0.0,0.0,0.0,risktriage,0.0,0.10666666666666669,13,36.072356043778,
30,0.06666666666666667,0.26666666666666666,0.6666666666666666,0.0,0.0,0.0,crc,0.0,0.13333333333333336,13,46.31041404629068,
30,0.06666666666666667,0.26666666666666666,0.6666666666666666,0.0,0.0,0.0,rac,0.0,0.13333333333333336,13,46.31041404629068,
30,0.06666666666666667,0.26666666666666666,0.6666666666666666,0.0,0.0,0.0,rac_interval_cost,0.0,0.13333333333333336,13,46.31041404629068,
30,0.06666666666666667,0.3333333333333333,0.6,0.0,0.0,0.0,risktriage,0.0,0.12000000000000002,13,46.31041404629068,
30,0.0,0.13333333333333333,0.8666666666666667,,0.0,0.0,crc,0.0,0.17333333333333337,13,59.454238213220265,
30,0.0,0.13333333333333333,0.8666666666666667,,0.0,0.0,rac,0.0,0.17333333333333337,13,59.454238213220265,
30,0.0,0.13333333333333333,0.8666666666666667,,0.0,0.0,rac_interval_cost,0.0,0.17333333333333337,13,59.454238213220265,
30,0.03333333333333333,0.16666666666666666,0.8,0.0,0.0,0.0,risktriage,0.0,0.16000000000000003,13,59.454238213220265,
30,0.0,0.1,0.9,,0.0,0.0,crc,0.0,0.18000000000000005,13,76.3285432512231,
30,0.0,0.1,0.9,,0.0,0.0,rac,0.0,0.18000000000000005,13,76.3285432512231,
30,0.0,0.1,0.9,,0.0,0.0,rac_interval_cost,0.0,0.18000000000000005,13,76.3285432512231,
30,0.0,0.1,0.9,,0.0,0.0,risktriage,0.0,0.18000000000000005,13,76.3285432512231,
30,0.0,0.06666666666666667,0.9333333333333333,,0.0,0.0,crc,0.0,0.1866666666666667,13,97.99211443866994,
30,0.0,0.06666666666666667,0.9333333333333333,,0.0,0.0,rac,0.0,0.1866666666666667,13,97.99211443866994,
30,0.0,0.06666666666666667,0.9333333333333333,,0.0,0.0,rac_interval_cost,0.0,0.1866666666666667,13,97.99211443866994,
30,0.0,0.1,0.9,,0.0,0.0,risktriage,0.0,0.18000000000000005,13,97.99211443866994,
30,0.0,0.06666666666666667,0.9333333333333333,,0.0,0.0,crc,0.0,0.1866666666666667,13,125.80424154770618,
30,0.0,0.06666666666666667,0.9333333333333333,,0.0,0.0,rac,0.0,0.1866666666666667,13,125.80424154770618,
30,0.0,0.06666666666666667,0.9333333333333333,,0.0,0.0,rac_interval_cost,0.0,0.1866666666666667,13,125.80424154770618,
30,0.0,0.06666666666666667,0.9333333333333333,,0.0,0.0,risktriage,0.0,0.1866666666666667,13,125.80424154770618,
30,0.4,0.6,0.0,0.16666666666666666,0.0,0.06666666666666667,uncertainty,0.06666666666666667,0.06666666666666667,13,0.0,
30,0.3333333333333333,0.6,0.06666666666666667,0.1,0.0,0.03333333333333333,uncertainty,0.03333333333333333,0.04666666666666666,13,0.05,
30,0.3333333333333333,0.5666666666666667,0.1,0.1,0.0,0.03333333333333333,uncertainty,0.03333333333333333,0.05333333333333333,13,0.1,
30,0.3,0.5333333333333333,0.16666666666666666,0.0,0.0,0.0,uncertainty,0.0,0.03333333333333333,13,0.15000000000000002,
30,0.3,0.5,0.2,0.0,0.0,0.0,uncertainty,0.0,0.04,13,0.2,
30,0.23333333333333334,0.5,0.26666666666666666,0.0,0.0,0.0,uncertainty,0.0,0.05333333333333333,13,0.25,
30,0.2,0.5,0.3,0.0,0.0,0.0,uncertainty,0.0,0.060000000000000005,13,0.30000000000000004,
30,0.2,0.43333333333333335,0.36666666666666664,0.0,0.0,0.0,uncertainty,0.0,0.07333333333333333,13,0.35000000000000003,
30,0.2,0.4,0.4,0.0,0.0,0.0,uncertainty,0.0,0.08000000000000002,13,0.4,
30,0.16666666666666666,0.36666666666666664,0.4666666666666667,0.0,0.0,0.0,uncertainty,0.0,0.09333333333333335,13,0.45,
30,0.13333333333333333,0.36666666666666664,0.5,0.0,0.0,0.0,uncertainty,0.0,0.10000000000000003,13,0.5,
30,0.13333333333333333,0.3333333333333333,0.5333333333333333,0.0,0.0,0.0,uncertainty,0.0,0.1066666666666667,13,0.55,
30,0.1,0.3,0.6,0.0,0.0,0.0,uncertainty,0.0,0.12000000000000004,13,0.6000000000000001,
30,0.1,0.23333333333333334,0.6666666666666666,0.0,0.0,0.0,uncertainty,0.0,0.13333333333333336,13,0.65,
30,0.1,0.2,0.7,0.0,0.0,0.0,uncertainty,0.0,0.14000000000000004,13,0.7000000000000001,
30,0.1,0.16666666666666666,0.7333333333333333,0.0,0.0,0.0,uncertainty,0.0,0.1466666666666667,13,0.75,
30,0.1,0.1,0.8,0.0,0.0,0.0,uncertainty,0.0,0.16000000000000003,13,0.8,
30,0.03333333333333333,0.1,0.8666666666666667,0.0,0.0,0.0,uncertainty,0.0,0.17333333333333337,13,0.8500000000000001,
30,0.03333333333333333,0.06666666666666667,0.9,0.0,0.0,0.0,uncertainty,0.0,0.18000000000000005,13,0.9,
30,0.0,0.03333333333333333,0.9666666666666667,,0.0,0.0,uncertainty,0.0,0.19333333333333338,13,0.9500000000000001,
30,0.0,0.0,1.0,,,0.0,uncertainty,0.0,0.20000000000000007,13,1.0,
30,0.0,0.06666666666666667,0.9333333333333333,,0.0,0.0,split_cp,0.0,0.1866666666666667,13,0.02,1.0
30,0.0,0.06666666666666667,0.9333333333333333,,0.0,0.0,split_cp,0.0,0.1866666666666667,13,0.05,1.0
30,0.0,0.06666666666666667,0.9333333333333333,,0.0,0.0,split_cp,0.0,0.1866666666666667,13,0.08,1.0
30,0.0,0.13333333333333333,0.8666666666666667,,0.0,0.0,split_cp,0.0,0.17333333333333337,13,0.11,1.0
30,0.03333333333333333,0.16666666666666666,0.8,0.0,0.0,0.0,split_cp,0.0,0.16000000000000003,13,0.13999999999999999,1.0
30,0.06666666666666667,0.36666666666666664,0.5666666666666667,0.0,0.0,0.0,split_cp,0.0,0.11333333333333336,13,0.16999999999999998,0.9333333333333333
30,0.06666666666666667,0.36666666666666664,0.5666666666666667,0.0,0.0,0.0,split_cp,0.0,0.11333333333333336,13,0.19999999999999998,0.9333333333333333
30,0.06666666666666667,0.36666666666666664,0.5666666666666667,0.0,0.0,0.0,split_cp,0.0,0.11333333333333336,13,0.22999999999999998,0.9333333333333333
30,0.06666666666666667,0.4,0.5333333333333333,0.0,0.0,0.0,split_cp,0.0,0.10666666666666669,13,0.26,0.9333333333333333
30,0.1,0.43333333333333335,0.4666666666666667,0.0,0.0,0.0,split_cp,0.0,0.09333333333333335,13,0.29000000000000004,0.8666666666666667
30,0.1,0.43333333333333335,0.4666666666666667,0.0,0.0,0.0,split_cp,0.0,0.09333333333333335,13,0.32,0.8666666666666667
30,0.13333333333333333,0.4666666666666667,0.4,0.0,0.0,0.0,split_cp,0.0,0.08000000000000002,13,0.35,0.8333333333333334
30,0.13333333333333333,0.5,0.36666666666666664,0.0,0.0,0.0,split_cp,0.0,0.07333333333333335,13,0.38,0.8
30,0.13333333333333333,0.5,0.36666666666666664,0.0,0.0,0.0,split_cp,0.0,0.07333333333333335,13,0.41000000000000003,0.8
30,0.13333333333333333,0.5,0.36666666666666664,0.0,0.0,0.0,split_cp,0.0,0.07333333333333335,13,0.44,0.8
30,0.13333333333333333,0.5,0.36666666666666664,0.0,0.0,0.0,split_cp,0.0,0.07333333333333335,13,0.47,0.7666666666666667
30,0.13333333333333333,0.5,0.36666666666666664,0.0,0.0,0.0,split_cp,0.0,0.07333333333333335,13,0.5,0.7666666666666667
31,0.2903225806451613,0.7096774193548387,0.0,0.1111111111111111,0.045454545454545456,0.06451612903225806,crc,0.06451612903225806,0.06451612903225806,14,0.0,
31,0.2903225806451613,0.7096774193548387,0.0,0.1111111111111111,0.045454545454545456,0.06451612903225806,rac,0.06451612903225806,0.06451612903225806,14,0.0,
31,0.2903225806451613,0.7096774193548387,0.0,0.1111111111111111,0.045454545454545456,0.06451612903225806,rac_interval_cost,0.06451612903225806,0.06451612903225806,14,0.0,
31,0.2903225806451613,0.7096774193548387,0.0,0.1111111111111111,0.045454545454545456,0.06451612903225806,risktriage,0.06451612903225806,0.06451612903225806,14,0.0,
31,0.2903225806451613,0.7096774193548387,0.0,0.1111111111111111,0.045454545454545456,0.06451612903225806,crc,0.06451612903225806,0.06451612903225806,14,0.001,
31,0.2903225806451613,0.7096774193548387,0.0,0.1111111111111111,0.045454545454545456,0.06451612903225806,rac,0.06451612903225806,0.06451612903225806,14,0.001,
31,0.2903225806451613,0.7096774193548387,0.0,0.1111111111111111,0.045454545454545456,0.06451612903225806,rac_interval_cost,0.06451612903225806,0.06451612903225806,14,0.001,
31,0.2903225806451613,0.7096774193548387,0.0,0.1111111111111111,0.045454545454545456,0.06451612903225806,risktriage,0.06451612903225806,0.06451612903225806,14,0.001,
31,0.2903225806451613,0.7096774193548387,0.0,0.1111111111111111,0.045454545454545456,0.06451612903225806,crc,0.06451612903225806,0.06451612903225806,14,0.0012708029505550068,
31,0.2903225806451613,0.7096774193548387,0.0,0.1111111111111111,0.045454545454545456,0.06451612903225806,rac,0.06451612903225806,0.06451612903225806,14,0.0012708029505550068,
31,0.2903225806451613,0.7096774193548387,0.0,0.1111111111111111,0.045454545454545456,0.06451612903225806,rac_interval_cost,0.06451612903225806,0.06451612903225806,14,0.0012708029505550068,
31,0.2903225806451613,0.7096774193548387,0.0,0.1111111111111111,0.045454545454545456,0.06451612903225806,risktriage,0.06451612903225806,0.06451612903225806,14,0.0012708029505550068,
31,0.2903225806451613,0.7096774193548387,0.0,0.1111111111111111,0.045454545454545456,0.06451612903225806,crc,0.06451612903225806,0.06451612903225806,14,0.001614940139139313,
31,0.2903225806451613,0.7096774193548387,0.0,0.1111111111111111,0.045454545454545456,0.06451612903225806,rac,0.06451612903225806,0.06451612903225806,14,0.001614940139139313,
31,0.2903225806451613,0.7096774193548387,0.0,0.1111111111111111,0.045454545454545456,0.06451612903225806,rac_interval_cost,0.06451612903225806,0.06451612903225806,14,0.001614940139139313,
31,0.2903225806451613,0.7096774193548387,0.0,0.1111111111111111,0.045454545454545456,0.06451612903225806,risktriage,0.06451612903225806,0.06451612903225806,14,0.001614940139139313,
31,0.2903225806451613,0.7096774193548387,0.0,0.1111111111111111,0.045454545454545456,0.06451612903225806,crc,0.06451612903225806,0.06451612903225806,14,0.002052270693787952,
31,0.2903225806451613,0.7096774193548387,0.0,0.1111111111111111,0.045454545454545456,0.06451612903225806,rac,0.06451612903225806,0.06451612903225806,14,0.002052270693787952,
31,0.2903225806451613,0.7096774193548387,0.0,0.1111111111111111,0.045454545454545456,0.06451612903225806,rac_interval_cost,0.06451612903225806,0.06451612903225806,14,0.002052270693787952,
31,0.2903225806451613,0.7096774193548387,0.0,0.1111111111111111,0.045454545454545456,0.06451612903225806,risktriage,0.06451612903225806,0.06451612903225806,14,0.002052270693787952,
31,0.2903225806451613,0.7096774193548387,0.0,0.1111111111111111,0.045454545454545456,0.06451612903225806,crc,0.06451612903225806,0.06451612903225806,14,0.0026080316530033005,
31,0.2903225806451613,0.7096774193548387,0.0,0.1111111111111111,0.045454545454545456,0.06451612903225806,rac,0.06451612903225806,0.06451612903225806,14,0.0026080316530033005,
31,0.2903225806451613,0.7096774193548387,0.0,0.1111111111111111,0.045454545454545456,0.06451612903225806,rac_interval_cost,0.06451612903225806,0.06451612903225806,14,0.0026080316530033005,
31,0.2903225806451613,0.7096774193548387,0.0,0.1111111111111111,0.045454545454545456,0.06451612903225806,risktriage,0.06451612903225806,0.06451612903225806,14,0.0026080316530033005,
31,0.2903225806451613,0.7096774193548387,0.0,0.1111111111111111,0.045454545454545456,0.06451612903225806,crc,0.06451612903225806,0.06451612903225806,14,0.00331429431977745,
31,0.2903225806451613,0.7096774193548387,0.0,0.1111111111111111,0.045454545454545456,0.06451612903225806,rac,0.06451612903225806,0.06451612903225806,14,0.00331429431977745,
31,0.2903225806451613,0.7096774193548387,0.0,0.1111111111111111,0.045454545454545456,0.06451612903225806,rac_interval_cost,0.06451612903225806,0.06451612903225806,14,0.00331429431977745,
31,0.2903225806451613,0.7096774193548387,0.0,0.1111111111111111,0.045454545454545456,0.06451612903225806,risktriage,0.06451612903225806,0.06451612903225806,14,0.00331429431977745,
31,0.2903225806451613,0.7096774193548387,0.0,0.1111111111111111,0.045454545454545456,0.06451612903225806,crc,0.06451612903225806,0.06451612903225806,14,0.004211815000580882,
31,0.2903225806451613,0.7096774193548387,0.0,0.1111111111111111,0.045454545454545456,0.06451612903225806,rac,0.06451612903225806,0.06451612903225806,14,0.004211815000580882,
31,0.2903225806451613,0.7096774193548387,0.0,0.1111111111111111,0.045454545454545456,0.06451612903225806,rac_interval_cost,0.06451612903225806,0.06451612903225806,14,0.004211815000580882,
31,0.2903225806451613,0.7096774193548387,0.0,0.1111111111111111,0.045454545454545456,0.06451612903225806,risktriage,0.06451612903225806,0.06451612903225806,14,0.004211815000580882,
31,0.2903225806451613,0.7096774193548387,0.0,0.1111111111111111,0.045454545454545456,0.06451612903225806,crc,0.06451612903225806,0.06451612903225806,14,0.005352386929930023,
31,0.2903225806451613,0.7096774193548387,0.0,0.1111111111111111,0.045454545454545456,0.06451612903225806,rac,0.06451612903225806,0.06451612903225806,14,0.005352386929930023,
31,0.2903225806451613,0.7096774193548387,0.0,0.1111111111111111,0.045454545454545456,0.06451612903225806,rac_interval_cost,0.06451612903225806,0.06451612903225806,14,0.005352386929930023,
31,0.2903225806451613,0.7096774193548387,0.0,0.1111111111111111,0.045454545454545456,0.06451612903225806,risktriage,0.06451612903225806,0.06451612903225806,14,0.005352386929930023,
31,0.2903225806451613,0.7096774193548387,0.0,0.1111111111111111,0.045454545454545456,0.06451612903225806,crc,0.06451612903225806,0.06451612903225806,14,0.006801829103067136,
31,0.2903225806451613,0.7096774193548387,0.0,0.1111111111111111,0.045454545454545456,0.06451612903225806,rac,0.06451612903225806,0.06451612903225806,14,0.006801829103067136,
31,0.2903225806451613,0.7096774193548387,0.0,0.1111111111111111,0.045454545454545456,0.06451612903225806,rac_interval_cost,0.06451612903225806,0.06451612903225806,14,0.006801829103067136,
31,0.2903225806451613,0.7096774193548387,0.0,0.1111111111111111,0.045454545454545456,0.06451612903225806,risktriage,0.06451612903225806,0.06451612903225806,14,0.006801829103067136,
31,0.2903225806451613,0.7096774193548387,0.0,0.1111111111111111,0.045454545454545456,0.06451612903225806,crc,0.06451612903225806,0.06451612903225806,14,0.008643784493348633,
31,0.2903225806451613,0.7096774193548387,0.0,0.1111111111111111,0.045454545454545456,0.06451612903225806,rac,0.06451612903225806,0.06451612903225806,14,0.008643784493348633,
31,0.2903225806451613,0.7096774193548387,0.0,0.1111111111111111,0.045454545454545456,0.06451612903225806,rac_interval_cost,0.06451612903225806,0.06451612903225806,14,0.008643784493348633,
31,0.2903225806451613,0.7096774193548387,0.0,0.1111111111111111,0.045454545454545456,0.06451612903225806,risktriage,0.06451612903225806,0.06451612903225806,14,0.008643784493348633,
31,0.2903225806451613,0.7096774193548387,0.0,0.1111111111111111,0.045454545454545456,0.06451612903225806,crc,0.06451612903225806,0.06451612903225806,14,0.010984546838109063,
31,0.2903225806451613,0.7096774193548387,0.0,0.1111111111111111,0.045454545454545456,0.06451612903225806,rac,0.06451612903225806,0.06451612903225806,14,0.010984546838109063,
31,0.2903225806451613,0.7096774193548387,0.0,0.1111111111111111,0.045454545454545456,0.06451612903225806,rac_interval_cost,0.06451612903225806,0.06451612903225806,14,0.010984546838109063,
31,0.2903225806451613,0.7096774193548387,0.0,0.1111111111111111,0.045454545454545456,0.06451612903225806,risktriage,0.06451612903225806,0.06451612903225806,14,0.010984546838109063,
31,0.2903225806451613,0.7096774193548387,0.0,0.1111111111111111,0.045454545454545456,0.06451612903225806,crc,0.06451612903225806,0.06451612903225806,14,0.013959194532378675,
31,0.2903225806451613,0.7096774193548387,0.0,0.1111111111111111,0.045454545454545456,0.06451612903225806,rac,0.06451612903225806,0.06451612903225806,14,0.013959194532378675,
31,0.2903225806451613,0.7096774193548387,0.0,0.1111111111111111,0.045454545454545456,0.06451612903225806,rac_interval_cost,0.06451612903225806,0.06451612903225806,14,0.013959194532378675,
31,0.2903225806451613,0.7096774193548387,0.0,0.1111111111111111,0.045454545454545456,0.06451612903225806,risktriage,0.06451612903225806,0.06451612903225806,14,0.013959194532378675,
31,0.2903225806451613,0.7096774193548387,0.0,0.1111111111111111,0.045454545454545456,0.06451612903225806,crc,0.06451612903225806,0.06451612903225806,14,0.01773938559911814,
31,0.2903225806451613,0.7096774193548387,0.0,0.1111111111111111,0.045454545454545456,0.06451612903225806,rac,0.06451612903225806,0.06451612903225806,14,0.01773938559911814,
31,0.2903225806451613,0.7096774193548387,0.0,0.1111111111111111,0.045454545454545456,0.06451612903225806,rac_interval_cost,0.06451612903225806,0.06451612903225806,14,0.01773938559911814,
31,0.2903225806451613,0.7096774193548387,0.0,0.1111111111111111,0.045454545454545456,0.06451612903225806,risktriage,0.06451612903225806,0.06451612903225806,14,0.01773938559911814,
31,0.2903225806451613,0.7096774193548387,0.0,0.1111111111111111,0.045454545454545456,0.06451612903225806,crc,0.06451612903225806,0.06451612903225806,14,0.022543263560392345,
31,0.2903225806451613,0.7096774193548387,0.0,0.1111111111111111,0.045454545454545456,0.06451612903225806,rac,0.06451612903225806,0.06451612903225806,14,0.022543263560392345,
31,0.2903225806451613,0.7096774193548387,0.0,0.1111111111111111,0.045454545454545456,0.06451612903225806,rac_interval_cost,0.06451612903225806,0.06451612903225806,14,0.022543263560392345,
31,0.2903225806451613,0.7096774193548387,0.0,0.1111111111111111,0.045454545454545456,0.06451612903225806,risktriage,0.06451612903225806,0.06451612903225806,14,0.022543263560392345,
31,0.2903225806451613,0.7096774193548387,0.0,0.1111111111111111,0.045454545454545456,0.06451612903225806,crc,0.06451612903225806,0.06451612903225806,14,0.028648045847685773,
31,0.2903225806451613,0.7096774193548387,0.0,0.1111111111111111,0.045454545454545456,0.06451612903225806,rac,0.06451612903225806,0.06451612903225806,14,0.028648045847685773,
31,0.2903225806451613,0.7096774193548387,0.0,0.1111111111111111,0.045454545454545456,0.06451612903225806,rac_interval_cost,0.06451612903225806,0.06451612903225806,14,0.028648045847685773,
31,0.2903225806451613,0.7096774193548387,0.0,0.1111111111111111,0.045454545454545456,0.06451612903225806,risktriage,0.06451612903225806,0.06451612903225806,14,0.028648045847685773,
31,0.2903225806451613,0.7096774193548387,0.0,0.1111111111111111,0.045454545454545456,0.06451612903225806,crc,0.06451612903225806,0.06451612903225806,14,0.036406021190874195,
31,0.2903225806451613,0.7096774193548387,0.0,0.1111111111111111,0.045454545454545456,0.06451612903225806,rac,0.06451612903225806,0.06451612903225806,14,0.036406021190874195,
31,0.2903225806451613,0.7096774193548387,0.0,0.1111111111111111,0.045454545454545456,0.06451612903225806,rac_interval_cost,0.06451612903225806,0.06451612903225806,14,0.036406021190874195,
31,0.2903225806451613,0.7096774193548387,0.0,0.1111111111111111,0.045454545454545456,0.06451612903225806,risktriage,0.06451612903225806,0.06451612903225806,14,0.036406021190874195,
31,0.2903225806451613,0.7096774193548387,0.0,0.1111111111111111,0.045454545454545456,0.06451612903225806,crc,0.06451612903225806,0.06451612903225806,14,0.04626487914733106,
31,0.2903225806451613,0.7096774193548387,0.0,0.1111111111111111,0.045454545454545456,0.06451612903225806,rac,0.06451612903225806,0.06451612903225806,14,0.04626487914733106,
31,0.2903225806451613,0.7096774193548387,0.0,0.1111111111111111,0.045454545454545456,0.06451612903225806,rac_interval_cost,0.06451612903225806,0.06451612903225806,14,0.04626487914733106,
31,0.2903225806451613,0.7096774193548387,0.0,0.1111111111111111,0.045454545454545456,0.06451612903225806,risktriage,0.06451612903225806,0.06451612903225806,14,0.04626487914733106,
31,0.2903225806451613,0.7096774193548387,0.0,0.1111111111111111,0.045454545454545456,0.06451612903225806,crc,0.06451612903225806,0.06451612903225806,14,0.05879354492749915,
31,0.2903225806451613,0.7096774193548387,0.0,0.1111111111111111,0.045454545454545456,0.06451612903225806,rac,0.06451612903225806,0.06451612903225806,14,0.05879354492749915,
31,0.2903225806451613,0.7096774193548387,0.0,0.1111111111111111,0.045454545454545456,0.06451612903225806,rac_interval_cost,0.06451612903225806,0.06451612903225806,14,0.05879354492749915,
31,0.2903225806451613,0.7096774193548387,0.0,0.1111111111111111,0.045454545454545456,0.06451612903225806,risktriage,0.06451612903225806,0.06451612903225806,14,0.05879354492749915,
31,0.2903225806451613,0.7096774193548387,0.0,0.1111111111111111,0.045454545454545456,0.06451612903225806,crc,0.06451612903225806,0.06451612903225806,14,0.07471501036745427,
31,0.2903225806451613,0.7096774193548387,0.0,0.1111111111111111,0.045454545454545456,0.06451612903225806,rac,0.06451612903225806,0.06451612903225806,14,0.07471501036745427,
31,0.2903225806451613,0.7096774193548387,0.0,0.1111111111111111,0.045454545454545456,0.06451612903225806,rac_interval_cost,0.06451612903225806,0.06451612903225806,14,0.07471501036745427,
31,0.2903225806451613,0.7096774193548387,0.0,0.1111111111111111,0.045454545454545456,0.06451612903225806,risktriage,0.06451612903225806,0.06451612903225806,14,0.07471501036745427,
31,0.2903225806451613,0.7096774193548387,0.0,0.1111111111111111,0.045454545454545456,0.06451612903225806,crc,0.06451612903225806,0.06451612903225806,14,0.09494805562570888,
31,0.2903225806451613,0.7096774193548387,0.0,0.1111111111111111,0.045454545454545456,0.06451612903225806,rac,0.06451612903225806,0.06451612903225806,14,0.09494805562570888,
31,0.2903225806451613,0.7096774193548387,0.0,0.1111111111111111,0.045454545454545456,0.06451612903225806,rac_interval_cost,0.06451612903225806,0.06451612903225806,14,0.09494805562570888,
31,0.2903225806451613,0.7096774193548387,0.0,0.1111111111111111,0.045454545454545456,0.06451612903225806,risktriage,0.06451612903225806,0.06451612903225806,14,0.09494805562570888,
31,0.2903225806451613,0.7096774193548387,0.0,0.1111111111111111,0.045454545454545456,0.06451612903225806,crc,0.06451612903225806,0.06451612903225806,14,0.12066026923861181,
31,0.2903225806451613,0.7096774193548387,0.0,0.1111111111111111,0.045454545454545456,0.06451612903225806,rac,0.06451612903225806,0.06451612903225806,14,0.12066026923861181,
31,0.2903225806451613,0.7096774193548387,0.0,0.1111111111111111,0.045454545454545456,0.06451612903225806,rac_interval_cost,0.06451612903225806,0.06451612903225806,14,0.12066026923861181,
31,0.2903225806451613,0.7096774193548387,0.0,0.1111111111111111,0.045454545454545456,0.06451612903225806,risktriage,0.06451612903225806,0.06451612903225806,14,0.12066026923861181,
31,0.2903225806451613,0.7096774193548387,0.0,0.1111111111111111,0.045454545454545456,0.06451612903225806,crc,0.06451612903225806,0.06451612903225806,14,0.15333542616318943,
31,0.2903225806451613,0.7096774193548387,0.0,0.1111111111111111,0.045454545454545456,0.06451612903225806,rac,0.06451612903225806,0.06451612903225806,14,0.15333542616318943,
31,0.2903225806451613,0.7096774193548387,0.0,0.1111111111111111,0.045454545454545456,0.06451612903225806,rac_interval_cost,0.06451612903225806,0.06451612903225806,14,0.15333542616318943,
31,0.2903225806451613,0.7096774193548387,0.0,0.1111111111111111,0.045454545454545456,0.06451612903225806,risktriage,0.06451612903225806,0.06451612903225806,14,0.15333542616318943,
31,0.2903225806451613,0.7096774193548387,0.0,0.1111111111111111,0.045454545454545456,0.06451612903225806,crc,0.06451612903225806,0.06451612903225806,14,0.1948591119927907,
31,0.2903225806451613,0.7096774193548387,0.0,0.1111111111111111,0.045454545454545456,0.06451612903225806,rac,0.06451612903225806,0.06451612903225806,14,0.1948591119927907,
31,0.2903225806451613,0.7096774193548387,0.0,0.1111111111111111,0.045454545454545456,0.06451612903225806,rac_interval_cost,0.06451612903225806,0.06451612903225806,14,0.1948591119927907,
31,0.2903225806451613,0.7096774193548387,0.0,0.1111111111111111,0.045454545454545456,0.06451612903225806,risktriage,0.06451612903225806,0.06451612903225806,14,0.1948591119927907,
31,0.2903225806451613,0.7096774193548387,0.0,0.1111111111111111,0.045454545454545456,0.06451612903225806,crc,0.06451612903225806,0.06451612903225806,14,0.24762753446296698,
31,0.2903225806451613,0.7096774193548387,0.0,0.1111111111111111,0.045454545454545456,0.06451612903225806,rac,0.06451612903225806,0.06451612903225806,14,0.24762753446296698,
31,0.2903225806451613,0.7096774193548387,0.0,0.1111111111111111,0.045454545454545456,0.06451612903225806,rac_interval_cost,0.06451612903225806,0.06451612903225806,14,0.24762753446296698,
31,0.2903225806451613,0.7096774193548387,0.0,0.1111111111111111,0.045454545454545456,0.06451612903225806,risktriage,0.06451612903225806,0.06451612903225806,14,0.24762753446296698,
31,0.2903225806451613,0.7096774193548387,0.0,0.1111111111111111,0.045454545454545456,0.06451612903225806,crc,0.06451612903225806,0.06451612903225806,14,0.3146858014342001,
31,0.2903225806451613,0.7096774193548387,0.0,0.1111111111111111,0.045454545454545456,0.06451612903225806,rac,0.06451612903225806,0.06451612903225806,14,0.3146858014342001,
31,0.2903225806451613,0.7096774193548387,0.0,0.1111111111111111,0.045454545454545456,0.06451612903225806,rac_interval_cost,0.06451612903225806,0.06451612903225806,14,0.3146858014342001,
31,0.2903225806451613,0.7096774193548387,0.0,0.1111111111111111,0.045454545454545456,0.06451612903225806,risktriage,0.06451612903225806,0.06451612903225806,14,0.3146858014342001,
31,0.2903225806451613,0.7096774193548387,0.0,0.1111111111111111,0.045454545454545456,0.06451612903225806,crc,0.06451612903225806,0.06451612903225806,14,0.3999036449603489,
31,0.2903225806451613,0.7096774193548387,0.0,0.1111111111111111,0.045454545454545456,0.06451612903225806,rac,0.06451612903225806,0.06451612903225806,14,0.3999036449603489,
31,0.2903225806451613,0.7096774193548387,0.0,0.1111111111111111,0.045454545454545456,0.06451612903225806,rac_interval_cost,0.06451612903225806,0.06451612903225806,14,0.3999036449603489,
31,0.2903225806451613,0.7096774193548387,0.0,0.1111111111111111,0.045454545454545456,0.06451612903225806,risktriage,0.06451612903225806,0.06451612903225806,14,0.3999036449603489,
31,0.2903225806451613,0.7096774193548387,0.0,0.1111111111111111,0.045454545454545456,0.06451612903225806,crc,0.06451612903225806,0.06451612903225806,14,0.5081987319533133,
31,0.2903225806451613,0.7096774193548387,0.0,0.1111111111111111,0.045454545454545456,0.06451612903225806,rac,0.06451612903225806,0.06451612903225806,14,0.5081987319533133,
31,0.2903225806451613,0.7096774193548387,0.0,0.1111111111111111,0.045454545454545456,0.06451612903225806,rac_interval_cost,0.06451612903225806,0.06451612903225806,14,0.5081987319533133,
31,0.2903225806451613,0.7096774193548387,0.0,0.1111111111111111,0.045454545454545456,0.06451612903225806,risktriage,0.06451612903225806,0.06451612903225806,14,0.5081987319533133,
31,0.2903225806451613,0.7096774193548387,0.0,0.1111111111111111,0.045454545454545456,0.06451612903225806,crc,0.06451612903225806,0.06451612903225806,14,0.6458204480345836,
31,0.2903225806451613,0.7096774193548387,0.0,0.1111111111111111,0.045454545454545456,0.06451612903225806,rac,0.06451612903225806,0.06451612903225806,14,0.6458204480345836,
31,0.2903225806451613,0.7096774193548387,0.0,0.1111111111111111,0.045454545454545456,0.06451612903225806,rac_interval_cost,0.06451612903225806,0.06451612903225806,14,0.6458204480345836,
31,0.2903225806451613,0.7096774193548387,0.0,0.1111111111111111,0.045454545454545456,0.06451612903225806,risktriage,0.06451612903225806,0.06451612903225806,14,0.6458204480345836,
31,0.2903225806451613,0.7096774193548387,0.0,0.1111111111111111,0.045454545454545456,0.06451612903225806,crc,0.06451612903225806,0.06451612903225806,14,0.8207105308911061,
31,0.2903225806451613,0.7096774193548387,0.0,0.1111111111111111,0.045454545454545456,0.06451612903225806,rac,0.06451612903225806,0.06451612903225806,14,0.8207105308911061,
31,0.2903225806451613,0.7096774193548387,0.0,0.1111111111111111,0.045454545454545456,0.06451612903225806,rac_interval_cost,0.06451612903225806,0.06451612903225806,14,0.8207105308911061,
31,0.2903225806451613,0.7096774193548387,0.0,0.1111111111111111,0.045454545454545456,0.06451612903225806,risktriage,0.06451612903225806,0.06451612903225806,14,0.8207105308911061,
31,0.2903225806451613,0.7096774193548387,0.0,0.1111111111111111,0.045454545454545456,0.06451612903225806,crc,0.06451612903225806,0.06451612903225806,14,1.0429613642079838,
31,0.2903225806451613,0.7096774193548387,0.0,0.1111111111111111,0.045454545454545456,0.06451612903225806,rac,0.06451612903225806,0.06451612903225806,14,1.0429613642079838,
31,0.2903225806451613,0.7096774193548387,0.0,0.1111111111111111,0.045454545454545456,0.06451612903225806,rac_interval_cost,0.06451612903225806,0.06451612903225806,14,1.0429613642079838,
31,0.2903225806451613,0.7096774193548387,0.0,0.1111111111111111,0.045454545454545456,0.06451612903225806,risktriage,0.06451612903225806,0.06451612903225806,14,1.0429613642079838,
31,0.2903225806451613,0.7096774193548387,0.0,0.1111111111111111,0.045454545454545456,0.06451612903225806,crc,0.06451612903225806,0.06451612903225806,14,1.325398378950381,
31,0.2903225806451613,0.7096774193548387,0.0,0.1111111111111111,0.045454545454545456,0.06451612903225806,rac,0.06451612903225806,0.06451612903225806,14,1.325398378950381,
31,0.2903225806451613,0.7096774193548387,0.0,0.1111111111111111,0.045454545454545456,0.06451612903225806,rac_interval_cost,0.06451612903225806,0.06451612903225806,14,1.325398378950381,
31,0.2903225806451613,0.7096774193548387,0.0,0.1111111111111111,0.045454545454545456,0.06451612903225806,risktriage,0.06451612903225806,0.06451612903225806,14,1.325398378950381,
31,0.2903225806451613,0.7096774193548387,0.0,0.1111111111111111,0.045454545454545456,0.06451612903225806,crc,0.06451612903225806,0.06451612903225806,14,1.684320170630969,
31,0.2903225806451613,0.7096774193548387,0.0,0.1111111111111111,0.045454545454545456,0.06451612903225806,rac,0.06451612903225806,0.06451612903225806,14,1.684320170630969,
31,0.2903225806451613,0.7096774193548387,0.0,0.1111111111111111,0.045454545454545456,0.06451612903225806,rac_interval_cost,0.06451612903225806,0.06451612903225806,14,1.684320170630969,
31,0.2903225806451613,0.7096774193548387,0.0,0.1111111111111111,0.045454545454545456,0.06451612903225806,risktriage,0.06451612903225806,0.06451612903225806,14,1.684320170630969,
31,0.25806451612903225,0.7096774193548387,0.03225806451612903,0.125,0.045454545454545456,0.06451612903225806,crc,0.06451612903225806,0.07096774193548387,14,2.1404390425171482,
31,0.25806451612903225,0.7096774193548387,0.03225806451612903,0.125,0.045454545454545456,0.06451612903225806,rac,0.06451612903225806,0.07096774193548387,14,2.1404390425171482,
31,0.25806451612903225,0.7096774193548387,0.03225806451612903,0.125,0.045454545454545456,0.06451612903225806,rac_interval_cost,0.06451612903225806,0.07096774193548387,14,2.1404390425171482,
31,0.2903225806451613,0.7096774193548387,0.0,0.1111111111111111,0.045454545454545456,0.06451612903225806,risktriage,0.06451612903225806,0.06451612903225806,14,2.1404390425171482,
31,0.25806451612903225,0.7096774193548387,0.03225806451612903,0.125,0.045454545454545456,0.06451612903225806,crc,0.06451612903225806,0.07096774193548387,14,2.7200762507139253,
31,0.25806451612903225,0.7096774193548387,0.03225806451612903,0.125,0.045454545454545456,0.06451612903225806,rac,0.06451612903225806,0.07096774193548387,14,2.7200762507139253,
31,0.25806451612903225,0.7096774193548387,0.03225806451612903,0.125,0.045454545454545456,0.06451612903225806,rac_interval_cost,0.06451612903225806,0.07096774193548387,14,2.7200762507139253,
31,0.25806451612903225,0.7096774193548387,0.03225806451612903,0.125,0.045454545454545456,0.06451612903225806,risktriage,0.06451612903225806,0.07096774193548387,14,2.7200762507139253,
31,0.22580645161290322,0.6774193548387096,0.0967741935483871,0.14285714285714285,0.047619047619047616,0.06451612903225806,crc,0.06451612903225806,0.08387096774193548,14,3.456680925141861,
31,0.22580645161290322,0.6774193548387096,0.0967741935483871,0.14285714285714285,0.047619047619047616,0.06451612903225806,rac,0.06451612903225806,0.08387096774193548,14,3.456680925141861,
31,0.22580645161290322,0.6774193548387096,0.0967741935483871,0.14285714285714285,0.047619047619047616,0.06451612903225806,rac_interval_cost,0.06451612903225806,0.08387096774193548,14,3.456680925141861,
31,0.25806451612903225,0.7096774193548387,0.03225806451612903,0.125,0.045454545454545456,0.06451612903225806,risktriage,0.06451612903225806,0.07096774193548387,14,3.456680925141861,
31,0.22580645161290322,0.6451612903225806,0.12903225806451613,0.14285714285714285,0.0,0.03225806451612903,crc,0.03225806451612903,0.05806451612903226,14,4.392760318797488,
31,0.22580645161290322,0.6451612903225806,0.12903225806451613,0.14285714285714285,0.0,0.03225806451612903,rac,0.03225806451612903,0.05806451612903226,14,4.392760318797488,
31,0.22580645161290322,0.6451612903225806,0.12903225806451613,0.14285714285714285,0.0,0.03225806451612903,rac_interval_cost,0.03225806451612903,0.05806451612903226,14,4.392760318797488,
31,0.22580645161290322,0.6774193548387096,0.0967741935483871,0.14285714285714285,0.047619047619047616,0.06451612903225806,risktriage,0.06451612903225806,0.08387096774193548,14,4.392760318797488,
31,0.1935483870967742,0.6451612903225806,0.16129032258064516,0.16666666666666666,0.0,0.03225806451612903,crc,0.03225806451612903,0.06451612903225806,14,5.5823327742088,
31,0.1935483870967742,0.6451612903225806,0.16129032258064516,0.16666666666666666,0.0,0.03225806451612903,rac,0.03225806451612903,0.06451612903225806,14,5.5823327742088,
31,0.1935483870967742,0.6451612903225806,0.16129032258064516,0.16666666666666666,0.0,0.03225806451612903,rac_interval_cost,0.03225806451612903,0.06451612903225806,14,5.5823327742088,
31,0.22580645161290322,0.6451612903225806,0.12903225806451613,0.14285714285714285,0.0,0.03225806451612903,risktriage,0.03225806451612903,0.05806451612903226,14,5.5823327742088,
31,0.1935483870967742,0.6129032258064516,0.1935483870967742,0.16666666666666666,0.0,0.03225806451612903,crc,0.03225806451612903,0.07096774193548387,14,7.094044960444467,
31,0.1935483870967742,0.6129032258064516,0.1935483870967742,0.16666666666666666,0.0,0.03225806451612903,rac,0.03225806451612903,0.07096774193548387,14,7.094044960444467,
31,0.1935483870967742,0.6129032258064516,0.1935483870967742,0.16666666666666666,0.0,0.03225806451612903,rac_interval_cost,0.03225806451612903,0.07096774193548387,14,7.094044960444467,
31,0.1935483870967742,0.6451612903225806,0.16129032258064516,0.16666666666666666,0.0,0.03225806451612903,risktriage,0.03225806451612903,0.06451612903225806,14,7.094044960444467,
31,0.12903225806451613,0.6129032258064516,0.25806451612903225,0.0,0.0,0.0,crc,0.0,0.051612903225806445,14,9.015133267102707,
31,0.12903225806451613,0.6129032258064516,0.25806451612903225,0.0,0.0,0.0,rac,0.0,0.051612903225806445,14,9.015133267102707,
31,0.12903225806451613,0.6129032258064516,0.25806451612903225,0.0,0.0,0.0,rac_interval_cost,0.0,0.051612903225806445,14,9.015133267102707,
31,0.16129032258064516,0.6129032258064516,0.22580645161290322,0.2,0.0,0.03225806451612903,risktriage,0.03225806451612903,0.0774193548387097,14,9.015133267102707,
31,0.12903225806451613,0.5806451612903226,0.2903225806451613,0.0,0.0,0.0,crc,0.0,0.05806451612903226,14,11.45645795548073,
31,0.12903225806451613,0.5806451612903226,0.2903225806451613,0.0,0.0,0.0,rac,0.0,0.05806451612903226,14,11.45645795548073,
31,0.12903225806451613,0.5806451612903226,0.2903225806451613,0.0,0.0,0.0,rac_interval_cost,0.0,0.05806451612903226,14,11.45645795548073,
31,0.12903225806451613,0.6129032258064516,0.25806451612903225,0.0,0.0,0.0,risktriage,0.0,0.051612903225806445,14,11.45645795548073,
31,0.0967741935483871,0.5161290322580645,0.3870967741935484,0.0,0.0,0.0,crc,0.0,0.07741935483870971,14,14.558900572734293,
31,0.0967741935483871,0.5161290322580645,0.3870967741935484,0.0,0.0,0.0,rac,0.0,0.07741935483870971,14,14.558900572734293,
31,0.0967741935483871,0.5161290322580645,0.3870967741935484,0.0,0.0,0.0,rac_interval_cost,0.0,0.07741935483870971,14,14.558900572734293,
31,0.12903225806451613,0.5483870967741935,0.3225806451612903,0.0,0.0,0.0,risktriage,0.0,0.06451612903225806,14,14.558900572734293,
31,0.06451612903225806,0.41935483870967744,0.5161290322580645,0.0,0.0,0.0,crc,0.0,0.10322580645161292,14,18.501493804667717,
31,0.06451612903225806,0.41935483870967744,0.5161290322580645,0.0,0.0,0.0,rac,0.0,0.10322580645161292,14,18.501493804667717,
31,0.06451612903225806,0.41935483870967744,0.5161290322580645,0.0,0.0,0.0,rac_interval_cost,0.0,0.10322580645161292,14,18.501493804667717,
31,0.0967741935483871,0.5161290322580645,0.3870967741935484,0.0,0.0,0.0,risktriage,0.0,0.07741935483870971,14,18.501493804667717,
31,0.06451612903225806,0.2903225806451613,0.6451612903225806,0.0,0.0,0.0,crc,0.0,0.12903225806451615,14,23.511752916646916,
31,0.06451612903225806,0.2903225806451613,0.6451612903225806,0.0,0.0,0.0,rac,0.0,0.12903225806451615,14,23.511752916646916,
31,0.06451612903225806,0.2903225806451613,0.6451612903225806,0.0,0.0,0.0,rac_interval_cost,0.0,0.12903225806451615,14,23.511752916646916,
31,0.06451612903225806,0.3225806451612903,0.6129032258064516,0.0,0.0,0.0,risktriage,0.0,0.12258064516129034,14,23.511752916646916,
31,0.06451612903225806,0.1935483870967742,0.7419354838709677,0.0,0.0,0.0,crc,0.0,0.1483870967741936,14,29.87880497919519,
31,0.06451612903225806,0.1935483870967742,0.7419354838709677,0.0,0.0,0.0,rac,0.0,0.1483870967741936,14,29.87880497919519,
31,0.06451612903225806,0.1935483870967742,0.7419354838709677,0.0,0.0,0.0,rac_interval_cost,0.0,0.1483870967741936,14,29.87880497919519,
31,0.06451612903225806,0.25806451612903225,0.6774193548387096,0.0,0.0,0.0,risktriage,0.0,0.13548387096774198,14,29.87880497919519,
31,0.06451612903225806,0.16129032258064516,0.7741935483870968,0.0,0.0,0.0,crc,0.0,0.1548387096774194,14,37.970073526618954,
31,0.06451612903225806,0.16129032258064516,0.7741935483870968,0.0,0.0,0.0,rac,0.0,0.1548387096774194,14,37.970073526618954,
31,0.06451612903225806,0.16129032258064516,0.7741935483870968,0.0,0.0,0.0,rac_interval_cost,0.0,0.1548387096774194,14,37.970073526618954,
31,0.06451612903225806,0.1935483870967742,0.7419354838709677,0.0,0.0,0.0,risktriage,0.0,0.1483870967741936,14,37.970073526618954,
31,0.03225806451612903,0.16129032258064516,0.8064516129032258,0.0,0.0,0.0,crc,0.0,0.16129032258064518,14,48.252481470417926,
31,0.03225806451612903,0.16129032258064516,0.8064516129032258,0.0,0.0,0.0,rac,0.0,0.16129032258064518,14,48.252481470417926,
31,0.03225806451612903,0.16129032258064516,0.8064516129032258,0.0,0.0,0.0,rac_interval_cost,0.0,0.16129032258064518,14,48.252481470417926,
31,0.06451612903225806,0.16129032258064516,0.7741935483870968,0.0,0.0,0.0,risktriage,0.0,0.1548387096774194,14,48.252481470417926,
31,0.03225806451612903,0.12903225806451613,0.8387096774193549,0.0,0.0,0.0,crc,0.0,0.167741935483871,14,61.319395824207895,
31,0.03225806451612903,0.12903225806451613,0.8387096774193549,0.0,0.0,0.0,rac,0.0,0.167741935483871,14,61.319395824207895,
31,0.03225806451612903,0.12903225806451613,0.8387096774193549,0.0,0.0,0.0,rac_interval_cost,0.0,0.167741935483871,14,61.319395824207895,
31,0.03225806451612903,0.16129032258064516,0.8064516129032258,0.0,0.0,0.0,risktriage,0.0,0.16129032258064518,14,61.319395824207895,
31,0.0,0.12903225806451613,0.8709677419354839,,0.0,0.0,crc,0.0,0.1741935483870968,14,77.92486913965374,
31,0.0,0.12903225806451613,0.8709677419354839,,0.0,0.0,rac,0.0,0.1741935483870968,14,77.92486913965374,
31,0.0,0.12903225806451613,0.8709677419354839,,0.0,0.0,rac_interval_cost,0.0,0.1741935483870968,14,77.92486913965374,
31,0.0,0.12903225806451613,0.8709677419354839,,0.0,0.0,risktriage,0.0,0.1741935483870968,14,77.92486913965374,
31,0.2903225806451613,0.7096774193548387,0.0,0.1111111111111111,0.045454545454545456,0.06451612903225806,uncertainty,0.06451612903225806,0.06451612903225806,14,0.0,
31,0.2903225806451613,0.6451612903225806,0.06451612903225806,0.1111111111111111,0.05,0.06451612903225806,uncertainty,0.06451612903225806,0.07741935483870968,14,0.05,
31,0.2903225806451613,0.6129032258064516,0.0967741935483871,0.1111111111111111,0.05263157894736842,0.06451612903225806,uncertainty,0.06451612903225806,0.08387096774193549,14,0.1,
31,0.2903225806451613,0.5483870967741935,0.16129032258064516,0.1111111111111111,0.058823529411764705,0.06451612903225806,uncertainty,0.06451612903225806,0.0967741935483871,14,0.15000000000000002,
31,0.2903225806451613,0.5161290322580645,0.1935483870967742,0.1111111111111111,0.0625,0.06451612903225806,uncertainty,0.06451612903225806,0.1032258064516129,14,0.2,
31,0.25806451612903225,0.4838709677419355,0.25806451612903225,0.125,0.06666666666666667,0.06451612903225806,uncertainty,0.06451612903225806,0.11612903225806451,14,0.25,
31,0.22580645161290322,0.4838709677419355,0.2903225806451613,0.14285714285714285,0.06666666666666667,0.06451612903225806,uncertainty,0.06451612903225806,0.12258064516129032,14,0.30000000000000004,
31,0.22580645161290322,0.41935483870967744,0.3548387096774194,0.14285714285714285,0.07692307692307693,0.06451612903225806,uncertainty,0.06451612903225806,0.13548387096774195,14,0.35000000000000003,
31,0.1935483870967742,0.41935483870967744,0.3870967741935484,0.16666666666666666,0.07692307692307693,0.06451612903225806,uncertainty,0.06451612903225806,0.14193548387096774,14,0.4,
31,0.1935483870967742,0.3548387096774194,0.45161290322580644,0.16666666666666666,0.09090909090909091,0.06451612903225806,uncertainty,0.06451612903225806,0.1548387096774194,14,0.45,
31,0.1935483870967742,0.2903225806451613,0.5161290322580645,0.16666666666666666,0.0,0.03225806451612903,uncertainty,0.03225806451612903,0.13548387096774195,14,0.5,
31,0.16129032258064516,0.2903225806451613,0.5483870967741935,0.2,0.0,0.03225806451612903,uncertainty,0.03225806451612903,0.14193548387096774,14,0.55,
31,0.0967741935483871,0.2903225806451613,0.6129032258064516,0.0,0.0,0.0,uncertainty,0.0,0.12258064516129036,14,0.6000000000000001,
31,0.0967741935483871,0.25806451612903225,0.6451612903225806,0.0,0.0,0.0,uncertainty,0.0,0.12903225806451615,14,0.65,
31,0.0967741935483871,0.1935483870967742,0.7096774193548387,0.0,0.0,0.0,uncertainty,0.0,0.14193548387096774,14,0.7000000000000001,
31,0.0967741935483871,0.16129032258064516,0.7419354838709677,0.0,0.0,0.0,uncertainty,0.0,0.14838709677419357,14,0.75,
31,0.03225806451612903,0.16129032258064516,0.8064516129032258,0.0,0.0,0.0,uncertainty,0.0,0.16129032258064518,14,0.8,
31,0.0,0.16129032258064516,0.8387096774193549,,0.0,0.0,uncertainty,0.0,0.167741935483871,14,0.8500000000000001,
31,0.0,0.0967741935483871,0.9032258064516129,,0.0,0.0,uncertainty,0.0,0.18064516129032263,14,0.9,
31,0.0,0.06451612903225806,0.9354838709677419,,0.0,0.0,uncertainty,0.0,0.18709677419354845,14,0.9500000000000001,
31,0.0,0.0,1.0,,,0.0,uncertainty,0.0,0.20000000000000007,14,1.0,
31,0.03225806451612903,0.12903225806451613,0.8387096774193549,0.0,0.0,0.0,split_cp,0.0,0.167741935483871,14,0.02,0.967741935483871
31,0.03225806451612903,0.12903225806451613,0.8387096774193549,0.0,0.0,0.0,split_cp,0.0,0.167741935483871,14,0.05,0.967741935483871
31,0.03225806451612903,0.12903225806451613,0.8387096774193549,0.0,0.0,0.0,split_cp,0.0,0.167741935483871,14,0.08,0.967741935483871
31,0.03225806451612903,0.16129032258064516,0.8064516129032258,0.0,0.0,0.0,split_cp,0.0,0.16129032258064518,14,0.11,0.9354838709677419
31,0.06451612903225806,0.16129032258064516,0.7741935483870968,0.0,0.0,0.0,split_cp,0.0,0.1548387096774194,14,0.13999999999999999,0.9354838709677419
31,0.06451612903225806,0.16129032258064516,0.7741935483870968,0.0,0.0,0.0,split_cp,0.0,0.1548387096774194,14,0.16999999999999998,0.9354838709677419
31,0.06451612903225806,0.16129032258064516,0.7741935483870968,0.0,0.0,0.0,split_cp,0.0,0.1548387096774194,14,0.19999999999999998,0.9354838709677419
31,0.06451612903225806,0.25806451612903225,0.6774193548387096,0.0,0.0,0.0,split_cp,0.0,0.13548387096774198,14,0.22999999999999998,0.8709677419354839
31,0.06451612903225806,0.2903225806451613,0.6451612903225806,0.0,0.0,0.0,split_cp,0.0,0.12903225806451615,14,0.26,0.8387096774193549
31,0.06451612903225806,0.3225806451612903,0.6129032258064516,0.0,0.0,0.0,split_cp,0.0,0.12258064516129034,14,0.29000000000000004,0.8387096774193549
31,0.06451612903225806,0.3225806451612903,0.6129032258064516,0.0,0.0,0.0,split_cp,0.0,0.12258064516129034,14,0.32,0.8387096774193549
31,0.06451612903225806,0.3225806451612903,0.6129032258064516,0.0,0.0,0.0,split_cp,0.0,0.12258064516129034,14,0.35,0.8387096774193549
31,0.06451612903225806,0.41935483870967744,0.5161290322580645,0.0,0.0,0.0,split_cp,0.0,0.10322580645161292,14,0.38,0.8064516129032258
31,0.06451612903225806,0.41935483870967744,0.5161290322580645,0.0,0.0,0.0,split_cp,0.0,0.10322580645161292,14,0.41000000000000003,0.7741935483870968
31,0.0967741935483871,0.4838709677419355,0.41935483870967744,0.0,0.0,0.0,split_cp,0.0,0.0838709677419355,14,0.44,0.7741935483870968
31,0.12903225806451613,0.5483870967741935,0.3225806451612903,0.0,0.0,0.0,split_cp,0.0,0.06451612903225806,14,0.47,0.7096774193548387
31,0.12903225806451613,0.5483870967741935,0.3225806451612903,0.0,0.0,0.0,split_cp,0.0,0.06451612903225806,14,0.5,0.6774193548387096
31,0.22580645161290322,0.7741935483870968,0.0,0.42857142857142855,0.125,0.1935483870967742,crc,0.1935483870967742,0.1935483870967742,15,0.0,
31,0.22580645161290322,0.7741935483870968,0.0,0.42857142857142855,0.125,0.1935483870967742,rac,0.1935483870967742,0.1935483870967742,15,0.0,
31,0.22580645161290322,0.7741935483870968,0.0,0.42857142857142855,0.125,0.1935483870967742,rac_interval_cost,0.1935483870967742,0.1935483870967742,15,0.0,
31,0.22580645161290322,0.7741935483870968,0.0,0.42857142857142855,0.125,0.1935483870967742,risktriage,0.1935483870967742,0.1935483870967742,15,0.0,
31,0.22580645161290322,0.7741935483870968,0.0,0.42857142857142855,0.125,0.1935483870967742,crc,0.1935483870967742,0.1935483870967742,15,0.001,
31,0.22580645161290322,0.7741935483870968,0.0,0.42857142857142855,0.125,0.1935483870967742,rac,0.1935483870967742,0.1935483870967742,15,0.001,
31,0.22580645161290322,0.7741935483870968,0.0,0.42857142857142855,0.125,0.1935483870967742,rac_interval_cost,0.1935483870967742,0.1935483870967742,15,0.001,
31,0.22580645161290322,0.7741935483870968,0.0,0.42857142857142855,0.125,0.1935483870967742,risktriage,0.1935483870967742,0.1935483870967742,15,0.001,
31,0.22580645161290322,0.7741935483870968,0.0,0.42857142857142855,0.125,0.1935483870967742,crc,0.1935483870967742,0.1935483870967742,15,0.0012670887551244692,
31,0.22580645161290322,0.7741935483870968,0.0,0.42857142857142855,0.125,0.1935483870967742,rac,0.1935483870967742,0.1935483870967742,15,0.0012670887551244692,
31,0.22580645161290322,0.7741935483870968,0.0,0.42857142857142855,0.125,0.1935483870967742,rac_interval_cost,0.1935483870967742,0.1935483870967742,15,0.0012670887551244692,
31,0.22580645161290322,0.7741935483870968,0.0,0.42857142857142855,0.125,0.1935483870967742,risktriage,0.1935483870967742,0.1935483870967742,15,0.0012670887551244692,
31,0.22580645161290322,0.7741935483870968,0.0,0.42857142857142855,0.125,0.1935483870967742,crc,0.1935483870967742,0.1935483870967742,15,0.0016055139133628756,
31,0.22580645161290322,0.7741935483870968,0.0,0.42857142857142855,0.125,0.1935483870967742,rac,0.1935483870967742,0.1935483870967742,15,0.0016055139133628756,
31,0.22580645161290322,0.7741935483870968,0.0,0.42857142857142855,0.125,0.1935483870967742,rac_interval_cost,0.1935483870967742,0.1935483870967742,15,0.0016055139133628756,
31,0.22580645161290322,0.7741935483870968,0.0,0.42857142857142855,0.125,0.1935483870967742,risktriage,0.1935483870967742,0.1935483870967742,15,0.0016055139133628756,
31,0.22580645161290322,0.7741935483870968,0.0,0.42857142857142855,0.125,0.1935483870967742,crc,0.1935483870967742,0.1935483870967742,15,0.002034328625817981,
31,0.22580645161290322,0.7741935483870968,0.0,0.42857142857142855,0.125,0.1935483870967742,rac,0.1935483870967742,0.1935483870967742,15,0.002034328625817981,
31,0.22580645161290322,0.7741935483870968,0.0,0.42857142857142855,0.125,0.1935483870967742,rac_interval_cost,0.1935483870967742,0.1935483870967742,15,0.002034328625817981,
31,0.22580645161290322,0.7741935483870968,0.0,0.42857142857142855,0.125,0.1935483870967742,risktriage,0.1935483870967742,0.1935483870967742,15,0.002034328625817981,
31,0.22580645161290322,0.7741935483870968,0.0,0.42857142857142855,0.125,0.1935483870967742,crc,0.1935483870967742,0.1935483870967742,15,0.0025776749260017755,
31,0.22580645161290322,0.7741935483870968,0.0,0.42857142857142855,0.125,0.1935483870967742,rac,0.1935483870967742,0.1935483870967742,15,0.0025776749260017755,
31,0.22580645161290322,0.7741935483870968,0.0,0.42857142857142855,0.125,0.1935483870967742,rac_interval_cost,0.1935483870967742,0.1935483870967742,15,0.0025776749260017755,
31,0.22580645161290322,0.7741935483870968,0.0,0.42857142857142855,0.125,0.1935483870967742,risktriage,0.1935483870967742,0.1935483870967742,15,0.0025776749260017755,
31,0.22580645161290322,0.7741935483870968,0.0,0.42857142857142855,0.125,0.1935483870967742,crc,0.1935483870967742,0.1935483870967742,15,0.003266142913103148,
31,0.22580645161290322,0.7741935483870968,0.0,0.42857142857142855,0.125,0.1935483870967742,rac,0.1935483870967742,0.1935483870967742,15,0.003266142913103148,
31,0.22580645161290322,0.7741935483870968,0.0,0.42857142857142855,0.125,0.1935483870967742,rac_interval_cost,0.1935483870967742,0.1935483870967742,15,0.003266142913103148,
31,0.22580645161290322,0.7741935483870968,0.0,0.42857142857142855,0.125,0.1935483870967742,risktriage,0.1935483870967742,0.1935483870967742,15,0.003266142913103148,
31,0.22580645161290322,0.7741935483870968,0.0,0.42857142857142855,0.125,0.1935483870967742,crc,0.1935483870967742,0.1935483870967742,15,0.0041384929578224755,
31,0.22580645161290322,0.7741935483870968,0.0,0.42857142857142855,0.125,0.1935483870967742,rac,0.1935483870967742,0.1935483870967742,15,0.0041384929578224755,
31,0.22580645161290322,0.7741935483870968,0.0,0.42857142857142855,0.125,0.1935483870967742,rac_interval_cost,0.1935483870967742,0.1935483870967742,15,0.0041384929578224755,
31,0.22580645161290322,0.7741935483870968,0.0,0.42857142857142855,0.125,0.1935483870967742,risktriage,0.1935483870967742,0.1935483870967742,15,0.0041384929578224755,
31,0.22580645161290322,0.7741935483870968,0.0,0.42857142857142855,0.125,0.1935483870967742,crc,0.1935483870967742,0.1935483870967742,15,0.005243837890018658,
31,0.22580645161290322,0.7741935483870968,0.0,0.42857142857142855,0.125,0.1935483870967742,rac,0.1935483870967742,0.1935483870967742,15,0.005243837890018658,
31,0.22580645161290322,0.7741935483870968,0.0,0.42857142857142855,0.125,0.1935483870967742,rac_interval_cost,0.1935483870967742,0.1935483870967742,15,0.005243837890018658,
31,0.22580645161290322,0.7741935483870968,0.0,0.42857142857142855,0.125,0.1935483870967742,risktriage,0.1935483870967742,0.1935483870967742,15,0.005243837890018658,
31,0.22580645161290322,0.7741935483870968,0.0,0.42857142857142855,0.125,0.1935483870967742,crc,0.1935483870967742,0.1935483870967742,15,0.006644408024138265,
31,0.22580645161290322,0.7741935483870968,0.0,0.42857142857142855,0.125,0.1935483870967742,rac,0.1935483870967742,0.1935483870967742,15,0.006644408024138265,
31,0.22580645161290322,0.7741935483870968,0.0,0.42857142857142855,0.125,0.1935483870967742,rac_interval_cost,0.1935483870967742,0.1935483870967742,15,0.006644408024138265,
31,0.22580645161290322,0.7741935483870968,0.0,0.42857142857142855,0.125,0.1935483870967742,risktriage,0.1935483870967742,0.1935483870967742,15,0.006644408024138265,
31,0.22580645161290322,0.7741935483870968,0.0,0.42857142857142855,0.125,0.1935483870967742,crc,0.1935483870967742,0.1935483870967742,15,0.00841905469184438,
31,0.22580645161290322,0.7741935483870968,0.0,0.42857142857142855,0.125,0.1935483870967742,rac,0.1935483870967742,0.1935483870967742,15,0.00841905469184438,
31,0.22580645161290322,0.7741935483870968,0.0,0.42857142857142855,0.125,0.1935483870967742,rac_interval_cost,0.1935483870967742,0.1935483870967742,15,0.00841905469184438,
31,0.22580645161290322,0.7741935483870968,0.0,0.42857142857142855,0.125,0.1935483870967742,risktriage,0.1935483870967742,0.1935483870967742,15,0.00841905469184438,
31,0.22580645161290322,0.7741935483870968,0.0,0.42857142857142855,0.125,0.1935483870967742,crc,0.1935483870967742,0.1935483870967742,15,0.010667689528813919,
31,0.22580645161290322,0.7741935483870968,0.0,0.42857142857142855,0.125,0.1935483870967742,rac,0.1935483870967742,0.1935483870967742,15,0.010667689528813919,
31,0.22580645161290322,0.7741935483870968,0.0,0.42857142857142855,0.125,0.1935483870967742,rac_interval_cost,0.1935483870967742,0.1935483870967742,15,0.010667689528813919,
31,0.22580645161290322,0.7741935483870968,0.0,0.42857142857142855,0.125,0.1935483870967742,risktriage,0.1935483870967742,0.1935483870967742,15,0.010667689528813919,
31,0.22580645161290322,0.7741935483870968,0.0,0.42857142857142855,0.125,0.1935483870967742,crc,0.1935483870967742,0.1935483870967742,15,0.013516909445119157,
31,0.22580645161290322,0.7741935483870968,0.0,0.42857142857142855,0.125,0.1935483870967742,rac,0.1935483870967742,0.1935483870967742,15,0.013516909445119157,
31,0.22580645161290322,0.7741935483870968,0.0,0.42857142857142855,0.125,0.1935483870967742,rac_interval_cost,0.1935483870967742,0.1935483870967742,15,0.013516909445119157,
31,0.22580645161290322,0.7741935483870968,0.0,0.42857142857142855,0.125,0.1935483870967742,risktriage,0.1935483870967742,0.1935483870967742,15,0.013516909445119157,
31,0.22580645161290322,0.7741935483870968,0.0,0.42857142857142855,0.125,0.1935483870967742,crc,0.1935483870967742,0.1935483870967742,15,0.017127123961946204,
31,0.22580645161290322,0.7741935483870968,0.0,0.42857142857142855,0.125,0.1935483870967742,rac,0.1935483870967742,0.1935483870967742,15,0.017127123961946204,
31,0.22580645161290322,0.7741935483870968,0.0,0.42857142857142855,0.125,0.1935483870967742,rac_interval_cost,0.1935483870967742,0.1935483870967742,15,0.017127123961946204,
31,0.22580645161290322,0.7741935483870968,0.0,0.42857142857142855,0.125,0.1935483870967742,risktriage,0.1935483870967742,0.1935483870967742,15,0.017127123961946204,
31,0.22580645161290322,0.7741935483870968,0.0,0.42857142857142855,0.125,0.1935483870967742,crc,0.1935483870967742,0.1935483870967742,15,0.021701586179804874,
31,0.22580645161290322,0.7741935483870968,0.0,0.42857142857142855,0.125,0.1935483870967742,rac,0.1935483870967742,0.1935483870967742,15,0.021701586179804874,
31,0.22580645161290322,0.7741935483870968,0.0,0.42857142857142855,0.125,0.1935483870967742,rac_interval_cost,0.1935483870967742,0.1935483870967742,15,0.021701586179804874,
31,0.22580645161290322,0.7741935483870968,0.0,0.42857142857142855,0.125,0.1935483870967742,risktriage,0.1935483870967742,0.1935483870967742,15,0.021701586179804874,
31,0.22580645161290322,0.7741935483870968,0.0,0.42857142857142855,0.125,0.1935483870967742,crc,0.1935483870967742,0.1935483870967742,15,0.027497835816795345,
31,0.22580645161290322,0.7741935483870968,0.0,0.42857142857142855,0.125,0.1935483870967742,rac,0.1935483870967742,0.1935483870967742,15,0.027497835816795345,
31,0.22580645161290322,0.7741935483870968,0.0,0.42857142857142855,0.125,0.1935483870967742,rac_interval_cost,0.1935483870967742,0.1935483870967742,15,0.027497835816795345,
31,0.22580645161290322,0.7741935483870968,0.0,0.42857142857142855,0.125,0.1935483870967742,risktriage,0.1935483870967742,0.1935483870967742,15,0.027497835816795345,
31,0.22580645161290322,0.7741935483870968,0.0,0.42857142857142855,0.125,0.1935483870967742,crc,0.1935483870967742,0.1935483870967742,15,0.03484219855372024,
31,0.22580645161290322,0.7741935483870968,0.0,0.42857142857142855,0.125,0.1935483870967742,rac,0.1935483870967742,0.1935483870967742,15,0.03484219855372024,
31,0.22580645161290322,0.7741935483870968,0.0,0.42857142857142855,0.125,0.1935483870967742,rac_interval_cost,0.1935483870967742,0.1935483870967742,15,0.03484219855372024,
31,0.22580645161290322,0.7741935483870968,0.0,0.42857142857142855,0.125,0.1935483870967742,risktriage,0.1935483870967742,0.1935483870967742,15,0.03484219855372024,
31,0.22580645161290322,0.7741935483870968,0.0,0.42857142857142855,0.125,0.1935483870967742,crc,0.1935483870967742,0.1935483870967742,15,0.04414815799123294,
31,0.22580645161290322,0.7741935483870968,0.0,0.42857142857142855,0.125,0.1935483870967742,rac,0.1935483870967742,0.1935483870967742,15,0.04414815799123294,
31,0.22580645161290322,0.7741935483870968,0.0,0.42857142857142855,0.125,0.1935483870967742,rac_interval_cost,0.1935483870967742,0.1935483870967742,15,0.04414815799123294,
31,0.22580645161290322,0.7741935483870968,0.0,0.42857142857142855,0.125,0.1935483870967742,risktriage,0.1935483870967742,0.1935483870967742,15,0.04414815799123294,
31,0.22580645161290322,0.7741935483870968,0.0,0.42857142857142855,0.125,0.1935483870967742,crc,0.1935483870967742,0.1935483870967742,15,0.055939634550149706,
31,0.22580645161290322,0.7741935483870968,0.0,0.42857142857142855,0.125,0.1935483870967742,rac,0.1935483870967742,0.1935483870967742,15,0.055939634550149706,
31,0.22580645161290322,0.7741935483870968,0.0,0.42857142857142855,0.125,0.1935483870967742,rac_interval_cost,0.1935483870967742,0.1935483870967742,15,0.055939634550149706,
31,0.22580645161290322,0.7741935483870968,0.0,0.42857142857142855,0.125,0.1935483870967742,risktriage,0.1935483870967742,0.1935483870967742,15,0.055939634550149706,
31,0.22580645161290322,0.7741935483870968,0.0,0.42857142857142855,0.125,0.1935483870967742,crc,0.1935483870967742,0.1935483870967742,15,0.0708804819042669,
31,0.22580645161290322,0.7741935483870968,0.0,0.42857142857142855,0.125,0.1935483870967742,rac,0.1935483870967742,0.1935483870967742,15,0.0708804819042669,
31,0.22580645161290322,0.7741935483870968,0.0,0.42857142857142855,0.125,0.1935483870967742,rac_interval_cost,0.1935483870967742,0.1935483870967742,15,0.0708804819042669,
31,0.22580645161290322,0.7741935483870968,0.0,0.42857142857142855,0.125,0.1935483870967742,risktriage,0.1935483870967742,0.1935483870967742,15,0.0708804819042669,
31,0.22580645161290322,0.7741935483870968,0.0,0.42857142857142855,0.125,0.1935483870967742,crc,0.1935483870967742,0.1935483870967742,15,0.08981186157870003,
31,0.22580645161290322,0.7741935483870968,0.0,0.42857142857142855,0.125,0.1935483870967742,rac,0.1935483870967742,0.1935483870967742,15,0.08981186157870003,
31,0.22580645161290322,0.7741935483870968,0.0,0.42857142857142855,0.125,0.1935483870967742,rac_interval_cost,0.1935483870967742,0.1935483870967742,15,0.08981186157870003,
31,0.22580645161290322,0.7741935483870968,0.0,0.42857142857142855,0.125,0.1935483870967742,risktriage,0.1935483870967742,0.1935483870967742,15,0.08981186157870003,
31,0.22580645161290322,0.7741935483870968,0.0,0.42857142857142855,0.125,0.1935483870967742,crc,0.1935483870967742,0.1935483870967742,15,0.11379959988316611,
31,0.22580645161290322,0.7741935483870968,0.0,0.42857142857142855,0.125,0.1935483870967742,rac,0.1935483870967742,0.1935483870967742,15,0.11379959988316611,
31,0.22580645161290322,0.7741935483870968,0.0,0.42857142857142855,0.125,0.1935483870967742,rac_interval_cost,0.1935483870967742,0.1935483870967742,15,0.11379959988316611,
31,0.22580645161290322,0.7741935483870968,0.0,0.42857142857142855,0.125,0.1935483870967742,risktriage,0.1935483870967742,0.1935483870967742,15,0.11379959988316611,
31,0.22580645161290322,0.7741935483870968,0.0,0.42857142857142855,0.125,0.1935483870967742,crc,0.1935483870967742,0.1935483870967742,15,0.1441941933496235,
31,0.22580645161290322,0.7741935483870968,0.0,0.42857142857142855,0.125,0.1935483870967742,rac,0.1935483870967742,0.1935483870967742,15,0.1441941933496235,
31,0.22580645161290322,0.7741935483870968,0.0,0.42857142857142855,0.125,0.1935483870967742,rac_interval_cost,0.1935483870967742,0.1935483870967742,15,0.1441941933496235,
31,0.22580645161290322,0.7741935483870968,0.0,0.42857142857142855,0.125,0.1935483870967742,risktriage,0.1935483870967742,0.1935483870967742,15,0.1441941933496235,
31,0.22580645161290322,0.7741935483870968,0.0,0.42857142857142855,0.125,0.1935483870967742,crc,0.1935483870967742,0.1935483870967742,15,0.1827068409475515,
31,0.22580645161290322,0.7741935483870968,0.0,0.42857142857142855,0.125,0.1935483870967742,rac,0.1935483870967742,0.1935483870967742,15,0.1827068409475515,
31,0.22580645161290322,0.7741935483870968,0.0,0.42857142857142855,0.125,0.1935483870967742,rac_interval_cost,0.1935483870967742,0.1935483870967742,15,0.1827068409475515,
31,0.22580645161290322,0.7741935483870968,0.0,0.42857142857142855,0.125,0.1935483870967742,risktriage,0.1935483870967742,0.1935483870967742,15,0.1827068409475515,
31,0.22580645161290322,0.7741935483870968,0.0,0.42857142857142855,0.125,0.1935483870967742,crc,0.1935483870967742,0.1935483870967742,15,0.2315057836489574,
31,0.22580645161290322,0.7741935483870968,0.0,0.42857142857142855,0.125,0.1935483870967742,rac,0.1935483870967742,0.1935483870967742,15,0.2315057836489574,
31,0.22580645161290322,0.7741935483870968,0.0,0.42857142857142855,0.125,0.1935483870967742,rac_interval_cost,0.1935483870967742,0.1935483870967742,15,0.2315057836489574,
31,0.22580645161290322,0.7741935483870968,0.0,0.42857142857142855,0.125,0.1935483870967742,risktriage,0.1935483870967742,0.1935483870967742,15,0.2315057836489574,
31,0.22580645161290322,0.7741935483870968,0.0,0.42857142857142855,0.125,0.1935483870967742,crc,0.1935483870967742,0.1935483870967742,15,0.29333837520787187,
31,0.22580645161290322,0.7741935483870968,0.0,0.42857142857142855,0.125,0.1935483870967742,rac,0.1935483870967742,0.1935483870967742,15,0.29333837520787187,
31,0.22580645161290322,0.7741935483870968,0.0,0.42857142857142855,0.125,0.1935483870967742,rac_interval_cost,0.1935483870967742,0.1935483870967742,15,0.29333837520787187,
31,0.22580645161290322,0.7741935483870968,0.0,0.42857142857142855,0.125,0.1935483870967742,risktriage,0.1935483870967742,0.1935483870967742,15,0.29333837520787187,
31,0.22580645161290322,0.7741935483870968,0.0,0.42857142857142855,0.125,0.1935483870967742,crc,0.1935483870967742,0.1935483870967742,15,0.37168575667237685,
31,0.22580645161290322,0.7741935483870968,0.0,0.42857142857142855,0.125,0.1935483870967742,rac,0.1935483870967742,0.1935483870967742,15,0.37168575667237685,
31,0.22580645161290322,0.7741935483870968,0.0,0.42857142857142855,0.125,0.1935483870967742,rac_interval_cost,0.1935483870967742,0.1935483870967742,15,0.37168575667237685,
31,0.22580645161290322,0.7741935483870968,0.0,0.42857142857142855,0.125,0.1935483870967742,risktriage,0.1935483870967742,0.1935483870967742,15,0.37168575667237685,
31,0.22580645161290322,0.7741935483870968,0.0,0.42857142857142855,0.125,0.1935483870967742,crc,0.1935483870967742,0.1935483870967742,15,0.4709588427194979,
31,0.22580645161290322,0.7741935483870968,0.0,0.42857142857142855,0.125,0.1935483870967742,rac,0.1935483870967742,0.1935483870967742,15,0.4709588427194979,
31,0.22580645161290322,0.7741935483870968,0.0,0.42857142857142855,0.125,0.1935483870967742,rac_interval_cost,0.1935483870967742,0.1935483870967742,15,0.4709588427194979,
31,0.22580645161290322,0.7741935483870968,0.0,0.42857142857142855,0.125,0.1935483870967742,risktriage,0.1935483870967742,0.1935483870967742,15,0.4709588427194979,
31,0.22580645161290322,0.7741935483870968,0.0,0.42857142857142855,0.125,0.1935483870967742,crc,0.1935483870967742,0.1935483870967742,15,0.5967466537363093,
31,0.22580645161290322,0.7741935483870968,0.0,0.42857142857142855,0.125,0.1935483870967742,rac,0.1935483870967742,0.1935483870967742,15,0.5967466537363093,
31,0.22580645161290322,0.7741935483870968,0.0,0.42857142857142855,0.125,0.1935483870967742,rac_interval_cost,0.1935483870967742,0.1935483870967742,15,0.5967466537363093,
31,0.22580645161290322,0.7741935483870968,0.0,0.42857142857142855,0.125,0.1935483870967742,risktriage,0.1935483870967742,0.1935483870967742,15,0.5967466537363093,
31,0.22580645161290322,0.7741935483870968,0.0,0.42857142857142855,0.125,0.1935483870967742,crc,0.1935483870967742,0.1935483870967742,15,0.756130974607433,
31,0.22580645161290322,0.7741935483870968,0.0,0.42857142857142855,0.125,0.1935483870967742,rac,0.1935483870967742,0.1935483870967742,15,0.756130974607433,
31,0.22580645161290322,0.7741935483870968,0.0,0.42857142857142855,0.125,0.1935483870967742,rac_interval_cost,0.1935483870967742,0.1935483870967742,15,0.756130974607433,
31,0.22580645161290322,0.7741935483870968,0.0,0.42857142857142855,0.125,0.1935483870967742,risktriage,0.1935483870967742,0.1935483870967742,15,0.756130974607433,
31,0.22580645161290322,0.7741935483870968,0.0,0.42857142857142855,0.125,0.1935483870967742,crc,0.1935483870967742,0.1935483870967742,15,0.9580850553263829,
31,0.22580645161290322,0.7741935483870968,0.0,0.42857142857142855,0.125,0.1935483870967742,rac,0.1935483870967742,0.1935483870967742,15,0.9580850553263829,
31,0.22580645161290322,0.7741935483870968,0.0,0.42857142857142855,0.125,0.1935483870967742,rac_interval_cost,0.1935483870967742,0.1935483870967742,15,0.9580850553263829,
31,0.22580645161290322,0.7741935483870968,0.0,0.42857142857142855,0.125,0.1935483870967742,risktriage,0.1935483870967742,0.1935483870967742,15,0.9580850553263829,
31,0.22580645161290322,0.7419354838709677,0.03225806451612903,0.42857142857142855,0.08695652173913043,0.16129032258064516,crc,0.16129032258064516,0.16774193548387098,15,1.2139788000568648,
31,0.22580645161290322,0.7419354838709677,0.03225806451612903,0.42857142857142855,0.08695652173913043,0.16129032258064516,rac,0.16129032258064516,0.16774193548387098,15,1.2139788000568648,
31,0.22580645161290322,0.7419354838709677,0.03225806451612903,0.42857142857142855,0.08695652173913043,0.16129032258064516,rac_interval_cost,0.16129032258064516,0.16774193548387098,15,1.2139788000568648,
31,0.22580645161290322,0.7741935483870968,0.0,0.42857142857142855,0.125,0.1935483870967742,risktriage,0.1935483870967742,0.1935483870967742,15,1.2139788000568648,
31,0.22580645161290322,0.7419354838709677,0.03225806451612903,0.42857142857142855,0.08695652173913043,0.16129032258064516,crc,0.16129032258064516,0.16774193548387098,15,1.5382188865115483,
31,0.22580645161290322,0.7419354838709677,0.03225806451612903,0.42857142857142855,0.08695652173913043,0.16129032258064516,rac,0.16129032258064516,0.16774193548387098,15,1.5382188865115483,
31,0.22580645161290322,0.7419354838709677,0.03225806451612903,0.42857142857142855,0.08695652173913043,0.16129032258064516,rac_interval_cost,0.16129032258064516,0.16774193548387098,15,1.5382188865115483,
31,0.22580645161290322,0.7419354838709677,0.03225806451612903,0.42857142857142855,0.08695652173913043,0.16129032258064516,risktriage,0.16129032258064516,0.16774193548387098,15,1.5382188865115483,
31,0.22580645161290322,0.7419354838709677,0.03225806451612903,0.42857142857142855,0.08695652173913043,0.16129032258064516,crc,0.16129032258064516,0.16774193548387098,15,1.9490598540188648,
31,0.22580645161290322,0.7419354838709677,0.03225806451612903,0.42857142857142855,0.08695652173913043,0.16129032258064516,rac,0.16129032258064516,0.16774193548387098,15,1.9490598540188648,
31,0.22580645161290322,0.7419354838709677,0.03225806451612903,0.42857142857142855,0.08695652173913043,0.16129032258064516,rac_interval_cost,0.16129032258064516,0.16774193548387098,15,1.9490598540188648,
31,0.22580645161290322,0.7419354838709677,0.03225806451612903,0.42857142857142855,0.08695652173913043,0.16129032258064516,risktriage,0.16129032258064516,0.16774193548387098,15,1.9490598540188648,
31,0.22580645161290322,0.7419354838709677,0.03225806451612903,0.42857142857142855,0.08695652173913043,0.16129032258064516,crc,0.16129032258064516,0.16774193548387098,15,2.4696318240918433,
31,0.22580645161290322,0.7419354838709677,0.03225806451612903,0.42857142857142855,0.08695652173913043,0.16129032258064516,rac,0.16129032258064516,0.16774193548387098,15,2.4696318240918433,
31,0.22580645161290322,0.7419354838709677,0.03225806451612903,0.42857142857142855,0.08695652173913043,0.16129032258064516,rac_interval_cost,0.16129032258064516,0.16774193548387098,15,2.4696318240918433,
31,0.22580645161290322,0.7419354838709677,0.03225806451612903,0.42857142857142855,0.08695652173913043,0.16129032258064516,risktriage,0.16129032258064516,0.16774193548387098,15,2.4696318240918433,
31,0.1935483870967742,0.7419354838709677,0.06451612903225806,0.3333333333333333,0.08695652173913043,0.12903225806451613,crc,0.12903225806451613,0.14193548387096774,15,3.129242713604303,
31,0.1935483870967742,0.7419354838709677,0.06451612903225806,0.3333333333333333,0.08695652173913043,0.12903225806451613,rac,0.12903225806451613,0.14193548387096774,15,3.129242713604303,
31,0.1935483870967742,0.7419354838709677,0.06451612903225806,0.3333333333333333,0.08695652173913043,0.12903225806451613,rac_interval_cost,0.12903225806451613,0.14193548387096774,15,3.129242713604303,
31,0.1935483870967742,0.7419354838709677,0.06451612903225806,0.3333333333333333,0.08695652173913043,0.12903225806451613,risktriage,0.12903225806451613,0.14193548387096774,15,3.129242713604303,
31,0.1935483870967742,0.7419354838709677,0.06451612903225806,0.3333333333333333,0.08695652173913043,0.12903225806451613,crc,0.12903225806451613,0.14193548387096774,15,3.9650282544631925,
31,0.1935483870967742,0.7419354838709677,0.06451612903225806,0.3333333333333333,0.08695652173913043,0.12903225806451613,rac,0.12903225806451613,0.14193548387096774,15,3.9650282544631925,
31,0.1935483870967742,0.7419354838709677,0.06451612903225806,0.3333333333333333,0.08695652173913043,0.12903225806451613,rac_interval_cost,0.12903225806451613,0.14193548387096774,15,3.9650282544631925,
31,0.1935483870967742,0.7419354838709677,0.06451612903225806,0.3333333333333333,0.08695652173913043,0.12903225806451613,risktriage,0.12903225806451613,0.14193548387096774,15,3.9650282544631925,
31,0.1935483870967742,0.7419354838709677,0.06451612903225806,0.3333333333333333,0.08695652173913043,0.12903225806451613,crc,0.12903225806451613,0.14193548387096774,15,5.024042714981109,
31,0.1935483870967742,0.7419354838709677,0.06451612903225806,0.3333333333333333,0.08695652173913043,0.12903225806451613,rac,0.12903225806451613,0.14193548387096774,15,5.024042714981109,
31,0.1935483870967742,0.7419354838709677,0.06451612903225806,0.3333333333333333,0.08695652173913043,0.12903225806451613,rac_interval_cost,0.12903225806451613,0.14193548387096774,15,5.024042714981109,
31,0.1935483870967742,0.7419354838709677,0.06451612903225806,0.3333333333333333,0.08695652173913043,0.12903225806451613,risktriage,0.12903225806451613,0.14193548387096774,15,5.024042714981109,
31,0.1935483870967742,0.7096774193548387,0.0967741935483871,0.3333333333333333,0.045454545454545456,0.0967741935483871,crc,0.0967741935483871,0.11612903225806454,15,6.365908029417572,
31,0.1935483870967742,0.7096774193548387,0.0967741935483871,0.3333333333333333,0.045454545454545456,0.0967741935483871,rac,0.0967741935483871,0.11612903225806454,15,6.365908029417572,
31,0.1935483870967742,0.7096774193548387,0.0967741935483871,0.3333333333333333,0.045454545454545456,0.0967741935483871,rac_interval_cost,0.0967741935483871,0.11612903225806454,15,6.365908029417572,
31,0.1935483870967742,0.7419354838709677,0.06451612903225806,0.3333333333333333,0.08695652173913043,0.12903225806451613,risktriage,0.12903225806451613,0.14193548387096774,15,6.365908029417572,
31,0.12903225806451613,0.6774193548387096,0.1935483870967742,0.25,0.047619047619047616,0.06451612903225806,crc,0.06451612903225806,0.1032258064516129,15,8.066170480231575,
31,0.12903225806451613,0.6774193548387096,0.1935483870967742,0.25,0.047619047619047616,0.06451612903225806,rac,0.06451612903225806,0.1032258064516129,15,8.066170480231575,
31,0.12903225806451613,0.6774193548387096,0.1935483870967742,0.25,0.047619047619047616,0.06451612903225806,rac_interval_cost,0.06451612903225806,0.1032258064516129,15,8.066170480231575,
31,0.16129032258064516,0.7096774193548387,0.12903225806451613,0.4,0.045454545454545456,0.0967741935483871,risktriage,0.0967741935483871,0.12258064516129033,15,8.066170480231575,
31,0.0967741935483871,0.6451612903225806,0.25806451612903225,0.0,0.05,0.03225806451612903,crc,0.03225806451612903,0.0838709677419355,15,10.220553912418369,
31,0.0967741935483871,0.6451612903225806,0.25806451612903225,0.0,0.05,0.03225806451612903,rac,0.03225806451612903,0.0838709677419355,15,10.220553912418369,
31,0.0967741935483871,0.6451612903225806,0.25806451612903225,0.0,0.05,0.03225806451612903,rac_interval_cost,0.03225806451612903,0.0838709677419355,15,10.220553912418369,
31,0.12903225806451613,0.6774193548387096,0.1935483870967742,0.25,0.047619047619047616,0.06451612903225806,risktriage,0.06451612903225806,0.1032258064516129,15,10.220553912418369,
31,0.0967741935483871,0.5806451612903226,0.3225806451612903,0.0,0.05555555555555555,0.03225806451612903,crc,0.03225806451612903,0.09677419354838712,15,12.950348933568701,
31,0.0967741935483871,0.5806451612903226,0.3225806451612903,0.0,0.05555555555555555,0.03225806451612903,rac,0.03225806451612903,0.09677419354838712,15,12.950348933568701,
31,0.0967741935483871,0.5806451612903226,0.3225806451612903,0.0,0.05555555555555555,0.03225806451612903,rac_interval_cost,0.03225806451612903,0.09677419354838712,15,12.950348933568701,
31,0.0967741935483871,0.6129032258064516,0.2903225806451613,0.0,0.05263157894736842,0.03225806451612903,risktriage,0.03225806451612903,0.09032258064516131,15,12.950348933568701,
31,0.06451612903225806,0.5483870967741935,0.3870967741935484,0.0,0.058823529411764705,0.03225806451612903,crc,0.03225806451612903,0.10967741935483873,15,16.409241508663047,
31,0.06451612903225806,0.5483870967741935,0.3870967741935484,0.0,0.058823529411764705,0.03225806451612903,rac,0.03225806451612903,0.10967741935483873,15,16.409241508663047,
31,0.06451612903225806,0.5483870967741935,0.3870967741935484,0.0,0.058823529411764705,0.03225806451612903,rac_interval_cost,0.03225806451612903,0.10967741935483873,15,16.409241508663047,
31,0.0967741935483871,0.5806451612903226,0.3225806451612903,0.0,0.05555555555555555,0.03225806451612903,risktriage,0.03225806451612903,0.09677419354838712,15,16.409241508663047,
31,0.06451612903225806,0.3870967741935484,0.5483870967741935,0.0,0.0,0.0,crc,0.0,0.10967741935483873,15,20.79196539574861,
31,0.06451612903225806,0.3870967741935484,0.5483870967741935,0.0,0.0,0.0,rac,0.0,0.10967741935483873,15,20.79196539574861,
31,0.06451612903225806,0.3870967741935484,0.5483870967741935,0.0,0.0,0.0,rac_interval_cost,0.0,0.10967741935483873,15,20.79196539574861,
31,0.06451612903225806,0.5161290322580645,0.41935483870967744,0.0,0.0625,0.03225806451612903,risktriage,0.03225806451612903,0.11612903225806454,15,20.79196539574861,
31,0.03225806451612903,0.2903225806451613,0.6774193548387096,0.0,0.0,0.0,crc,0.0,0.13548387096774198,15,26.345265549890176,
31,0.03225806451612903,0.2903225806451613,0.6774193548387096,0.0,0.0,0.0,rac,0.0,0.13548387096774198,15,26.345265549890176,
31,0.03225806451612903,0.2903225806451613,0.6774193548387096,0.0,0.0,0.0,rac_interval_cost,0.0,0.13548387096774198,15,26.345265549890176,
31,0.06451612903225806,0.3870967741935484,0.5483870967741935,0.0,0.0,0.0,risktriage,0.0,0.10967741935483873,15,26.345265549890176,
31,0.03225806451612903,0.22580645161290322,0.7419354838709677,0.0,0.0,0.0,crc,0.0,0.1483870967741936,15,33.381789729033876,
31,0.03225806451612903,0.22580645161290322,0.7419354838709677,0.0,0.0,0.0,rac,0.0,0.1483870967741936,15,33.381789729033876,
31,0.03225806451612903,0.22580645161290322,0.7419354838709677,0.0,0.0,0.0,rac_interval_cost,0.0,0.1483870967741936,15,33.381789729033876,
31,0.03225806451612903,0.25806451612903225,0.7096774193548387,0.0,0.0,0.0,risktriage,0.0,0.14193548387096777,15,33.381789729033876,
31,0.0,0.0967741935483871,0.9032258064516129,,0.0,0.0,crc,0.0,0.18064516129032263,15,42.29769039158828,
31,0.0,0.0967741935483871,0.9032258064516129,,0.0,0.0,rac,0.0,0.18064516129032263,15,42.29769039158828,
31,0.0,0.0967741935483871,0.9032258064516129,,0.0,0.0,rac_interval_cost,0.0,0.18064516129032263,15,42.29769039158828,
31,0.03225806451612903,0.1935483870967742,0.7741935483870968,0.0,0.0,0.0,risktriage,0.0,0.15483870967741942,15,42.29769039158828,
31,0.0,0.0967741935483871,0.9032258064516129,,0.0,0.0,crc,0.0,0.18064516129032263,15,53.59492786291788,
31,0.0,0.0967741935483871,0.9032258064516129,,0.0,0.0,rac,0.0,0.18064516129032263,15,53.59492786291788,
31,0.0,0.0967741935483871,0.9032258064516129,,0.0,0.0,rac_interval_cost,0.0,0.18064516129032263,15,53.59492786291788,
31,0.0,0.0967741935483871,0.9032258064516129,,0.0,0.0,risktriage,0.0,0.18064516129032263,15,53.59492786291788,
31,0.0,0.06451612903225806,0.9354838709677419,,0.0,0.0,crc,0.0,0.18709677419354845,15,67.90953042681036,
31,0.0,0.06451612903225806,0.9354838709677419,,0.0,0.0,rac,0.0,0.18709677419354845,15,67.90953042681036,
31,0.0,0.06451612903225806,0.9354838709677419,,0.0,0.0,rac_interval_cost,0.0,0.18709677419354845,15,67.90953042681036,
31,0.0,0.0967741935483871,0.9032258064516129,,0.0,0.0,risktriage,0.0,0.18064516129032263,15,67.90953042681036,
31,0.22580645161290322,0.7741935483870968,0.0,0.42857142857142855,0.125,0.1935483870967742,uncertainty,0.1935483870967742,0.1935483870967742,15,0.0,
31,0.22580645161290322,0.7096774193548387,0.06451612903225806,0.42857142857142855,0.09090909090909091,0.16129032258064516,uncertainty,0.16129032258064516,0.17419354838709677,15,0.05,
31,0.22580645161290322,0.6774193548387096,0.0967741935483871,0.42857142857142855,0.09523809523809523,0.16129032258064516,uncertainty,0.16129032258064516,0.1806451612903226,15,0.1,
31,0.16129032258064516,0.6774193548387096,0.16129032258064516,0.4,0.09523809523809523,0.12903225806451613,uncertainty,0.12903225806451613,0.16129032258064516,15,0.15000000000000002,
31,0.16129032258064516,0.6451612903225806,0.1935483870967742,0.4,0.1,0.12903225806451613,uncertainty,0.12903225806451613,0.16774193548387095,15,0.2,
31,0.16129032258064516,0.5806451612903226,0.25806451612903225,0.4,0.1111111111111111,0.12903225806451613,uncertainty,0.12903225806451613,0.1806451612903226,15,0.25,
31,0.16129032258064516,0.5483870967741935,0.2903225806451613,0.4,0.11764705882352941,0.12903225806451613,uncertainty,0.12903225806451613,0.18709677419354842,15,0.30000000000000004,
31,0.12903225806451613,0.5161290322580645,0.3548387096774194,0.5,0.125,0.12903225806451613,uncertainty,0.12903225806451613,0.2,15,0.35000000000000003,
31,0.12903225806451613,0.4838709677419355,0.3870967741935484,0.5,0.13333333333333333,0.12903225806451613,uncertainty,0.12903225806451613,0.2064516129032258,15,0.4,
31,0.12903225806451613,0.41935483870967744,0.45161290322580644,0.5,0.15384615384615385,0.12903225806451613,uncertainty,0.12903225806451613,0.21935483870967745,15,0.45,
31,0.12903225806451613,0.3548387096774194,0.5161290322580645,0.5,0.09090909090909091,0.0967741935483871,uncertainty,0.0967741935483871,0.2,15,0.5,
31,0.12903225806451613,0.3225806451612903,0.5483870967741935,0.5,0.1,0.0967741935483871,uncertainty,0.0967741935483871,0.2064516129032258,15,0.55,
31,0.12903225806451613,0.25806451612903225,0.6129032258064516,0.5,0.125,0.0967741935483871,uncertainty,0.0967741935483871,0.21935483870967745,15,0.6000000000000001,
31,0.0967741935483871,0.25806451612903225,0.6451612903225806,0.6666666666666666,0.125,0.0967741935483871,uncertainty,0.0967741935483871,0.22580645161290322,15,0.65,
31,0.06451612903225806,0.22580645161290322,0.7096774193548387,0.5,0.14285714285714285,0.06451612903225806,uncertainty,0.06451612903225806,0.2064516129032258,15,0.7000000000000001,
31,0.06451612903225806,0.1935483870967742,0.7419354838709677,0.5,0.16666666666666666,0.06451612903225806,uncertainty,0.06451612903225806,0.21290322580645163,15,0.75,
31,0.06451612903225806,0.12903225806451613,0.8064516129032258,0.5,0.0,0.03225806451612903,uncertainty,0.03225806451612903,0.19354838709677422,15,0.8,
31,0.06451612903225806,0.0967741935483871,0.8387096774193549,0.5,0.0,0.03225806451612903,uncertainty,0.03225806451612903,0.20000000000000004,15,0.8500000000000001,
31,0.03225806451612903,0.06451612903225806,0.9032258064516129,1.0,0.0,0.03225806451612903,uncertainty,0.03225806451612903,0.21290322580645166,15,0.9,
31,0.03225806451612903,0.03225806451612903,0.9354838709677419,1.0,0.0,0.03225806451612903,uncertainty,0.03225806451612903,0.21935483870967748,15,0.9500000000000001,
31,0.0,0.0,1.0,,,0.0,uncertainty,0.0,0.20000000000000007,15,1.0,
31,0.0,0.0967741935483871,0.9032258064516129,,0.0,0.0,split_cp,0.0,0.18064516129032263,15,0.02,0.967741935483871
31,0.0,0.0967741935483871,0.9032258064516129,,0.0,0.0,split_cp,0.0,0.18064516129032263,15,0.05,0.967741935483871
31,0.0,0.0967741935483871,0.9032258064516129,,0.0,0.0,split_cp,0.0,0.18064516129032263,15,0.08,0.967741935483871
31,0.03225806451612903,0.1935483870967742,0.7741935483870968,0.0,0.0,0.0,split_cp,0.0,0.15483870967741942,15,0.11,0.967741935483871
31,0.03225806451612903,0.25806451612903225,0.7096774193548387,0.0,0.0,0.0,split_cp,0.0,0.14193548387096777,15,0.13999999999999999,0.9354838709677419
31,0.03225806451612903,0.25806451612903225,0.7096774193548387,0.0,0.0,0.0,split_cp,0.0,0.14193548387096777,15,0.16999999999999998,0.9354838709677419
31,0.06451612903225806,0.41935483870967744,0.5161290322580645,0.0,0.07692307692307693,0.03225806451612903,split_cp,0.03225806451612903,0.13548387096774198,15,0.19999999999999998,0.8709677419354839
31,0.06451612903225806,0.4838709677419355,0.45161290322580644,0.0,0.06666666666666667,0.03225806451612903,split_cp,0.03225806451612903,0.12258064516129034,15,0.22999999999999998,0.8064516129032258
31,0.06451612903225806,0.5483870967741935,0.3870967741935484,0.0,0.058823529411764705,0.03225806451612903,split_cp,0.03225806451612903,0.10967741935483873,15,0.26,0.8064516129032258
31,0.06451612903225806,0.5806451612903226,0.3548387096774194,0.0,0.05555555555555555,0.03225806451612903,split_cp,0.03225806451612903,0.10322580645161292,15,0.29000000000000004,0.8064516129032258
31,0.06451612903225806,0.5806451612903226,0.3548387096774194,0.0,0.05555555555555555,0.03225806451612903,split_cp,0.03225806451612903,0.10322580645161292,15,0.32,0.8064516129032258
31,0.0967741935483871,0.5806451612903226,0.3225806451612903,0.0,0.05555555555555555,0.03225806451612903,split_cp,0.03225806451612903,0.09677419354838712,15,0.35,0.7096774193548387
31,0.0967741935483871,0.6129032258064516,0.2903225806451613,0.0,0.05263157894736842,0.03225806451612903,split_cp,0.03225806451612903,0.09032258064516131,15,0.38,0.6774193548387096
31,0.0967741935483871,0.6129032258064516,0.2903225806451613,0.0,0.05263157894736842,0.03225806451612903,split_cp,0.03225806451612903,0.09032258064516131,15,0.41000000000000003,0.6774193548387096
31,0.0967741935483871,0.6451612903225806,0.25806451612903225,0.0,0.05,0.03225806451612903,split_cp,0.03225806451612903,0.0838709677419355,15,0.44,0.6451612903225806
31,0.12903225806451613,0.6451612903225806,0.22580645161290322,0.25,0.05,0.06451612903225806,split_cp,0.06451612903225806,0.10967741935483873,15,0.47,0.6129032258064516
31,0.12903225806451613,0.6451612903225806,0.22580645161290322,0.25,0.05,0.06451612903225806,split_cp,0.06451612903225806,0.10967741935483873,15,0.5,0.5806451612903226
32,0.09375,0.90625,0.0,0.3333333333333333,0.13793103448275862,0.15625,crc,0.15625,0.15625,16,0.0,
32,0.09375,0.90625,0.0,0.3333333333333333,0.13793103448275862,0.15625,rac,0.15625,0.15625,16,0.0,
32,0.09375,0.90625,0.0,0.3333333333333333,0.13793103448275862,0.15625,rac_interval_cost,0.15625,0.15625,16,0.0,
32,0.09375,0.90625,0.0,0.3333333333333333,0.13793103448275862,0.15625,risktriage,0.15625,0.15625,16,0.0,
32,0.09375,0.90625,0.0,0.3333333333333333,0.13793103448275862,0.15625,crc,0.15625,0.15625,16,0.001,
32,0.09375,0.90625,0.0,0.3333333333333333,0.13793103448275862,0.15625,rac,0.15625,0.15625,16,0.001,
32,0.09375,0.90625,0.0,0.3333333333333333,0.13793103448275862,0.15625,rac_interval_cost,0.15625,0.15625,16,0.001,
32,0.09375,0.90625,0.0,0.3333333333333333,0.13793103448275862,0.15625,risktriage,0.15625,0.15625,16,0.001,
32,0.09375,0.90625,0.0,0.3333333333333333,0.13793103448275862,0.15625,crc,0.15625,0.15625,16,0.0012614725586017825,
32,0.09375,0.90625,0.0,0.3333333333333333,0.13793103448275862,0.15625,rac,0.15625,0.15625,16,0.0012614725586017825,
32,0.09375,0.90625,0.0,0.3333333333333333,0.13793103448275862,0.15625,rac_interval_cost,0.15625,0.15625,16,0.0012614725586017825,
32,0.09375,0.90625,0.0,0.3333333333333333,0.13793103448275862,0.15625,risktriage,0.15625,0.15625,16,0.0012614725586017825,
32,0.09375,0.90625,0.0,0.3333333333333333,0.13793103448275862,0.15625,crc,0.15625,0.15625,16,0.0015913130161053276,
32,0.09375,0.90625,0.0,0.3333333333333333,0.13793103448275862,0.15625,rac,0.15625,0.15625,16,0.0015913130161053276,
32,0.09375,0.90625,0.0,0.3333333333333333,0.13793103448275862,0.15625,rac_interval_cost,0.15625,0.15625,16,0.0015913130161053276,
32,0.09375,0.90625,0.0,0.3333333333333333,0.13793103448275862,0.15625,risktriage,0.15625,0.15625,16,0.0015913130161053276,
32,0.09375,0.90625,0.0,0.3333333333333333,0.13793103448275862,0.15625,crc,0.15625,0.15625,16,0.0020073977019627073,
32,0.09375,0.90625,0.0,0.3333333333333333,0.13793103448275862,0.15625,rac,0.15625,0.15625,16,0.0020073977019627073,
32,0.09375,0.90625,0.0,0.3333333333333333,0.13793103448275862,0.15625,rac_interval_cost,0.15625,0.15625,16,0.0020073977019627073,
32,0.09375,0.90625,0.0,0.3333333333333333,0.13793103448275862,0.15625,risktriage,0.15625,0.15625,16,0.0020073977019627073,
32,0.09375,0.90625,0.0,0.3333333333333333,0.13793103448275862,0.15625,crc,0.15625,0.15625,16,0.0025322771152262347,
32,0.09375,0.90625,0.0,0.3333333333333333,0.13793103448275862,0.15625,rac,0.15625,0.15625,16,0.0025322771152262347,
32,0.09375,0.90625,0.0,0.3333333333333333,0.13793103448275862,0.15625,rac_interval_cost,0.15625,0.15625,16,0.0025322771152262347,
32,0.09375,0.90625,0.0,0.3333333333333333,0.13793103448275862,0.15625,risktriage,0.15625,0.15625,16,0.0025322771152262347,
32,0.09375,0.90625,0.0,0.3333333333333333,0.13793103448275862,0.15625,crc,0.15625,0.15625,16,0.003194398091633179,
32,0.09375,0.90625,0.0,0.3333333333333333,0.13793103448275862,0.15625,rac,0.15625,0.15625,16,0.003194398091633179,
32,0.09375,0.90625,0.0,0.3333333333333333,0.13793103448275862,0.15625,rac_interval_cost,0.15625,0.15625,16,0.003194398091633179,
32,0.09375,0.90625,0.0,0.3333333333333333,0.13793103448275862,0.15625,risktriage,0.15625,0.15625,16,0.003194398091633179,
32,0.09375,0.90625,0.0,0.3333333333333333,0.13793103448275862,0.15625,crc,0.15625,0.15625,16,0.004029645533845157,
32,0.09375,0.90625,0.0,0.3333333333333333,0.13793103448275862,0.15625,rac,0.15625,0.15625,16,0.004029645533845157,
32,0.09375,0.90625,0.0,0.3333333333333333,0.13793103448275862,0.15625,rac_interval_cost,0.15625,0.15625,16,0.004029645533845157,
32,0.09375,0.90625,0.0,0.3333333333333333,0.13793103448275862,0.15625,risktriage,0.15625,0.15625,16,0.004029645533845157,
32,0.09375,0.90625,0.0,0.3333333333333333,0.13793103448275862,0.15625,crc,0.15625,0.15625,16,0.0050832872618378966,
32,0.09375,0.90625,0.0,0.3333333333333333,0.13793103448275862,0.15625,rac,0.15625,0.15625,16,0.0050832872618378966,
32,0.09375,0.90625,0.0,0.3333333333333333,0.13793103448275862,0.15625,rac_interval_cost,0.15625,0.15625,16,0.0050832872618378966,
32,0.09375,0.90625,0.0,0.3333333333333333,0.13793103448275862,0.15625,risktriage,0.15625,0.15625,16,0.0050832872618378966,
32,0.09375,0.90625,0.0,0.3333333333333333,0.13793103448275862,0.15625,crc,0.15625,0.15625,16,0.006412427388298501,
32,0.09375,0.90625,0.0,0.3333333333333333,0.13793103448275862,0.15625,rac,0.15625,0.15625,16,0.006412427388298501,
32,0.09375,0.90625,0.0,0.3333333333333333,0.13793103448275862,0.15625,rac_interval_cost,0.15625,0.15625,16,0.006412427388298501,
32,0.09375,0.90625,0.0,0.3333333333333333,0.13793103448275862,0.15625,risktriage,0.15625,0.15625,16,0.006412427388298501,
32,0.09375,0.90625,0.0,0.3333333333333333,0.13793103448275862,0.15625,crc,0.15625,0.15625,16,0.008089101184365056,
32,0.09375,0.90625,0.0,0.3333333333333333,0.13793103448275862,0.15625,rac,0.15625,0.15625,16,0.008089101184365056,
32,0.09375,0.90625,0.0,0.3333333333333333,0.13793103448275862,0.15625,rac_interval_cost,0.15625,0.15625,16,0.008089101184365056,
32,0.09375,0.90625,0.0,0.3333333333333333,0.13793103448275862,0.15625,risktriage,0.15625,0.15625,16,0.008089101184365056,
32,0.09375,0.90625,0.0,0.3333333333333333,0.13793103448275862,0.15625,crc,0.15625,0.15625,16,0.0102041791678297,
32,0.09375,0.90625,0.0,0.3333333333333333,0.13793103448275862,0.15625,rac,0.15625,0.15625,16,0.0102041791678297,
32,0.09375,0.90625,0.0,0.3333333333333333,0.13793103448275862,0.15625,rac_interval_cost,0.15625,0.15625,16,0.0102041791678297,
32,0.09375,0.90625,0.0,0.3333333333333333,0.13793103448275862,0.15625,risktriage,0.15625,0.15625,16,0.0102041791678297,
32,0.09375,0.90625,0.0,0.3333333333333333,0.13793103448275862,0.15625,crc,0.15625,0.15625,16,0.012872292003273141,
32,0.09375,0.90625,0.0,0.3333333333333333,0.13793103448275862,0.15625,rac,0.15625,0.15625,16,0.012872292003273141,
32,0.09375,0.90625,0.0,0.3333333333333333,0.13793103448275862,0.15625,rac_interval_cost,0.15625,0.15625,16,0.012872292003273141,
32,0.09375,0.90625,0.0,0.3333333333333333,0.13793103448275862,0.15625,risktriage,0.15625,0.15625,16,0.012872292003273141,
32,0.09375,0.90625,0.0,0.3333333333333333,0.13793103448275862,0.15625,crc,0.15625,0.15625,16,0.016238043128438233,
32,0.09375,0.90625,0.0,0.3333333333333333,0.13793103448275862,0.15625,rac,0.15625,0.15625,16,0.016238043128438233,
32,0.09375,0.90625,0.0,0.3333333333333333,0.13793103448275862,0.15625,rac_interval_cost,0.15625,0.15625,16,0.016238043128438233,
32,0.09375,0.90625,0.0,0.3333333333333333,0.13793103448275862,0.15625,risktriage,0.15625,0.15625,16,0.016238043128438233,
32,0.09375,0.90625,0.0,0.3333333333333333,0.13793103448275862,0.15625,crc,0.15625,0.15625,16,0.020483845811917072,
32,0.09375,0.90625,0.0,0.3333333333333333,0.13793103448275862,0.15625,rac,0.15625,0.15625,16,0.020483845811917072,
32,0.09375,0.90625,0.0,0.3333333333333333,0.13793103448275862,0.15625,rac_interval_cost,0.15625,0.15625,16,0.020483845811917072,
32,0.09375,0.90625,0.0,0.3333333333333333,0.13793103448275862,0.15625,risktriage,0.15625,0.15625,16,0.020483845811917072,
32,0.09375,0.90625,0.0,0.3333333333333333,0.13793103448275862,0.15625,crc,0.15625,0.15625,16,0.025839809386363433,
32,0.09375,0.90625,0.0,0.3333333333333333,0.13793103448275862,0.15625,rac,0.15625,0.15625,16,0.025839809386363433,
32,0.09375,0.90625,0.0,0.3333333333333333,0.13793103448275862,0.15625,rac_interval_cost,0.15625,0.15625,16,0.025839809386363433,
32,0.09375,0.90625,0.0,0.3333333333333333,0.13793103448275862,0.15625,risktriage,0.15625,0.15625,16,0.025839809386363433,
32,0.09375,0.90625,0.0,0.3333333333333333,0.13793103448275862,0.15625,crc,0.15625,0.15625,16,0.032596210460398234,
32,0.09375,0.90625,0.0,0.3333333333333333,0.13793103448275862,0.15625,rac,0.15625,0.15625,16,0.032596210460398234,
32,0.09375,0.90625,0.0,0.3333333333333333,0.13793103448275862,0.15625,rac_interval_cost,0.15625,0.15625,16,0.032596210460398234,
32,0.09375,0.90625,0.0,0.3333333333333333,0.13793103448275862,0.15625,risktriage,0.15625,0.15625,16,0.032596210460398234,
32,0.09375,0.90625,0.0,0.3333333333333333,0.13793103448275862,0.15625,crc,0.15625,0.15625,16,0.04111922501020075,
32,0.09375,0.90625,0.0,0.3333333333333333,0.13793103448275862,0.15625,rac,0.15625,0.15625,16,0.04111922501020075,
32,0.09375,0.90625,0.0,0.3333333333333333,0.13793103448275862,0.15625,rac_interval_cost,0.15625,0.15625,16,0.04111922501020075,
32,0.09375,0.90625,0.0,0.3333333333333333,0.13793103448275862,0.15625,risktriage,0.15625,0.15625,16,0.04111922501020075,
32,0.09375,0.90625,0.0,0.3333333333333333,0.13793103448275862,0.15625,crc,0.15625,0.15625,16,0.051870773981340344,
32,0.09375,0.90625,0.0,0.3333333333333333,0.13793103448275862,0.15625,rac,0.15625,0.15625,16,0.051870773981340344,
32,0.09375,0.90625,0.0,0.3333333333333333,0.13793103448275862,0.15625,rac_interval_cost,0.15625,0.15625,16,0.051870773981340344,
32,0.09375,0.90625,0.0,0.3333333333333333,0.13793103448275862,0.15625,risktriage,0.15625,0.15625,16,0.051870773981340344,
32,0.09375,0.90625,0.0,0.3333333333333333,0.13793103448275862,0.15625,crc,0.15625,0.15625,16,0.06543355797089617,
32,0.09375,0.90625,0.0,0.3333333333333333,0.13793103448275862,0.15625,rac,0.15625,0.15625,16,0.06543355797089617,
32,0.09375,0.90625,0.0,0.3333333333333333,0.13793103448275862,0.15625,rac_interval_cost,0.15625,0.15625,16,0.06543355797089617,
32,0.09375,0.90625,0.0,0.3333333333333333,0.13793103448275862,0.15625,risktriage,0.15625,0.15625,16,0.06543355797089617,
32,0.09375,0.90625,0.0,0.3333333333333333,0.13793103448275862,0.15625,crc,0.15625,0.15625,16,0.08254263779196445,
32,0.09375,0.90625,0.0,0.3333333333333333,0.13793103448275862,0.15625,rac,0.15625,0.15625,16,0.08254263779196445,
32,0.09375,0.90625,0.0,0.3333333333333333,0.13793103448275862,0.15625,rac_interval_cost,0.15625,0.15625,16,0.08254263779196445,
32,0.09375,0.90625,0.0,0.3333333333333333,0.13793103448275862,0.15625,risktriage,0.15625,0.15625,16,0.08254263779196445,
32,0.09375,0.90625,0.0,0.3333333333333333,0.13793103448275862,0.15625,crc,0.15625,0.15625,16,0.10412527248916964,
32,0.09375,0.90625,0.0,0.3333333333333333,0.13793103448275862,0.15625,rac,0.15625,0.15625,16,0.10412527248916964,
32,0.09375,0.90625,0.0,0.3333333333333333,0.13793103448275862,0.15625,rac_interval_cost,0.15625,0.15625,16,0.10412527248916964,
32,0.09375,0.90625,0.0,0.3333333333333333,0.13793103448275862,0.15625,risktriage,0.15625,0.15625,16,0.10412527248916964,
32,0.09375,0.90625,0.0,0.3333333333333333,0.13793103448275862,0.15625,crc,0.15625,0.15625,16,0.13135117390202064,
32,0.09375,0.90625,0.0,0.3333333333333333,0.13793103448275862,0.15625,rac,0.15625,0.15625,16,0.13135117390202064,
32,0.09375,0.90625,0.0,0.3333333333333333,0.13793103448275862,0.15625,rac_interval_cost,0.15625,0.15625,16,0.13135117390202064,
32,0.09375,0.90625,0.0,0.3333333333333333,0.13793103448275862,0.15625,risktriage,0.15625,0.15625,16,0.13135117390202064,
32,0.09375,0.90625,0.0,0.3333333333333333,0.13793103448275862,0.15625,crc,0.15625,0.15625,16,0.16569590141752966,
32,0.09375,0.90625,0.0,0.3333333333333333,0.13793103448275862,0.15625,rac,0.15625,0.15625,16,0.16569590141752966,
32,0.09375,0.90625,0.0,0.3333333333333333,0.13793103448275862,0.15625,rac_interval_cost,0.15625,0.15625,16,0.16569590141752966,
32,0.09375,0.90625,0.0,0.3333333333333333,0.13793103448275862,0.15625,risktriage,0.15625,0.15625,16,0.16569590141752966,
32,0.09375,0.90625,0.0,0.3333333333333333,0.13793103448275862,0.15625,crc,0.15625,0.15625,16,0.20902083271099983,
32,0.09375,0.90625,0.0,0.3333333333333333,0.13793103448275862,0.15625,rac,0.15625,0.15625,16,0.20902083271099983,
32,0.09375,0.90625,0.0,0.3333333333333333,0.13793103448275862,0.15625,rac_interval_cost,0.15625,0.15625,16,0.20902083271099983,
32,0.09375,0.90625,0.0,0.3333333333333333,0.13793103448275862,0.15625,risktriage,0.15625,0.15625,16,0.20902083271099983,
32,0.09375,0.90625,0.0,0.3333333333333333,0.13793103448275862,0.15625,crc,0.15625,0.15625,16,0.2636740446410201,
32,0.09375,0.90625,0.0,0.3333333333333333,0.13793103448275862,0.15625,rac,0.15625,0.15625,16,0.2636740446410201,
32,0.09375,0.90625,0.0,0.3333333333333333,0.13793103448275862,0.15625,rac_interval_cost,0.15625,0.15625,16,0.2636740446410201,
32,0.09375,0.90625,0.0,0.3333333333333333,0.13793103448275862,0.15625,risktriage,0.15625,0.15625,16,0.2636740446410201,
32,0.09375,0.90625,0.0,0.3333333333333333,0.13793103448275862,0.15625,crc,0.15625,0.15625,16,0.33261757173018824,
32,0.09375,0.90625,0.0,0.3333333333333333,0.13793103448275862,0.15625,rac,0.15625,0.15625,16,0.33261757173018824,
32,0.09375,0.90625,0.0,0.3333333333333333,0.13793103448275862,0.15625,rac_interval_cost,0.15625,0.15625,16,0.33261757173018824,
32,0.09375,0.90625,0.0,0.3333333333333333,0.13793103448275862,0.15625,risktriage,0.15625,0.15625,16,0.33261757173018824,
32,0.09375,0.90625,0.0,0.3333333333333333,0.13793103448275862,0.15625,crc,0.15625,0.15625,16,0.41958793924639254,
32,0.09375,0.90625,0.0,0.3333333333333333,0.13793103448275862,0.15625,rac,0.15625,0.15625,16,0.41958793924639254,
32,0.09375,0.90625,0.0,0.3333333333333333,0.13793103448275862,0.15625,rac_interval_cost,0.15625,0.15625,16,0.41958793924639254,
32,0.09375,0.90625,0.0,0.3333333333333333,0.13793103448275862,0.15625,risktriage,0.15625,0.15625,16,0.41958793924639254,
32,0.09375,0.90625,0.0,0.3333333333333333,0.13793103448275862,0.15625,crc,0.15625,0.15625,16,0.5292986712795961,
32,0.09375,0.90625,0.0,0.3333333333333333,0.13793103448275862,0.15625,rac,0.15625,0.15625,16,0.5292986712795961,
32,0.09375,0.90625,0.0,0.3333333333333333,0.13793103448275862,0.15625,rac_interval_cost,0.15625,0.15625,16,0.5292986712795961,
32,0.09375,0.90625,0.0,0.3333333333333333,0.13793103448275862,0.15625,risktriage,0.15625,0.15625,16,0.5292986712795961,
32,0.09375,0.90625,0.0,0.3333333333333333,0.13793103448275862,0.15625,crc,0.15625,0.15625,16,0.6676957491235959,
32,0.09375,0.90625,0.0,0.3333333333333333,0.13793103448275862,0.15625,rac,0.15625,0.15625,16,0.6676957491235959,
32,0.09375,0.90625,0.0,0.3333333333333333,0.13793103448275862,0.15625,rac_interval_cost,0.15625,0.15625,16,0.6676957491235959,
32,0.09375,0.90625,0.0,0.3333333333333333,0.13793103448275862,0.15625,risktriage,0.15625,0.15625,16,0.6676957491235959,
32,0.09375,0.90625,0.0,0.3333333333333333,0.13793103448275862,0.15625,crc,0.15625,0.15625,16,0.8422798650144763,
32,0.09375,0.90625,0.0,0.3333333333333333,0.13793103448275862,0.15625,rac,0.15625,0.15625,16,0.8422798650144763,
32,0.09375,0.90625,0.0,0.3333333333333333,0.13793103448275862,0.15625,rac_interval_cost,0.15625,0.15625,16,0.8422798650144763,
32,0.09375,0.90625,0.0,0.3333333333333333,0.13793103448275862,0.15625,risktriage,0.15625,0.15625,16,0.8422798650144763,
32,0.09375,0.90625,0.0,0.3333333333333333,0.13793103448275862,0.15625,crc,0.15625,0.15625,16,1.0625129363785755,
32,0.09375,0.90625,0.0,0.3333333333333333,0.13793103448275862,0.15625,rac,0.15625,0.15625,16,1.0625129363785755,
32,0.09375,0.90625,0.0,0.3333333333333333,0.13793103448275862,0.15625,rac_interval_cost,0.15625,0.15625,16,1.0625129363785755,
32,0.09375,0.90625,0.0,0.3333333333333333,0.13793103448275862,0.15625,risktriage,0.15625,0.15625,16,1.0625129363785755,
32,0.09375,0.90625,0.0,0.3333333333333333,0.13793103448275862,0.15625,crc,0.15625,0.15625,16,1.3403309124009746,
32,0.09375,0.90625,0.0,0.3333333333333333,0.13793103448275862,0.15625,rac,0.15625,0.15625,16,1.3403309124009746,
32,0.09375,0.90625,0.0,0.3333333333333333,0.13793103448275862,0.15625,rac_interval_cost,0.15625,0.15625,16,1.3403309124009746,
32,0.09375,0.90625,0.0,0.3333333333333333,0.13793103448275862,0.15625,risktriage,0.15625,0.15625,16,1.3403309124009746,
32,0.09375,0.90625,0.0,0.3333333333333333,0.13793103448275862,0.15625,crc,0.15625,0.15625,16,1.6907906654395188,
32,0.09375,0.90625,0.0,0.3333333333333333,0.13793103448275862,0.15625,rac,0.15625,0.15625,16,1.6907906654395188,
32,0.09375,0.90625,0.0,0.3333333333333333,0.13793103448275862,0.15625,rac_interval_cost,0.15625,0.15625,16,1.6907906654395188,
32,0.09375,0.90625,0.0,0.3333333333333333,0.13793103448275862,0.15625,risktriage,0.15625,0.15625,16,1.6907906654395188,
32,0.09375,0.90625,0.0,0.3333333333333333,0.13793103448275862,0.15625,crc,0.15625,0.15625,16,2.1328860267920002,
32,0.09375,0.90625,0.0,0.3333333333333333,0.13793103448275862,0.15625,rac,0.15625,0.15625,16,2.1328860267920002,
32,0.09375,0.90625,0.0,0.3333333333333333,0.13793103448275862,0.15625,rac_interval_cost,0.15625,0.15625,16,2.1328860267920002,
32,0.09375,0.90625,0.0,0.3333333333333333,0.13793103448275862,0.15625,risktriage,0.15625,0.15625,16,2.1328860267920002,
32,0.0625,0.90625,0.03125,0.0,0.13793103448275862,0.125,crc,0.125,0.13125,16,2.690577193423295,
32,0.0625,0.90625,0.03125,0.0,0.13793103448275862,0.125,rac,0.125,0.13125,16,2.690577193423295,
32,0.0625,0.90625,0.03125,0.0,0.13793103448275862,0.125,rac_interval_cost,0.125,0.13125,16,2.690577193423295,
32,0.09375,0.90625,0.0,0.3333333333333333,0.13793103448275862,0.15625,risktriage,0.15625,0.15625,16,2.690577193423295,
32,0.0625,0.90625,0.03125,0.0,0.13793103448275862,0.125,crc,0.125,0.13125,16,3.3940892963032865,
32,0.0625,0.90625,0.03125,0.0,0.13793103448275862,0.125,rac,0.125,0.13125,16,3.3940892963032865,
32,0.0625,0.90625,0.03125,0.0,0.13793103448275862,0.125,rac_interval_cost,0.125,0.13125,16,3.3940892963032865,
32,0.0625,0.90625,0.03125,0.0,0.13793103448275862,0.125,risktriage,0.125,0.13125,16,3.3940892963032865,
32,0.0625,0.90625,0.03125,0.0,0.13793103448275862,0.125,crc,0.125,0.13125,16,4.28155050873063,
32,0.0625,0.90625,0.03125,0.0,0.13793103448275862,0.125,rac,0.125,0.13125,16,4.28155050873063,
32,0.0625,0.90625,0.03125,0.0,0.13793103448275862,0.125,rac_interval_cost,0.125,0.13125,16,4.28155050873063,
32,0.0625,0.90625,0.03125,0.0,0.13793103448275862,0.125,risktriage,0.125,0.13125,16,4.28155050873063,
32,0.0625,0.84375,0.09375,0.0,0.14814814814814814,0.125,crc,0.125,0.14375,16,5.401058475031192,
32,0.0625,0.84375,0.09375,0.0,0.14814814814814814,0.125,rac,0.125,0.14375,16,5.401058475031192,
32,0.0625,0.84375,0.09375,0.0,0.14814814814814814,0.125,rac_interval_cost,0.125,0.14375,16,5.401058475031192,
32,0.0625,0.90625,0.03125,0.0,0.13793103448275862,0.125,risktriage,0.125,0.13125,16,5.401058475031192,
32,0.0625,0.8125,0.125,0.0,0.11538461538461539,0.09375,crc,0.09375,0.11875,16,6.813287053655439,
32,0.0625,0.8125,0.125,0.0,0.11538461538461539,0.09375,rac,0.09375,0.11875,16,6.813287053655439,
32,0.0625,0.8125,0.125,0.0,0.11538461538461539,0.09375,rac_interval_cost,0.09375,0.11875,16,6.813287053655439,
32,0.0625,0.84375,0.09375,0.0,0.14814814814814814,0.125,risktriage,0.125,0.14375,16,6.813287053655439,
32,0.0625,0.8125,0.125,0.0,0.11538461538461539,0.09375,crc,0.09375,0.11875,16,8.594774652063128,
32,0.0625,0.8125,0.125,0.0,0.11538461538461539,0.09375,rac,0.09375,0.11875,16,8.594774652063128,
32,0.0625,0.8125,0.125,0.0,0.11538461538461539,0.09375,rac_interval_cost,0.09375,0.11875,16,8.594774652063128,
32,0.0625,0.8125,0.125,0.0,0.11538461538461539,0.09375,risktriage,0.09375,0.11875,16,8.594774652063128,
32,0.0625,0.78125,0.15625,0.0,0.08,0.0625,crc,0.0625,0.09375,16,10.842072370943828,
32,0.0625,0.78125,0.15625,0.0,0.08,0.0625,rac,0.0625,0.09375,16,10.842072370943828,
32,0.0625,0.78125,0.15625,0.0,0.08,0.0625,rac_interval_cost,0.0625,0.09375,16,10.842072370943828,
32,0.0625,0.8125,0.125,0.0,0.11538461538461539,0.09375,risktriage,0.09375,0.11875,16,10.842072370943828,
32,0.0625,0.71875,0.21875,0.0,0.043478260869565216,0.03125,crc,0.03125,0.075,16,13.676976774320194,
32,0.0625,0.71875,0.21875,0.0,0.043478260869565216,0.03125,rac,0.03125,0.075,16,13.676976774320194,
32,0.0625,0.71875,0.21875,0.0,0.043478260869565216,0.03125,rac_interval_cost,0.03125,0.075,16,13.676976774320194,
32,0.0625,0.78125,0.15625,0.0,0.08,0.0625,risktriage,0.0625,0.09375,16,13.676976774320194,
32,0.0625,0.625,0.3125,0.0,0.0,0.0,crc,0.0,0.0625,16,17.253130885438864,
32,0.0625,0.625,0.3125,0.0,0.0,0.0,rac,0.0,0.0625,16,17.253130885438864,
32,0.0625,0.625,0.3125,0.0,0.0,0.0,rac_interval_cost,0.0,0.0625,16,17.253130885438864,
32,0.0625,0.6875,0.25,0.0,0.0,0.0,risktriage,0.0,0.05,16,17.253130885438864,
32,0.0625,0.53125,0.40625,0.0,0.0,0.0,crc,0.0,0.08125,16,21.76435116194598,
32,0.0625,0.53125,0.40625,0.0,0.0,0.0,rac,0.0,0.08125,16,21.76435116194598,
32,0.0625,0.53125,0.40625,0.0,0.0,0.0,rac_interval_cost,0.0,0.08125,16,21.76435116194598,
32,0.0625,0.5625,0.375,0.0,0.0,0.0,risktriage,0.0,0.07500000000000001,16,21.76435116194598,
32,0.0625,0.3125,0.625,0.0,0.0,0.0,crc,0.0,0.125,16,27.4551317465677,
32,0.0625,0.3125,0.625,0.0,0.0,0.0,rac,0.0,0.125,16,27.4551317465677,
32,0.0625,0.3125,0.625,0.0,0.0,0.0,rac_interval_cost,0.0,0.125,16,27.4551317465677,
32,0.0625,0.46875,0.46875,0.0,0.0,0.0,risktriage,0.0,0.09375,16,27.4551317465677,
32,0.0625,0.25,0.6875,0.0,0.0,0.0,crc,0.0,0.1375,16,34.63389529109175,
32,0.0625,0.25,0.6875,0.0,0.0,0.0,rac,0.0,0.1375,16,34.63389529109175,
32,0.0625,0.25,0.6875,0.0,0.0,0.0,rac_interval_cost,0.0,0.1375,16,34.63389529109175,
32,0.0625,0.28125,0.65625,0.0,0.0,0.0,risktriage,0.0,0.13125,16,34.63389529109175,
32,0.0625,0.1875,0.75,0.0,0.0,0.0,crc,0.0,0.15000000000000002,16,43.68970850719978,
32,0.0625,0.1875,0.75,0.0,0.0,0.0,rac,0.0,0.15000000000000002,16,43.68970850719978,
32,0.0625,0.1875,0.75,0.0,0.0,0.0,rac_interval_cost,0.0,0.15000000000000002,16,43.68970850719978,
32,0.0625,0.25,0.6875,0.0,0.0,0.0,risktriage,0.0,0.1375,16,43.68970850719978,
32,0.03125,0.15625,0.8125,0.0,0.0,0.0,crc,0.0,0.1625,16,55.11336837514326,
32,0.03125,0.15625,0.8125,0.0,0.0,0.0,rac,0.0,0.1625,16,55.11336837514326,
32,0.03125,0.15625,0.8125,0.0,0.0,0.0,rac_interval_cost,0.0,0.1625,16,55.11336837514326,
32,0.0625,0.15625,0.78125,0.0,0.0,0.0,risktriage,0.0,0.15625,16,55.11336837514326,
32,0.09375,0.90625,0.0,0.3333333333333333,0.13793103448275862,0.15625,uncertainty,0.15625,0.15625,16,0.0,
32,0.09375,0.84375,0.0625,0.3333333333333333,0.14814814814814814,0.15625,uncertainty,0.15625,0.16875,16,0.05,
32,0.09375,0.8125,0.09375,0.3333333333333333,0.15384615384615385,0.15625,uncertainty,0.15625,0.175,16,0.1,
32,0.09375,0.75,0.15625,0.3333333333333333,0.125,0.125,uncertainty,0.125,0.15625,16,0.15000000000000002,
32,0.09375,0.71875,0.1875,0.3333333333333333,0.13043478260869565,0.125,uncertainty,0.125,0.1625,16,0.2,
32,0.09375,0.65625,0.25,0.3333333333333333,0.09523809523809523,0.09375,uncertainty,0.09375,0.14375000000000002,16,0.25,
32,0.09375,0.59375,0.3125,0.3333333333333333,0.10526315789473684,0.09375,uncertainty,0.09375,0.15625000000000003,16,0.30000000000000004,
32,0.09375,0.5625,0.34375,0.3333333333333333,0.1111111111111111,0.09375,uncertainty,0.09375,0.16250000000000003,16,0.35000000000000003,
32,0.09375,0.5,0.40625,0.3333333333333333,0.0625,0.0625,uncertainty,0.0625,0.14375,16,0.4,
32,0.09375,0.46875,0.4375,0.3333333333333333,0.06666666666666667,0.0625,uncertainty,0.0625,0.15,16,0.45,
32,0.09375,0.40625,0.5,0.3333333333333333,0.07692307692307693,0.0625,uncertainty,0.0625,0.16249999999999998,16,0.5,
32,0.09375,0.34375,0.5625,0.3333333333333333,0.09090909090909091,0.0625,uncertainty,0.0625,0.175,16,0.55,
32,0.09375,0.3125,0.59375,0.3333333333333333,0.1,0.0625,uncertainty,0.0625,0.18125,16,0.6000000000000001,
32,0.0625,0.28125,0.65625,0.0,0.1111111111111111,0.03125,uncertainty,0.03125,0.1625,16,0.65,
32,0.0625,0.25,0.6875,0.0,0.0,0.0,uncertainty,0.0,0.1375,16,0.7000000000000001,
32,0.0625,0.1875,0.75,0.0,0.0,0.0,uncertainty,0.0,0.15000000000000002,16,0.75,
32,0.0625,0.125,0.8125,0.0,0.0,0.0,uncertainty,0.0,0.16250000000000003,16,0.8,
32,0.0625,0.09375,0.84375,0.0,0.0,0.0,uncertainty,0.0,0.16875,16,0.8500000000000001,
32,0.03125,0.0625,0.90625,0.0,0.0,0.0,uncertainty,0.0,0.18125000000000002,16,0.9,
32,0.0,0.0625,0.9375,,0.0,0.0,uncertainty,0.0,0.1875,16,0.9500000000000001,
32,0.0,0.0,1.0,,,0.0,uncertainty,0.0,0.2,16,1.0,
32,0.0625,0.25,0.6875,0.0,0.0,0.0,split_cp,0.0,0.1375,16,0.02,0.9375
32,0.0625,0.25,0.6875,0.0,0.0,0.0,split_cp,0.0,0.1375,16,0.05,0.9375
32,0.0625,0.25,0.6875,0.0,0.0,0.0,split_cp,0.0,0.1375,16,0.08,0.9375
32,0.0625,0.25,0.6875,0.0,0.0,0.0,split_cp,0.0,0.1375,16,0.11,0.9375
32,0.0625,0.28125,0.65625,0.0,0.0,0.0,split_cp,0.0,0.13125,16,0.13999999999999999,0.875
32,0.0625,0.28125,0.65625,0.0,0.0,0.0,split_cp,0.0,0.13125,16,0.16999999999999998,0.875
32,0.0625,0.4375,0.5,0.0,0.0,0.0,split_cp,0.0,0.1,16,0.19999999999999998,0.84375
32,0.0625,0.4375,0.5,0.0,0.0,0.0,split_cp,0.0,0.1,16,0.22999999999999998,0.84375
32,0.0625,0.53125,0.40625,0.0,0.0,0.0,split_cp,0.0,0.08125,16,0.26,0.84375
32,0.0625,0.5625,0.375,0.0,0.0,0.0,split_cp,0.0,0.07500000000000001,16,0.29000000000000004,0.75
32,0.0625,0.71875,0.21875,0.0,0.043478260869565216,0.03125,split_cp,0.03125,0.075,16,0.32,0.75
32,0.0625,0.71875,0.21875,0.0,0.043478260869565216,0.03125,split_cp,0.03125,0.075,16,0.35,0.71875
32,0.0625,0.75,0.1875,0.0,0.08333333333333333,0.0625,split_cp,0.0625,0.1,16,0.38,0.71875
32,0.0625,0.78125,0.15625,0.0,0.08,0.0625,split_cp,0.0625,0.09375,16,0.41000000000000003,0.5625
32,0.0625,0.78125,0.15625,0.0,0.08,0.0625,split_cp,0.0625,0.09375,16,0.44,0.5625
32,0.0625,0.8125,0.125,0.0,0.11538461538461539,0.09375,split_cp,0.09375,0.11875,16,0.47,0.5625
32,0.0625,0.90625,0.03125,0.0,0.13793103448275862,0.125,split_cp,0.125,0.13125,16,0.5,0.40625
31,0.1935483870967742,0.8064516129032258,0.0,0.16666666666666666,0.16,0.16129032258064516,crc,0.16129032258064516,0.16129032258064516,17,0.0,
31,0.1935483870967742,0.8064516129032258,0.0,0.16666666666666666,0.16,0.16129032258064516,rac,0.16129032258064516,0.16129032258064516,17,0.0,
31,0.1935483870967742,0.8064516129032258,0.0,0.16666666666666666,0.16,0.16129032258064516,rac_interval_cost,0.16129032258064516,0.16129032258064516,17,0.0,
31,0.1935483870967742,0.8064516129032258,0.0,0.16666666666666666,0.16,0.16129032258064516,risktriage,0.16129032258064516,0.16129032258064516,17,0.0,
31,0.1935483870967742,0.8064516129032258,0.0,0.16666666666666666,0.16,0.16129032258064516,crc,0.16129032258064516,0.16129032258064516,17,0.001,
31,0.1935483870967742,0.8064516129032258,0.0,0.16666666666666666,0.16,0.16129032258064516,rac,0.16129032258064516,0.16129032258064516,17,0.001,
31,0.1935483870967742,0.8064516129032258,0.0,0.16666666666666666,0.16,0.16129032258064516,rac_interval_cost,0.16129032258064516,0.16129032258064516,17,0.001,
31,0.1935483870967742,0.8064516129032258,0.0,0.16666666666666666,0.16,0.16129032258064516,risktriage,0.16129032258064516,0.16129032258064516,17,0.001,
31,0.1935483870967742,0.8064516129032258,0.0,0.16666666666666666,0.16,0.16129032258064516,crc,0.16129032258064516,0.16129032258064516,17,0.0012569551073824624,
31,0.1935483870967742,0.8064516129032258,0.0,0.16666666666666666,0.16,0.16129032258064516,rac,0.16129032258064516,0.16129032258064516,17,0.0012569551073824624,
31,0.1935483870967742,0.8064516129032258,0.0,0.16666666666666666,0.16,0.16129032258064516,rac_interval_cost,0.16129032258064516,0.16129032258064516,17,0.0012569551073824624,
31,0.1935483870967742,0.8064516129032258,0.0,0.16666666666666666,0.16,0.16129032258064516,risktriage,0.16129032258064516,0.16129032258064516,17,0.0012569551073824624,
31,0.1935483870967742,0.8064516129032258,0.0,0.16666666666666666,0.16,0.16129032258064516,crc,0.16129032258064516,0.16129032258064516,17,0.0015799361419748593,
31,0.1935483870967742,0.8064516129032258,0.0,0.16666666666666666,0.16,0.16129032258064516,rac,0.16129032258064516,0.16129032258064516,17,0.0015799361419748593,
31,0.1935483870967742,0.8064516129032258,0.0,0.16666666666666666,0.16,0.16129032258064516,rac_interval_cost,0.16129032258064516,0.16129032258064516,17,0.0015799361419748593,
31,0.1935483870967742,0.8064516129032258,0.0,0.16666666666666666,0.16,0.16129032258064516,risktriage,0.16129032258064516,0.16129032258064516,17,0.0015799361419748593,
31,0.1935483870967742,0.8064516129032258,0.0,0.16666666666666666,0.16,0.16129032258064516,crc,0.16129032258064516,0.16129032258064516,17,0.0019859088029934428,
31,0.1935483870967742,0.8064516129032258,0.0,0.16666666666666666,0.16,0.16129032258064516,rac,0.16129032258064516,0.16129032258064516,17,0.0019859088029934428,
31,0.1935483870967742,0.8064516129032258,0.0,0.16666666666666666,0.16,0.16129032258064516,rac_interval_cost,0.16129032258064516,0.16129032258064516,17,0.0019859088029934428,
31,0.1935483870967742,0.8064516129032258,0.0,0.16666666666666666,0.16,0.16129032258064516,risktriage,0.16129032258064516,0.16129032258064516,17,0.0019859088029934428,
31,0.1935483870967742,0.8064516129032258,0.0,0.16666666666666666,0.16,0.16129032258064516,crc,0.16129032258064516,0.16129032258064516,17,0.002496198212718403,
31,0.1935483870967742,0.8064516129032258,0.0,0.16666666666666666,0.16,0.16129032258064516,rac,0.16129032258064516,0.16129032258064516,17,0.002496198212718403,
31,0.1935483870967742,0.8064516129032258,0.0,0.16666666666666666,0.16,0.16129032258064516,rac_interval_cost,0.16129032258064516,0.16129032258064516,17,0.002496198212718403,
31,0.1935483870967742,0.8064516129032258,0.0,0.16666666666666666,0.16,0.16129032258064516,risktriage,0.16129032258064516,0.16129032258064516,17,0.002496198212718403,
31,0.1935483870967742,0.8064516129032258,0.0,0.16666666666666666,0.16,0.16129032258064516,crc,0.16129032258064516,0.16129032258064516,17,0.0031376090925153708,
31,0.1935483870967742,0.8064516129032258,0.0,0.16666666666666666,0.16,0.16129032258064516,rac,0.16129032258064516,0.16129032258064516,17,0.0031376090925153708,
31,0.1935483870967742,0.8064516129032258,0.0,0.16666666666666666,0.16,0.16129032258064516,rac_interval_cost,0.16129032258064516,0.16129032258064516,17,0.0031376090925153708,
31,0.1935483870967742,0.8064516129032258,0.0,0.16666666666666666,0.16,0.16129032258064516,risktriage,0.16129032258064516,0.16129032258064516,17,0.0031376090925153708,
31,0.1935483870967742,0.8064516129032258,0.0,0.16666666666666666,0.16,0.16129032258064516,crc,0.16129032258064516,0.16129032258064516,17,0.003943833773806848,
31,0.1935483870967742,0.8064516129032258,0.0,0.16666666666666666,0.16,0.16129032258064516,rac,0.16129032258064516,0.16129032258064516,17,0.003943833773806848,
31,0.1935483870967742,0.8064516129032258,0.0,0.16666666666666666,0.16,0.16129032258064516,rac_interval_cost,0.16129032258064516,0.16129032258064516,17,0.003943833773806848,
31,0.1935483870967742,0.8064516129032258,0.0,0.16666666666666666,0.16,0.16129032258064516,risktriage,0.16129032258064516,0.16129032258064516,17,0.003943833773806848,
31,0.1935483870967742,0.8064516129032258,0.0,0.16666666666666666,0.16,0.16129032258064516,crc,0.16129032258064516,0.16129032258064516,17,0.00495722200465397,
31,0.1935483870967742,0.8064516129032258,0.0,0.16666666666666666,0.16,0.16129032258064516,rac,0.16129032258064516,0.16129032258064516,17,0.00495722200465397,
31,0.1935483870967742,0.8064516129032258,0.0,0.16666666666666666,0.16,0.16129032258064516,rac_interval_cost,0.16129032258064516,0.16129032258064516,17,0.00495722200465397,
31,0.1935483870967742,0.8064516129032258,0.0,0.16666666666666666,0.16,0.16129032258064516,risktriage,0.16129032258064516,0.16129032258064516,17,0.00495722200465397,
31,0.1935483870967742,0.8064516129032258,0.0,0.16666666666666666,0.16,0.16129032258064516,crc,0.16129032258064516,0.16129032258064516,17,0.006231005517178543,
31,0.1935483870967742,0.8064516129032258,0.0,0.16666666666666666,0.16,0.16129032258064516,rac,0.16129032258064516,0.16129032258064516,17,0.006231005517178543,
31,0.1935483870967742,0.8064516129032258,0.0,0.16666666666666666,0.16,0.16129032258064516,rac_interval_cost,0.16129032258064516,0.16129032258064516,17,0.006231005517178543,
31,0.1935483870967742,0.8064516129032258,0.0,0.16666666666666666,0.16,0.16129032258064516,risktriage,0.16129032258064516,0.16129032258064516,17,0.006231005517178543,
31,0.1935483870967742,0.8064516129032258,0.0,0.16666666666666666,0.16,0.16129032258064516,crc,0.16129032258064516,0.16129032258064516,17,0.00783209420894588,
31,0.1935483870967742,0.8064516129032258,0.0,0.16666666666666666,0.16,0.16129032258064516,rac,0.16129032258064516,0.16129032258064516,17,0.00783209420894588,
31,0.1935483870967742,0.8064516129032258,0.0,0.16666666666666666,0.16,0.16129032258064516,rac_interval_cost,0.16129032258064516,0.16129032258064516,17,0.00783209420894588,
31,0.1935483870967742,0.8064516129032258,0.0,0.16666666666666666,0.16,0.16129032258064516,risktriage,0.16129032258064516,0.16129032258064516,17,0.00783209420894588,
31,0.1935483870967742,0.8064516129032258,0.0,0.16666666666666666,0.16,0.16129032258064516,crc,0.16129032258064516,0.16129032258064516,17,0.00984459081743513,
31,0.1935483870967742,0.8064516129032258,0.0,0.16666666666666666,0.16,0.16129032258064516,rac,0.16129032258064516,0.16129032258064516,17,0.00984459081743513,
31,0.1935483870967742,0.8064516129032258,0.0,0.16666666666666666,0.16,0.16129032258064516,rac_interval_cost,0.16129032258064516,0.16129032258064516,17,0.00984459081743513,
31,0.1935483870967742,0.8064516129032258,0.0,0.16666666666666666,0.16,0.16129032258064516,risktriage,0.16129032258064516,0.16129032258064516,17,0.00984459081743513,
31,0.1935483870967742,0.8064516129032258,0.0,0.16666666666666666,0.16,0.16129032258064516,crc,0.16129032258064516,0.16129032258064516,17,0.012374208708065578,
31,0.1935483870967742,0.8064516129032258,0.0,0.16666666666666666,0.16,0.16129032258064516,rac,0.16129032258064516,0.16129032258064516,17,0.012374208708065578,
31,0.1935483870967742,0.8064516129032258,0.0,0.16666666666666666,0.16,0.16129032258064516,rac_interval_cost,0.16129032258064516,0.16129032258064516,17,0.012374208708065578,
31,0.1935483870967742,0.8064516129032258,0.0,0.16666666666666666,0.16,0.16129032258064516,risktriage,0.16129032258064516,0.16129032258064516,17,0.012374208708065578,
31,0.1935483870967742,0.8064516129032258,0.0,0.16666666666666666,0.16,0.16129032258064516,crc,0.16129032258064516,0.16129032258064516,17,0.015553824835419578,
31,0.1935483870967742,0.8064516129032258,0.0,0.16666666666666666,0.16,0.16129032258064516,rac,0.16129032258064516,0.16129032258064516,17,0.015553824835419578,
31,0.1935483870967742,0.8064516129032258,0.0,0.16666666666666666,0.16,0.16129032258064516,rac_interval_cost,0.16129032258064516,0.16129032258064516,17,0.015553824835419578,
31,0.1935483870967742,0.8064516129032258,0.0,0.16666666666666666,0.16,0.16129032258064516,risktriage,0.16129032258064516,0.16129032258064516,17,0.015553824835419578,
31,0.1935483870967742,0.8064516129032258,0.0,0.16666666666666666,0.16,0.16129032258064516,crc,0.16129032258064516,0.16129032258064516,17,0.019550459566212836,
31,0.1935483870967742,0.8064516129032258,0.0,0.16666666666666666,0.16,0.16129032258064516,rac,0.16129032258064516,0.16129032258064516,17,0.019550459566212836,
31,0.1935483870967742,0.8064516129032258,0.0,0.16666666666666666,0.16,0.16129032258064516,rac_interval_cost,0.16129032258064516,0.16129032258064516,17,0.019550459566212836,
31,0.1935483870967742,0.8064516129032258,0.0,0.16666666666666666,0.16,0.16129032258064516,risktriage,0.16129032258064516,0.16129032258064516,17,0.019550459566212836,
31,0.1935483870967742,0.8064516129032258,0.0,0.16666666666666666,0.16,0.16129032258064516,crc,0.16129032258064516,0.16129032258064516,17,0.024574050003425548,
31,0.1935483870967742,0.8064516129032258,0.0,0.16666666666666666,0.16,0.16129032258064516,rac,0.16129032258064516,0.16129032258064516,17,0.024574050003425548,
31,0.1935483870967742,0.8064516129032258,0.0,0.16666666666666666,0.16,0.16129032258064516,rac_interval_cost,0.16129032258064516,0.16129032258064516,17,0.024574050003425548,
31,0.1935483870967742,0.8064516129032258,0.0,0.16666666666666666,0.16,0.16129032258064516,risktriage,0.16129032258064516,0.16129032258064516,17,0.024574050003425548,
31,0.1935483870967742,0.8064516129032258,0.0,0.16666666666666666,0.16,0.16129032258064516,crc,0.16129032258064516,0.16129032258064516,17,0.030888477660877777,
31,0.1935483870967742,0.8064516129032258,0.0,0.16666666666666666,0.16,0.16129032258064516,rac,0.16129032258064516,0.16129032258064516,17,0.030888477660877777,
31,0.1935483870967742,0.8064516129032258,0.0,0.16666666666666666,0.16,0.16129032258064516,rac_interval_cost,0.16129032258064516,0.16129032258064516,17,0.030888477660877777,
31,0.1935483870967742,0.8064516129032258,0.0,0.16666666666666666,0.16,0.16129032258064516,risktriage,0.16129032258064516,0.16129032258064516,17,0.030888477660877777,
31,0.1935483870967742,0.8064516129032258,0.0,0.16666666666666666,0.16,0.16129032258064516,crc,0.16129032258064516,0.16129032258064516,17,0.038825429755109435,
31,0.1935483870967742,0.8064516129032258,0.0,0.16666666666666666,0.16,0.16129032258064516,rac,0.16129032258064516,0.16129032258064516,17,0.038825429755109435,
31,0.1935483870967742,0.8064516129032258,0.0,0.16666666666666666,0.16,0.16129032258064516,rac_interval_cost,0.16129032258064516,0.16129032258064516,17,0.038825429755109435,
31,0.1935483870967742,0.8064516129032258,0.0,0.16666666666666666,0.16,0.16129032258064516,risktriage,0.16129032258064516,0.16129032258064516,17,0.038825429755109435,
31,0.1935483870967742,0.8064516129032258,0.0,0.16666666666666666,0.16,0.16129032258064516,crc,0.16129032258064516,0.16129032258064516,17,0.04880182222700386,
31,0.1935483870967742,0.8064516129032258,0.0,0.16666666666666666,0.16,0.16129032258064516,rac,0.16129032258064516,0.16129032258064516,17,0.04880182222700386,
31,0.1935483870967742,0.8064516129032258,0.0,0.16666666666666666,0.16,0.16129032258064516,rac_interval_cost,0.16129032258064516,0.16129032258064516,17,0.04880182222700386,
31,0.1935483870967742,0.8064516129032258,0.0,0.16666666666666666,0.16,0.16129032258064516,risktriage,0.16129032258064516,0.16129032258064516,17,0.04880182222700386,
31,0.1935483870967742,0.8064516129032258,0.0,0.16666666666666666,0.16,0.16129032258064516,crc,0.16129032258064516,0.16129032258064516,17,0.061341699697803516,
31,0.1935483870967742,0.8064516129032258,0.0,0.16666666666666666,0.16,0.16129032258064516,rac,0.16129032258064516,0.16129032258064516,17,0.061341699697803516,
31,0.1935483870967742,0.8064516129032258,0.0,0.16666666666666666,0.16,0.16129032258064516,rac_interval_cost,0.16129032258064516,0.16129032258064516,17,0.061341699697803516,
31,0.1935483870967742,0.8064516129032258,0.0,0.16666666666666666,0.16,0.16129032258064516,risktriage,0.16129032258064516,0.16129032258064516,17,0.061341699697803516,
31,0.1935483870967742,0.8064516129032258,0.0,0.16666666666666666,0.16,0.16129032258064516,crc,0.16129032258064516,0.16129032258064516,17,0.07710376273067537,
31,0.1935483870967742,0.8064516129032258,0.0,0.16666666666666666,0.16,0.16129032258064516,rac,0.16129032258064516,0.16129032258064516,17,0.07710376273067537,
31,0.1935483870967742,0.8064516129032258,0.0,0.16666666666666666,0.16,0.16129032258064516,rac_interval_cost,0.16129032258064516,0.16129032258064516,17,0.07710376273067537,
31,0.1935483870967742,0.8064516129032258,0.0,0.16666666666666666,0.16,0.16129032258064516,risktriage,0.16129032258064516,0.16129032258064516,17,0.07710376273067537,
31,0.1935483870967742,0.8064516129032258,0.0,0.16666666666666666,0.16,0.16129032258064516,crc,0.16129032258064516,0.16129032258064516,17,0.09691596836272803,
31,0.1935483870967742,0.8064516129032258,0.0,0.16666666666666666,0.16,0.16129032258064516,rac,0.16129032258064516,0.16129032258064516,17,0.09691596836272803,
31,0.1935483870967742,0.8064516129032258,0.0,0.16666666666666666,0.16,0.16129032258064516,rac_interval_cost,0.16129032258064516,0.16129032258064516,17,0.09691596836272803,
31,0.1935483870967742,0.8064516129032258,0.0,0.16666666666666666,0.16,0.16129032258064516,risktriage,0.16129032258064516,0.16129032258064516,17,0.09691596836272803,
31,0.1935483870967742,0.8064516129032258,0.0,0.16666666666666666,0.16,0.16129032258064516,crc,0.16129032258064516,0.16129032258064516,17,0.1218190214204482,
31,0.1935483870967742,0.8064516129032258,0.0,0.16666666666666666,0.16,0.16129032258064516,rac,0.16129032258064516,0.16129032258064516,17,0.1218190214204482,
31,0.1935483870967742,0.8064516129032258,0.0,0.16666666666666666,0.16,0.16129032258064516,rac_interval_cost,0.16129032258064516,0.16129032258064516,17,0.1218190214204482,
31,0.1935483870967742,0.8064516129032258,0.0,0.16666666666666666,0.16,0.16129032258064516,risktriage,0.16129032258064516,0.16129032258064516,17,0.1218190214204482,
31,0.1935483870967742,0.8064516129032258,0.0,0.16666666666666666,0.16,0.16129032258064516,crc,0.16129032258064516,0.16129032258064516,17,0.15312104115076597,
31,0.1935483870967742,0.8064516129032258,0.0,0.16666666666666666,0.16,0.16129032258064516,rac,0.16129032258064516,0.16129032258064516,17,0.15312104115076597,
31,0.1935483870967742,0.8064516129032258,0.0,0.16666666666666666,0.16,0.16129032258064516,rac_interval_cost,0.16129032258064516,0.16129032258064516,17,0.15312104115076597,
31,0.1935483870967742,0.8064516129032258,0.0,0.16666666666666666,0.16,0.16129032258064516,risktriage,0.16129032258064516,0.16129032258064516,17,0.15312104115076597,
31,0.1935483870967742,0.8064516129032258,0.0,0.16666666666666666,0.16,0.16129032258064516,crc,0.16129032258064516,0.16129032258064516,17,0.1924662747221757,
31,0.1935483870967742,0.8064516129032258,0.0,0.16666666666666666,0.16,0.16129032258064516,rac,0.16129032258064516,0.16129032258064516,17,0.1924662747221757,
31,0.1935483870967742,0.8064516129032258,0.0,0.16666666666666666,0.16,0.16129032258064516,rac_interval_cost,0.16129032258064516,0.16129032258064516,17,0.1924662747221757,
31,0.1935483870967742,0.8064516129032258,0.0,0.16666666666666666,0.16,0.16129032258064516,risktriage,0.16129032258064516,0.16129032258064516,17,0.1924662747221757,
31,0.1935483870967742,0.8064516129032258,0.0,0.16666666666666666,0.16,0.16129032258064516,crc,0.16129032258064516,0.16129032258064516,17,0.24192146701091485,
31,0.1935483870967742,0.8064516129032258,0.0,0.16666666666666666,0.16,0.16129032258064516,rac,0.16129032258064516,0.16129032258064516,17,0.24192146701091485,
31,0.1935483870967742,0.8064516129032258,0.0,0.16666666666666666,0.16,0.16129032258064516,rac_interval_cost,0.16129032258064516,0.16129032258064516,17,0.24192146701091485,
31,0.1935483870967742,0.8064516129032258,0.0,0.16666666666666666,0.16,0.16129032258064516,risktriage,0.16129032258064516,0.16129032258064516,17,0.24192146701091485,
31,0.16129032258064516,0.8064516129032258,0.03225806451612903,0.0,0.16,0.12903225806451613,crc,0.12903225806451613,0.13548387096774195,17,0.30408442354482734,
31,0.16129032258064516,0.8064516129032258,0.03225806451612903,0.0,0.16,0.12903225806451613,rac,0.12903225806451613,0.13548387096774195,17,0.30408442354482734,
31,0.16129032258064516,0.8064516129032258,0.03225806451612903,0.0,0.16,0.12903225806451613,rac_interval_cost,0.12903225806451613,0.13548387096774195,17,0.30408442354482734,
31,0.1935483870967742,0.8064516129032258,0.0,0.16666666666666666,0.16,0.16129032258064516,risktriage,0.16129032258064516,0.16129032258064516,17,0.30408442354482734,
31,0.16129032258064516,0.8064516129032258,0.03225806451612903,0.0,0.16,0.12903225806451613,crc,0.12903225806451613,0.13548387096774195,17,0.38222046925012304,
31,0.16129032258064516,0.8064516129032258,0.03225806451612903,0.0,0.16,0.12903225806451613,rac,0.12903225806451613,0.13548387096774195,17,0.38222046925012304,
31,0.16129032258064516,0.8064516129032258,0.03225806451612903,0.0,0.16,0.12903225806451613,rac_interval_cost,0.12903225806451613,0.13548387096774195,17,0.38222046925012304,
31,0.16129032258064516,0.8064516129032258,0.03225806451612903,0.0,0.16,0.12903225806451613,risktriage,0.12903225806451613,0.13548387096774195,17,0.38222046925012304,
31,0.16129032258064516,0.8064516129032258,0.03225806451612903,0.0,0.16,0.12903225806451613,crc,0.12903225806451613,0.13548387096774195,17,0.4804339709700636,
31,0.16129032258064516,0.8064516129032258,0.03225806451612903,0.0,0.16,0.12903225806451613,rac,0.12903225806451613,0.13548387096774195,17,0.4804339709700636,
31,0.16129032258064516,0.8064516129032258,0.03225806451612903,0.0,0.16,0.12903225806451613,rac_interval_cost,0.12903225806451613,0.13548387096774195,17,0.4804339709700636,
31,0.16129032258064516,0.8064516129032258,0.03225806451612903,0.0,0.16,0.12903225806451613,risktriage,0.12903225806451613,0.13548387096774195,17,0.4804339709700636,
31,0.16129032258064516,0.8064516129032258,0.03225806451612903,0.0,0.16,0.12903225806451613,crc,0.12903225806451613,0.13548387096774195,17,0.6038839335708591,
31,0.16129032258064516,0.8064516129032258,0.03225806451612903,0.0,0.16,0.12903225806451613,rac,0.12903225806451613,0.13548387096774195,17,0.6038839335708591,
31,0.16129032258064516,0.8064516129032258,0.03225806451612903,0.0,0.16,0.12903225806451613,rac_interval_cost,0.12903225806451613,0.13548387096774195,17,0.6038839335708591,
31,0.16129032258064516,0.8064516129032258,0.03225806451612903,0.0,0.16,0.12903225806451613,risktriage,0.12903225806451613,0.13548387096774195,17,0.6038839335708591,
31,0.16129032258064516,0.8064516129032258,0.03225806451612903,0.0,0.16,0.12903225806451613,crc,0.12903225806451613,0.13548387096774195,17,0.7590549945681039,
31,0.16129032258064516,0.8064516129032258,0.03225806451612903,0.0,0.16,0.12903225806451613,rac,0.12903225806451613,0.13548387096774195,17,0.7590549945681039,
31,0.16129032258064516,0.8064516129032258,0.03225806451612903,0.0,0.16,0.12903225806451613,rac_interval_cost,0.12903225806451613,0.13548387096774195,17,0.7590549945681039,
31,0.16129032258064516,0.8064516129032258,0.03225806451612903,0.0,0.16,0.12903225806451613,risktriage,0.12903225806451613,0.13548387096774195,17,0.7590549945681039,
31,0.16129032258064516,0.8064516129032258,0.03225806451612903,0.0,0.16,0.12903225806451613,crc,0.12903225806451613,0.13548387096774195,17,0.9540980522065454,
31,0.16129032258064516,0.8064516129032258,0.03225806451612903,0.0,0.16,0.12903225806451613,rac,0.12903225806451613,0.13548387096774195,17,0.9540980522065454,
31,0.16129032258064516,0.8064516129032258,0.03225806451612903,0.0,0.16,0.12903225806451613,rac_interval_cost,0.12903225806451613,0.13548387096774195,17,0.9540980522065454,
31,0.16129032258064516,0.8064516129032258,0.03225806451612903,0.0,0.16,0.12903225806451613,risktriage,0.12903225806451613,0.13548387096774195,17,0.9540980522065454,
31,0.16129032258064516,0.8064516129032258,0.03225806451612903,0.0,0.16,0.12903225806451613,crc,0.12903225806451613,0.13548387096774195,17,1.1992584196646778,
31,0.16129032258064516,0.8064516129032258,0.03225806451612903,0.0,0.16,0.12903225806451613,rac,0.12903225806451613,0.13548387096774195,17,1.1992584196646778,
31,0.16129032258064516,0.8064516129032258,0.03225806451612903,0.0,0.16,0.12903225806451613,rac_interval_cost,0.12903225806451613,0.13548387096774195,17,1.1992584196646778,
31,0.16129032258064516,0.8064516129032258,0.03225806451612903,0.0,0.16,0.12903225806451613,risktriage,0.12903225806451613,0.13548387096774195,17,1.1992584196646778,
31,0.16129032258064516,0.8064516129032258,0.03225806451612903,0.0,0.16,0.12903225806451613,crc,0.12903225806451613,0.13548387096774195,17,1.5074139956689372,
31,0.16129032258064516,0.8064516129032258,0.03225806451612903,0.0,0.16,0.12903225806451613,rac,0.12903225806451613,0.13548387096774195,17,1.5074139956689372,
31,0.16129032258064516,0.8064516129032258,0.03225806451612903,0.0,0.16,0.12903225806451613,rac_interval_cost,0.12903225806451613,0.13548387096774195,17,1.5074139956689372,
31,0.16129032258064516,0.8064516129032258,0.03225806451612903,0.0,0.16,0.12903225806451613,risktriage,0.12903225806451613,0.13548387096774195,17,1.5074139956689372,
31,0.16129032258064516,0.8064516129032258,0.03225806451612903,0.0,0.16,0.12903225806451613,crc,0.12903225806451613,0.13548387096774195,17,1.894751720795876,
31,0.16129032258064516,0.8064516129032258,0.03225806451612903,0.0,0.16,0.12903225806451613,rac,0.12903225806451613,0.13548387096774195,17,1.894751720795876,
31,0.16129032258064516,0.8064516129032258,0.03225806451612903,0.0,0.16,0.12903225806451613,rac_interval_cost,0.12903225806451613,0.13548387096774195,17,1.894751720795876,
31,0.16129032258064516,0.8064516129032258,0.03225806451612903,0.0,0.16,0.12903225806451613,risktriage,0.12903225806451613,0.13548387096774195,17,1.894751720795876,
31,0.16129032258064516,0.8064516129032258,0.03225806451612903,0.0,0.16,0.12903225806451613,crc,0.12903225806451613,0.13548387096774195,17,2.3816178526760883,
31,0.16129032258064516,0.8064516129032258,0.03225806451612903,0.0,0.16,0.12903225806451613,rac,0.12903225806451613,0.13548387096774195,17,2.3816178526760883,
31,0.16129032258064516,0.8064516129032258,0.03225806451612903,0.0,0.16,0.12903225806451613,rac_interval_cost,0.12903225806451613,0.13548387096774195,17,2.3816178526760883,
31,0.16129032258064516,0.8064516129032258,0.03225806451612903,0.0,0.16,0.12903225806451613,risktriage,0.12903225806451613,0.13548387096774195,17,2.3816178526760883,
31,0.16129032258064516,0.8064516129032258,0.03225806451612903,0.0,0.16,0.12903225806451613,crc,0.12903225806451613,0.13548387096774195,17,2.993586723754462,
31,0.16129032258064516,0.8064516129032258,0.03225806451612903,0.0,0.16,0.12903225806451613,rac,0.12903225806451613,0.13548387096774195,17,2.993586723754462,
31,0.16129032258064516,0.8064516129032258,0.03225806451612903,0.0,0.16,0.12903225806451613,rac_interval_cost,0.12903225806451613,0.13548387096774195,17,2.993586723754462,
31,0.16129032258064516,0.8064516129032258,0.03225806451612903,0.0,0.16,0.12903225806451613,risktriage,0.12903225806451613,0.13548387096774195,17,2.993586723754462,
31,0.16129032258064516,0.7741935483870968,0.06451612903225806,0.0,0.125,0.0967741935483871,crc,0.0967741935483871,0.10967741935483873,17,3.7628041218155075,
31,0.16129032258064516,0.7741935483870968,0.06451612903225806,0.0,0.125,0.0967741935483871,rac,0.0967741935483871,0.10967741935483873,17,3.7628041218155075,
31,0.16129032258064516,0.7741935483870968,0.06451612903225806,0.0,0.125,0.0967741935483871,rac_interval_cost,0.0967741935483871,0.10967741935483873,17,3.7628041218155075,
31,0.16129032258064516,0.8064516129032258,0.03225806451612903,0.0,0.16,0.12903225806451613,risktriage,0.12903225806451613,0.13548387096774195,17,3.7628041218155075,
31,0.16129032258064516,0.7096774193548387,0.12903225806451613,0.0,0.13636363636363635,0.0967741935483871,crc,0.0967741935483871,0.12258064516129033,17,4.729675858995784,
31,0.16129032258064516,0.7096774193548387,0.12903225806451613,0.0,0.13636363636363635,0.0967741935483871,rac,0.0967741935483871,0.12258064516129033,17,4.729675858995784,
31,0.16129032258064516,0.7096774193548387,0.12903225806451613,0.0,0.13636363636363635,0.0967741935483871,rac_interval_cost,0.0967741935483871,0.12258064516129033,17,4.729675858995784,
31,0.16129032258064516,0.7741935483870968,0.06451612903225806,0.0,0.125,0.0967741935483871,risktriage,0.0967741935483871,0.10967741935483873,17,4.729675858995784,
31,0.16129032258064516,0.6774193548387096,0.16129032258064516,0.0,0.09523809523809523,0.06451612903225806,crc,0.06451612903225806,0.0967741935483871,17,5.944990227228286,
31,0.16129032258064516,0.6774193548387096,0.16129032258064516,0.0,0.09523809523809523,0.06451612903225806,rac,0.06451612903225806,0.0967741935483871,17,5.944990227228286,
31,0.16129032258064516,0.6774193548387096,0.16129032258064516,0.0,0.09523809523809523,0.06451612903225806,rac_interval_cost,0.06451612903225806,0.0967741935483871,17,5.944990227228286,
31,0.16129032258064516,0.6774193548387096,0.16129032258064516,0.0,0.09523809523809523,0.06451612903225806,risktriage,0.06451612903225806,0.0967741935483871,17,5.944990227228286,
31,0.16129032258064516,0.6451612903225806,0.1935483870967742,0.0,0.1,0.06451612903225806,crc,0.06451612903225806,0.1032258064516129,17,7.472585829453427,
31,0.16129032258064516,0.6451612903225806,0.1935483870967742,0.0,0.1,0.06451612903225806,rac,0.06451612903225806,0.1032258064516129,17,7.472585829453427,
31,0.16129032258064516,0.6451612903225806,0.1935483870967742,0.0,0.1,0.06451612903225806,rac_interval_cost,0.06451612903225806,0.1032258064516129,17,7.472585829453427,
31,0.16129032258064516,0.6774193548387096,0.16129032258064516,0.0,0.09523809523809523,0.06451612903225806,risktriage,0.06451612903225806,0.0967741935483871,17,7.472585829453427,
31,0.16129032258064516,0.6451612903225806,0.1935483870967742,0.0,0.1,0.06451612903225806,crc,0.06451612903225806,0.1032258064516129,17,9.3927049236853,
31,0.16129032258064516,0.6451612903225806,0.1935483870967742,0.0,0.1,0.06451612903225806,rac,0.06451612903225806,0.1032258064516129,17,9.3927049236853,
31,0.16129032258064516,0.6451612903225806,0.1935483870967742,0.0,0.1,0.06451612903225806,rac_interval_cost,0.06451612903225806,0.1032258064516129,17,9.3927049236853,
31,0.16129032258064516,0.6451612903225806,0.1935483870967742,0.0,0.1,0.06451612903225806,risktriage,0.06451612903225806,0.1032258064516129,17,9.3927049236853,
31,0.16129032258064516,0.6129032258064516,0.22580645161290322,0.0,0.10526315789473684,0.06451612903225806,crc,0.06451612903225806,0.10967741935483873,17,11.806208425962652,
31,0.16129032258064516,0.6129032258064516,0.22580645161290322,0.0,0.10526315789473684,0.06451612903225806,rac,0.06451612903225806,0.10967741935483873,17,11.806208425962652,
31,0.16129032258064516,0.6129032258064516,0.22580645161290322,0.0,0.10526315789473684,0.06451612903225806,rac_interval_cost,0.06451612903225806,0.10967741935483873,17,11.806208425962652,
31,0.16129032258064516,0.6451612903225806,0.1935483870967742,0.0,0.1,0.06451612903225806,risktriage,0.06451612903225806,0.1032258064516129,17,11.806208425962652,
31,0.12903225806451613,0.5483870967741935,0.3225806451612903,0.0,0.058823529411764705,0.03225806451612903,crc,0.03225806451612903,0.09677419354838712,17,14.839873979835618,
31,0.12903225806451613,0.5483870967741935,0.3225806451612903,0.0,0.058823529411764705,0.03225806451612903,rac,0.03225806451612903,0.09677419354838712,17,14.839873979835618,
31,0.12903225806451613,0.5483870967741935,0.3225806451612903,0.0,0.058823529411764705,0.03225806451612903,rac_interval_cost,0.03225806451612903,0.09677419354838712,17,14.839873979835618,
31,0.16129032258064516,0.6129032258064516,0.22580645161290322,0.0,0.10526315789473684,0.06451612903225806,risktriage,0.06451612903225806,0.10967741935483873,17,14.839873979835618,
31,0.12903225806451613,0.5161290322580645,0.3548387096774194,0.0,0.0625,0.03225806451612903,crc,0.03225806451612903,0.10322580645161292,17,18.65305539186649,
31,0.12903225806451613,0.5161290322580645,0.3548387096774194,0.0,0.0625,0.03225806451612903,rac,0.03225806451612903,0.10322580645161292,17,18.65305539186649,
31,0.12903225806451613,0.5161290322580645,0.3548387096774194,0.0,0.0625,0.03225806451612903,rac_interval_cost,0.03225806451612903,0.10322580645161292,17,18.65305539186649,
31,0.12903225806451613,0.5161290322580645,0.3548387096774194,0.0,0.0625,0.03225806451612903,risktriage,0.03225806451612903,0.10322580645161292,17,18.65305539186649,
31,0.0967741935483871,0.41935483870967744,0.4838709677419355,0.0,0.07692307692307693,0.03225806451612903,crc,0.03225806451612903,0.12903225806451615,17,23.446053243094564,
31,0.0967741935483871,0.41935483870967744,0.4838709677419355,0.0,0.07692307692307693,0.03225806451612903,rac,0.03225806451612903,0.12903225806451615,17,23.446053243094564,
31,0.0967741935483871,0.41935483870967744,0.4838709677419355,0.0,0.07692307692307693,0.03225806451612903,rac_interval_cost,0.03225806451612903,0.12903225806451615,17,23.446053243094564,
31,0.12903225806451613,0.4838709677419355,0.3870967741935484,0.0,0.06666666666666667,0.03225806451612903,risktriage,0.03225806451612903,0.10967741935483874,17,23.446053243094564,
31,0.06451612903225806,0.3548387096774194,0.5806451612903226,0.0,0.09090909090909091,0.03225806451612903,crc,0.03225806451612903,0.14838709677419357,17,29.47063637186886,
31,0.06451612903225806,0.3548387096774194,0.5806451612903226,0.0,0.09090909090909091,0.03225806451612903,rac,0.03225806451612903,0.14838709677419357,17,29.47063637186886,
31,0.06451612903225806,0.3548387096774194,0.5806451612903226,0.0,0.09090909090909091,0.03225806451612903,rac_interval_cost,0.03225806451612903,0.14838709677419357,17,29.47063637186886,
31,0.0967741935483871,0.3870967741935484,0.5161290322580645,0.0,0.08333333333333333,0.03225806451612903,risktriage,0.03225806451612903,0.13548387096774198,17,29.47063637186886,
31,0.03225806451612903,0.2903225806451613,0.6774193548387096,0.0,0.0,0.0,crc,0.0,0.13548387096774198,17,37.043266905432006,
31,0.03225806451612903,0.2903225806451613,0.6774193548387096,0.0,0.0,0.0,rac,0.0,0.13548387096774198,17,37.043266905432006,
31,0.03225806451612903,0.2903225806451613,0.6774193548387096,0.0,0.0,0.0,rac_interval_cost,0.0,0.13548387096774198,17,37.043266905432006,
31,0.06451612903225806,0.3548387096774194,0.5806451612903226,0.0,0.09090909090909091,0.03225806451612903,risktriage,0.03225806451612903,0.14838709677419357,17,37.043266905432006,
31,0.0,0.22580645161290322,0.7741935483870968,,0.0,0.0,crc,0.0,0.15483870967741942,17,46.56172353091446,
31,0.0,0.22580645161290322,0.7741935483870968,,0.0,0.0,rac,0.0,0.15483870967741942,17,46.56172353091446,
31,0.0,0.22580645161290322,0.7741935483870968,,0.0,0.0,rac_interval_cost,0.0,0.15483870967741942,17,46.56172353091446,
31,0.03225806451612903,0.25806451612903225,0.7096774193548387,0.0,0.0,0.0,risktriage,0.0,0.14193548387096777,17,46.56172353091446,
31,0.1935483870967742,0.8064516129032258,0.0,0.16666666666666666,0.16,0.16129032258064516,uncertainty,0.16129032258064516,0.16129032258064516,17,0.0,
31,0.1935483870967742,0.7419354838709677,0.06451612903225806,0.16666666666666666,0.17391304347826086,0.16129032258064516,uncertainty,0.16129032258064516,0.17419354838709677,17,0.05,
31,0.1935483870967742,0.7096774193548387,0.0967741935483871,0.16666666666666666,0.13636363636363635,0.12903225806451613,uncertainty,0.12903225806451613,0.14838709677419357,17,0.1,
31,0.1935483870967742,0.6451612903225806,0.16129032258064516,0.16666666666666666,0.1,0.0967741935483871,uncertainty,0.0967741935483871,0.12903225806451615,17,0.15000000000000002,
31,0.1935483870967742,0.6129032258064516,0.1935483870967742,0.16666666666666666,0.10526315789473684,0.0967741935483871,uncertainty,0.0967741935483871,0.13548387096774195,17,0.2,
31,0.1935483870967742,0.5483870967741935,0.25806451612903225,0.16666666666666666,0.11764705882352941,0.0967741935483871,uncertainty,0.0967741935483871,0.14838709677419357,17,0.25,
31,0.1935483870967742,0.5161290322580645,0.2903225806451613,0.16666666666666666,0.125,0.0967741935483871,uncertainty,0.0967741935483871,0.15483870967741936,17,0.30000000000000004,
31,0.1935483870967742,0.45161290322580644,0.3548387096774194,0.16666666666666666,0.14285714285714285,0.0967741935483871,uncertainty,0.0967741935483871,0.167741935483871,17,0.35000000000000003,
31,0.1935483870967742,0.41935483870967744,0.3870967741935484,0.16666666666666666,0.15384615384615385,0.0967741935483871,uncertainty,0.0967741935483871,0.17419354838709677,17,0.4,
31,0.1935483870967742,0.3548387096774194,0.45161290322580644,0.16666666666666666,0.09090909090909091,0.06451612903225806,uncertainty,0.06451612903225806,0.1548387096774194,17,0.45,
31,0.16129032258064516,0.3225806451612903,0.5161290322580645,0.2,0.1,0.06451612903225806,uncertainty,0.06451612903225806,0.167741935483871,17,0.5,
31,0.12903225806451613,0.3225806451612903,0.5483870967741935,0.0,0.1,0.03225806451612903,uncertainty,0.03225806451612903,0.14193548387096777,17,0.55,
31,0.12903225806451613,0.25806451612903225,0.6129032258064516,0.0,0.125,0.03225806451612903,uncertainty,0.03225806451612903,0.1548387096774194,17,0.6000000000000001,
31,0.0967741935483871,0.25806451612903225,0.6451612903225806,0.0,0.125,0.03225806451612903,uncertainty,0.03225806451612903,0.16129032258064518,17,0.65,
31,0.06451612903225806,0.22580645161290322,0.7096774193548387,0.0,0.14285714285714285,0.03225806451612903,uncertainty,0.03225806451612903,0.17419354838709677,17,0.7000000000000001,
31,0.03225806451612903,0.22580645161290322,0.7419354838709677,0.0,0.14285714285714285,0.03225806451612903,uncertainty,0.03225806451612903,0.1806451612903226,17,0.75,
31,0.03225806451612903,0.16129032258064516,0.8064516129032258,0.0,0.2,0.03225806451612903,uncertainty,0.03225806451612903,0.19354838709677422,17,0.8,
31,0.0,0.16129032258064516,0.8387096774193549,,0.2,0.03225806451612903,uncertainty,0.03225806451612903,0.20000000000000004,17,0.8500000000000001,
31,0.0,0.0967741935483871,0.9032258064516129,,0.3333333333333333,0.03225806451612903,uncertainty,0.03225806451612903,0.21290322580645166,17,0.9,
31,0.0,0.06451612903225806,0.9354838709677419,,0.0,0.0,uncertainty,0.0,0.18709677419354845,17,0.9500000000000001,
31,0.0,0.0,1.0,,,0.0,uncertainty,0.0,0.20000000000000007,17,1.0,
31,0.06451612903225806,0.3548387096774194,0.5806451612903226,0.0,0.09090909090909091,0.03225806451612903,split_cp,0.03225806451612903,0.14838709677419357,17,0.02,0.8064516129032258
31,0.06451612903225806,0.3548387096774194,0.5806451612903226,0.0,0.09090909090909091,0.03225806451612903,split_cp,0.03225806451612903,0.14838709677419357,17,0.05,0.8064516129032258
31,0.06451612903225806,0.3548387096774194,0.5806451612903226,0.0,0.09090909090909091,0.03225806451612903,split_cp,0.03225806451612903,0.14838709677419357,17,0.08,0.8064516129032258
31,0.06451612903225806,0.3548387096774194,0.5806451612903226,0.0,0.09090909090909091,0.03225806451612903,split_cp,0.03225806451612903,0.14838709677419357,17,0.11,0.8064516129032258
31,0.0967741935483871,0.3870967741935484,0.5161290322580645,0.0,0.08333333333333333,0.03225806451612903,split_cp,0.03225806451612903,0.13548387096774198,17,0.13999999999999999,0.7419354838709677
31,0.12903225806451613,0.5161290322580645,0.3548387096774194,0.0,0.0625,0.03225806451612903,split_cp,0.03225806451612903,0.10322580645161292,17,0.16999999999999998,0.6129032258064516
31,0.12903225806451613,0.5161290322580645,0.3548387096774194,0.0,0.0625,0.03225806451612903,split_cp,0.03225806451612903,0.10322580645161292,17,0.19999999999999998,0.6129032258064516
31,0.12903225806451613,0.5483870967741935,0.3225806451612903,0.0,0.058823529411764705,0.03225806451612903,split_cp,0.03225806451612903,0.09677419354838712,17,0.22999999999999998,0.5483870967741935
31,0.12903225806451613,0.5483870967741935,0.3225806451612903,0.0,0.058823529411764705,0.03225806451612903,split_cp,0.03225806451612903,0.09677419354838712,17,0.26,0.5483870967741935
31,0.12903225806451613,0.5483870967741935,0.3225806451612903,0.0,0.058823529411764705,0.03225806451612903,split_cp,0.03225806451612903,0.09677419354838712,17,0.29000000000000004,0.5483870967741935
31,0.12903225806451613,0.5483870967741935,0.3225806451612903,0.0,0.058823529411764705,0.03225806451612903,split_cp,0.03225806451612903,0.09677419354838712,17,0.32,0.5483870967741935
31,0.12903225806451613,0.5483870967741935,0.3225806451612903,0.0,0.058823529411764705,0.03225806451612903,split_cp,0.03225806451612903,0.09677419354838712,17,0.35,0.5483870967741935
31,0.12903225806451613,0.5483870967741935,0.3225806451612903,0.0,0.058823529411764705,0.03225806451612903,split_cp,0.03225806451612903,0.09677419354838712,17,0.38,0.5483870967741935
31,0.12903225806451613,0.5806451612903226,0.2903225806451613,0.0,0.1111111111111111,0.06451612903225806,split_cp,0.06451612903225806,0.12258064516129034,17,0.41000000000000003,0.5161290322580645
31,0.16129032258064516,0.6451612903225806,0.1935483870967742,0.0,0.1,0.06451612903225806,split_cp,0.06451612903225806,0.1032258064516129,17,0.44,0.3548387096774194
31,0.16129032258064516,0.6451612903225806,0.1935483870967742,0.0,0.1,0.06451612903225806,split_cp,0.06451612903225806,0.1032258064516129,17,0.47,0.3548387096774194
31,0.16129032258064516,0.6451612903225806,0.1935483870967742,0.0,0.1,0.06451612903225806,split_cp,0.06451612903225806,0.1032258064516129,17,0.5,0.25806451612903225
31,0.4838709677419355,0.5161290322580645,0.0,0.2,0.125,0.16129032258064516,crc,0.16129032258064516,0.16129032258064516,18,0.0,
31,0.4838709677419355,0.5161290322580645,0.0,0.2,0.125,0.16129032258064516,rac,0.16129032258064516,0.16129032258064516,18,0.0,
31,0.4838709677419355,0.5161290322580645,0.0,0.2,0.125,0.16129032258064516,rac_interval_cost,0.16129032258064516,0.16129032258064516,18,0.0,
31,0.4838709677419355,0.5161290322580645,0.0,0.2,0.125,0.16129032258064516,risktriage,0.16129032258064516,0.16129032258064516,18,0.0,
31,0.4838709677419355,0.5161290322580645,0.0,0.2,0.125,0.16129032258064516,crc,0.16129032258064516,0.16129032258064516,18,0.001,
31,0.4838709677419355,0.5161290322580645,0.0,0.2,0.125,0.16129032258064516,rac,0.16129032258064516,0.16129032258064516,18,0.001,
31,0.4838709677419355,0.5161290322580645,0.0,0.2,0.125,0.16129032258064516,rac_interval_cost,0.16129032258064516,0.16129032258064516,18,0.001,
31,0.4838709677419355,0.5161290322580645,0.0,0.2,0.125,0.16129032258064516,risktriage,0.16129032258064516,0.16129032258064516,18,0.001,
31,0.4838709677419355,0.5161290322580645,0.0,0.2,0.125,0.16129032258064516,crc,0.16129032258064516,0.16129032258064516,18,0.0012644858538956678,
31,0.4838709677419355,0.5161290322580645,0.0,0.2,0.125,0.16129032258064516,rac,0.16129032258064516,0.16129032258064516,18,0.0012644858538956678,
31,0.4838709677419355,0.5161290322580645,0.0,0.2,0.125,0.16129032258064516,rac_interval_cost,0.16129032258064516,0.16129032258064516,18,0.0012644858538956678,
31,0.4838709677419355,0.5161290322580645,0.0,0.2,0.125,0.16129032258064516,risktriage,0.16129032258064516,0.16129032258064516,18,0.0012644858538956678,
31,0.4838709677419355,0.5161290322580645,0.0,0.2,0.125,0.16129032258064516,crc,0.16129032258064516,0.16129032258064516,18,0.001598924474702258,
31,0.4838709677419355,0.5161290322580645,0.0,0.2,0.125,0.16129032258064516,rac,0.16129032258064516,0.16129032258064516,18,0.001598924474702258,
31,0.4838709677419355,0.5161290322580645,0.0,0.2,0.125,0.16129032258064516,rac_interval_cost,0.16129032258064516,0.16129032258064516,18,0.001598924474702258,
31,0.4838709677419355,0.5161290322580645,0.0,0.2,0.125,0.16129032258064516,risktriage,0.16129032258064516,0.16129032258064516,18,0.001598924474702258,
31,0.4838709677419355,0.5161290322580645,0.0,0.2,0.125,0.16129032258064516,crc,0.16129032258064516,0.16129032258064516,18,0.0020218173797085666,
31,0.4838709677419355,0.5161290322580645,0.0,0.2,0.125,0.16129032258064516,rac,0.16129032258064516,0.16129032258064516,18,0.0020218173797085666,
31,0.4838709677419355,0.5161290322580645,0.0,0.2,0.125,0.16129032258064516,rac_interval_cost,0.16129032258064516,0.16129032258064516,18,0.0020218173797085666,
31,0.4838709677419355,0.5161290322580645,0.0,0.2,0.125,0.16129032258064516,risktriage,0.16129032258064516,0.16129032258064516,18,0.0020218173797085666,
31,0.4838709677419355,0.5161290322580645,0.0,0.2,0.125,0.16129032258064516,crc,0.16129032258064516,0.16129032258064516,18,0.002556559475801889,
31,0.4838709677419355,0.5161290322580645,0.0,0.2,0.125,0.16129032258064516,rac,0.16129032258064516,0.16129032258064516,18,0.002556559475801889,
31,0.4838709677419355,0.5161290322580645,0.0,0.2,0.125,0.16129032258064516,rac_interval_cost,0.16129032258064516,0.16129032258064516,18,0.002556559475801889,
31,0.4838709677419355,0.5161290322580645,0.0,0.2,0.125,0.16129032258064516,risktriage,0.16129032258064516,0.16129032258064516,18,0.002556559475801889,
31,0.4838709677419355,0.5161290322580645,0.0,0.2,0.125,0.16129032258064516,crc,0.16129032258064516,0.16129032258064516,18,0.0032327332917944157,
31,0.4838709677419355,0.5161290322580645,0.0,0.2,0.125,0.16129032258064516,rac,0.16129032258064516,0.16129032258064516,18,0.0032327332917944157,
31,0.4838709677419355,0.5161290322580645,0.0,0.2,0.125,0.16129032258064516,rac_interval_cost,0.16129032258064516,0.16129032258064516,18,0.0032327332917944157,
31,0.4838709677419355,0.5161290322580645,0.0,0.2,0.125,0.16129032258064516,risktriage,0.16129032258064516,0.16129032258064516,18,0.0032327332917944157,
31,0.4838709677419355,0.5161290322580645,0.0,0.2,0.125,0.16129032258064516,crc,0.16129032258064516,0.16129032258064516,18,0.004087745516891615,
31,0.4838709677419355,0.5161290322580645,0.0,0.2,0.125,0.16129032258064516,rac,0.16129032258064516,0.16129032258064516,18,0.004087745516891615,
31,0.4838709677419355,0.5161290322580645,0.0,0.2,0.125,0.16129032258064516,rac_interval_cost,0.16129032258064516,0.16129032258064516,18,0.004087745516891615,
31,0.4838709677419355,0.5161290322580645,0.0,0.2,0.125,0.16129032258064516,risktriage,0.16129032258064516,0.16129032258064516,18,0.004087745516891615,
31,0.4838709677419355,0.5161290322580645,0.0,0.2,0.125,0.16129032258064516,crc,0.16129032258064516,0.16129032258064516,18,0.0051688963804348825,
31,0.4838709677419355,0.5161290322580645,0.0,0.2,0.125,0.16129032258064516,rac,0.16129032258064516,0.16129032258064516,18,0.0051688963804348825,
31,0.4838709677419355,0.5161290322580645,0.0,0.2,0.125,0.16129032258064516,rac_interval_cost,0.16129032258064516,0.16129032258064516,18,0.0051688963804348825,
31,0.4838709677419355,0.5161290322580645,0.0,0.2,0.125,0.16129032258064516,risktriage,0.16129032258064516,0.16129032258064516,18,0.0051688963804348825,
31,0.4838709677419355,0.5161290322580645,0.0,0.2,0.125,0.16129032258064516,crc,0.16129032258064516,0.16129032258064516,18,0.006535996353312429,
31,0.4838709677419355,0.5161290322580645,0.0,0.2,0.125,0.16129032258064516,rac,0.16129032258064516,0.16129032258064516,18,0.006535996353312429,
31,0.4838709677419355,0.5161290322580645,0.0,0.2,0.125,0.16129032258064516,rac_interval_cost,0.16129032258064516,0.16129032258064516,18,0.006535996353312429,
31,0.4838709677419355,0.5161290322580645,0.0,0.2,0.125,0.16129032258064516,risktriage,0.16129032258064516,0.16129032258064516,18,0.006535996353312429,
31,0.4838709677419355,0.5161290322580645,0.0,0.2,0.125,0.16129032258064516,crc,0.16129032258064516,0.16129032258064516,18,0.008264674929877246,
31,0.4838709677419355,0.5161290322580645,0.0,0.2,0.125,0.16129032258064516,rac,0.16129032258064516,0.16129032258064516,18,0.008264674929877246,
31,0.4838709677419355,0.5161290322580645,0.0,0.2,0.125,0.16129032258064516,rac_interval_cost,0.16129032258064516,0.16129032258064516,18,0.008264674929877246,
31,0.4838709677419355,0.5161290322580645,0.0,0.2,0.125,0.16129032258064516,risktriage,0.16129032258064516,0.16129032258064516,18,0.008264674929877246,
31,0.4838709677419355,0.5161290322580645,0.0,0.2,0.125,0.16129032258064516,crc,0.16129032258064516,0.16129032258064516,18,0.010450564535875949,
31,0.4838709677419355,0.5161290322580645,0.0,0.2,0.125,0.16129032258064516,rac,0.16129032258064516,0.16129032258064516,18,0.010450564535875949,
31,0.4838709677419355,0.5161290322580645,0.0,0.2,0.125,0.16129032258064516,rac_interval_cost,0.16129032258064516,0.16129032258064516,18,0.010450564535875949,
31,0.4838709677419355,0.5161290322580645,0.0,0.2,0.125,0.16129032258064516,risktriage,0.16129032258064516,0.16129032258064516,18,0.010450564535875949,
31,0.4838709677419355,0.5161290322580645,0.0,0.2,0.125,0.16129032258064516,crc,0.16129032258064516,0.16129032258064516,18,0.01321459102083889,
31,0.4838709677419355,0.5161290322580645,0.0,0.2,0.125,0.16129032258064516,rac,0.16129032258064516,0.16129032258064516,18,0.01321459102083889,
31,0.4838709677419355,0.5161290322580645,0.0,0.2,0.125,0.16129032258064516,rac_interval_cost,0.16129032258064516,0.16129032258064516,18,0.01321459102083889,
31,0.4838709677419355,0.5161290322580645,0.0,0.2,0.125,0.16129032258064516,risktriage,0.16129032258064516,0.16129032258064516,18,0.01321459102083889,
31,0.4838709677419355,0.5161290322580645,0.0,0.2,0.125,0.16129032258064516,crc,0.16129032258064516,0.16129032258064516,18,0.0167096634108675,
31,0.4838709677419355,0.5161290322580645,0.0,0.2,0.125,0.16129032258064516,rac,0.16129032258064516,0.16129032258064516,18,0.0167096634108675,
31,0.4838709677419355,0.5161290322580645,0.0,0.2,0.125,0.16129032258064516,rac_interval_cost,0.16129032258064516,0.16129032258064516,18,0.0167096634108675,
31,0.4838709677419355,0.5161290322580645,0.0,0.2,0.125,0.16129032258064516,risktriage,0.16129032258064516,0.16129032258064516,18,0.0167096634108675,
31,0.4838709677419355,0.5161290322580645,0.0,0.2,0.125,0.16129032258064516,crc,0.16129032258064516,0.16129032258064516,18,0.021129133006399986,
31,0.4838709677419355,0.5161290322580645,0.0,0.2,0.125,0.16129032258064516,rac,0.16129032258064516,0.16129032258064516,18,0.021129133006399986,
31,0.4838709677419355,0.5161290322580645,0.0,0.2,0.125,0.16129032258064516,rac_interval_cost,0.16129032258064516,0.16129032258064516,18,0.021129133006399986,
31,0.4838709677419355,0.5161290322580645,0.0,0.2,0.125,0.16129032258064516,risktriage,0.16129032258064516,0.16129032258064516,18,0.021129133006399986,
31,0.4838709677419355,0.5161290322580645,0.0,0.2,0.125,0.16129032258064516,crc,0.16129032258064516,0.16129032258064516,18,0.026717489791672842,
31,0.4838709677419355,0.5161290322580645,0.0,0.2,0.125,0.16129032258064516,rac,0.16129032258064516,0.16129032258064516,18,0.026717489791672842,
31,0.4838709677419355,0.5161290322580645,0.0,0.2,0.125,0.16129032258064516,rac_interval_cost,0.16129032258064516,0.16129032258064516,18,0.026717489791672842,
31,0.4838709677419355,0.5161290322580645,0.0,0.2,0.125,0.16129032258064516,risktriage,0.16129032258064516,0.16129032258064516,18,0.026717489791672842,
31,0.4838709677419355,0.5161290322580645,0.0,0.2,0.125,0.16129032258064516,crc,0.16129032258064516,0.16129032258064516,18,0.03378388789317222,
31,0.4838709677419355,0.5161290322580645,0.0,0.2,0.125,0.16129032258064516,rac,0.16129032258064516,0.16129032258064516,18,0.03378388789317222,
31,0.4838709677419355,0.5161290322580645,0.0,0.2,0.125,0.16129032258064516,rac_interval_cost,0.16129032258064516,0.16129032258064516,18,0.03378388789317222,
31,0.4838709677419355,0.5161290322580645,0.0,0.2,0.125,0.16129032258064516,risktriage,0.16129032258064516,0.16129032258064516,18,0.03378388789317222,
31,0.4838709677419355,0.5161290322580645,0.0,0.2,0.125,0.16129032258064516,crc,0.16129032258064516,0.16129032258064516,18,0.04271924833051342,
31,0.4838709677419355,0.5161290322580645,0.0,0.2,0.125,0.16129032258064516,rac,0.16129032258064516,0.16129032258064516,18,0.04271924833051342,
31,0.4838709677419355,0.5161290322580645,0.0,0.2,0.125,0.16129032258064516,rac_interval_cost,0.16129032258064516,0.16129032258064516,18,0.04271924833051342,
31,0.4838709677419355,0.5161290322580645,0.0,0.2,0.125,0.16129032258064516,risktriage,0.16129032258064516,0.16129032258064516,18,0.04271924833051342,
31,0.45161290322580644,0.5161290322580645,0.03225806451612903,0.21428571428571427,0.125,0.16129032258064516,crc,0.16129032258064516,0.16774193548387098,18,0.05401788520299037,
31,0.45161290322580644,0.5161290322580645,0.03225806451612903,0.21428571428571427,0.125,0.16129032258064516,rac,0.16129032258064516,0.16774193548387098,18,0.05401788520299037,
31,0.45161290322580644,0.5161290322580645,0.03225806451612903,0.21428571428571427,0.125,0.16129032258064516,rac_interval_cost,0.16129032258064516,0.16774193548387098,18,0.05401788520299037,
31,0.4838709677419355,0.5161290322580645,0.0,0.2,0.125,0.16129032258064516,risktriage,0.16129032258064516,0.16129032258064516,18,0.05401788520299037,
31,0.45161290322580644,0.5161290322580645,0.03225806451612903,0.21428571428571427,0.125,0.16129032258064516,crc,0.16129032258064516,0.16774193548387098,18,0.06830485169654144,
31,0.45161290322580644,0.5161290322580645,0.03225806451612903,0.21428571428571427,0.125,0.16129032258064516,rac,0.16129032258064516,0.16774193548387098,18,0.06830485169654144,
31,0.45161290322580644,0.5161290322580645,0.03225806451612903,0.21428571428571427,0.125,0.16129032258064516,rac_interval_cost,0.16129032258064516,0.16774193548387098,18,0.06830485169654144,
31,0.45161290322580644,0.5161290322580645,0.03225806451612903,0.21428571428571427,0.125,0.16129032258064516,risktriage,0.16129032258064516,0.16774193548387098,18,0.06830485169654144,
31,0.45161290322580644,0.5161290322580645,0.03225806451612903,0.21428571428571427,0.125,0.16129032258064516,crc,0.16129032258064516,0.16774193548387098,18,0.0863705187227182,
31,0.45161290322580644,0.5161290322580645,0.03225806451612903,0.21428571428571427,0.125,0.16129032258064516,rac,0.16129032258064516,0.16774193548387098,18,0.0863705187227182,
31,0.45161290322580644,0.5161290322580645,0.03225806451612903,0.21428571428571427,0.125,0.16129032258064516,rac_interval_cost,0.16129032258064516,0.16774193548387098,18,0.0863705187227182,
31,0.45161290322580644,0.5161290322580645,0.03225806451612903,0.21428571428571427,0.125,0.16129032258064516,risktriage,0.16129032258064516,0.16774193548387098,18,0.0863705187227182,
31,0.45161290322580644,0.5161290322580645,0.03225806451612903,0.21428571428571427,0.125,0.16129032258064516,crc,0.16129032258064516,0.16774193548387098,18,0.10921429911850809,
31,0.45161290322580644,0.5161290322580645,0.03225806451612903,0.21428571428571427,0.125,0.16129032258064516,rac,0.16129032258064516,0.16774193548387098,18,0.10921429911850809,
31,0.45161290322580644,0.5161290322580645,0.03225806451612903,0.21428571428571427,0.125,0.16129032258064516,rac_interval_cost,0.16129032258064516,0.16774193548387098,18,0.10921429911850809,
31,0.45161290322580644,0.5161290322580645,0.03225806451612903,0.21428571428571427,0.125,0.16129032258064516,risktriage,0.16129032258064516,0.16774193548387098,18,0.10921429911850809,
31,0.45161290322580644,0.4838709677419355,0.06451612903225806,0.21428571428571427,0.06666666666666667,0.12903225806451613,crc,0.12903225806451613,0.14193548387096774,18,0.13809993627848374,
31,0.45161290322580644,0.4838709677419355,0.06451612903225806,0.21428571428571427,0.06666666666666667,0.12903225806451613,rac,0.12903225806451613,0.14193548387096774,18,0.13809993627848374,
31,0.45161290322580644,0.4838709677419355,0.06451612903225806,0.21428571428571427,0.06666666666666667,0.12903225806451613,rac_interval_cost,0.12903225806451613,0.14193548387096774,18,0.13809993627848374,
31,0.45161290322580644,0.5161290322580645,0.03225806451612903,0.21428571428571427,0.125,0.16129032258064516,risktriage,0.16129032258064516,0.16774193548387098,18,0.13809993627848374,
31,0.45161290322580644,0.4838709677419355,0.06451612903225806,0.21428571428571427,0.06666666666666667,0.12903225806451613,crc,0.12903225806451613,0.14193548387096774,18,0.17462541584803581,
31,0.45161290322580644,0.4838709677419355,0.06451612903225806,0.21428571428571427,0.06666666666666667,0.12903225806451613,rac,0.12903225806451613,0.14193548387096774,18,0.17462541584803581,
31,0.45161290322580644,0.4838709677419355,0.06451612903225806,0.21428571428571427,0.06666666666666667,0.12903225806451613,rac_interval_cost,0.12903225806451613,0.14193548387096774,18,0.17462541584803581,
31,0.45161290322580644,0.4838709677419355,0.06451612903225806,0.21428571428571427,0.06666666666666667,0.12903225806451613,risktriage,0.12903225806451613,0.14193548387096774,18,0.17462541584803581,
31,0.45161290322580644,0.4838709677419355,0.06451612903225806,0.21428571428571427,0.06666666666666667,0.12903225806451613,crc,0.12903225806451613,0.14193548387096774,18,0.22081136807048968,
31,0.45161290322580644,0.4838709677419355,0.06451612903225806,0.21428571428571427,0.06666666666666667,0.12903225806451613,rac,0.12903225806451613,0.14193548387096774,18,0.22081136807048968,
31,0.45161290322580644,0.4838709677419355,0.06451612903225806,0.21428571428571427,0.06666666666666667,0.12903225806451613,rac_interval_cost,0.12903225806451613,0.14193548387096774,18,0.22081136807048968,
31,0.45161290322580644,0.4838709677419355,0.06451612903225806,0.21428571428571427,0.06666666666666667,0.12903225806451613,risktriage,0.12903225806451613,0.14193548387096774,18,0.22081136807048968,
31,0.45161290322580644,0.4838709677419355,0.06451612903225806,0.21428571428571427,0.06666666666666667,0.12903225806451613,crc,0.12903225806451613,0.14193548387096774,18,0.27921285130448403,
31,0.45161290322580644,0.4838709677419355,0.06451612903225806,0.21428571428571427,0.06666666666666667,0.12903225806451613,rac,0.12903225806451613,0.14193548387096774,18,0.27921285130448403,
31,0.45161290322580644,0.4838709677419355,0.06451612903225806,0.21428571428571427,0.06666666666666667,0.12903225806451613,rac_interval_cost,0.12903225806451613,0.14193548387096774,18,0.27921285130448403,
31,0.45161290322580644,0.4838709677419355,0.06451612903225806,0.21428571428571427,0.06666666666666667,0.12903225806451613,risktriage,0.12903225806451613,0.14193548387096774,18,0.27921285130448403,
31,0.45161290322580644,0.4838709677419355,0.06451612903225806,0.21428571428571427,0.06666666666666667,0.12903225806451613,crc,0.12903225806451613,0.14193548387096774,18,0.35306070070039464,
31,0.45161290322580644,0.4838709677419355,0.06451612903225806,0.21428571428571427,0.06666666666666667,0.12903225806451613,rac,0.12903225806451613,0.14193548387096774,18,0.35306070070039464,
31,0.45161290322580644,0.4838709677419355,0.06451612903225806,0.21428571428571427,0.06666666666666667,0.12903225806451613,rac_interval_cost,0.12903225806451613,0.14193548387096774,18,0.35306070070039464,
31,0.45161290322580644,0.4838709677419355,0.06451612903225806,0.21428571428571427,0.06666666666666667,0.12903225806451613,risktriage,0.12903225806451613,0.14193548387096774,18,0.35306070070039464,
31,0.45161290322580644,0.4838709677419355,0.06451612903225806,0.21428571428571427,0.06666666666666667,0.12903225806451613,crc,0.12903225806451613,0.14193548387096774,18,0.44644026160214134,
31,0.45161290322580644,0.4838709677419355,0.06451612903225806,0.21428571428571427,0.06666666666666667,0.12903225806451613,rac,0.12903225806451613,0.14193548387096774,18,0.44644026160214134,
31,0.45161290322580644,0.4838709677419355,0.06451612903225806,0.21428571428571427,0.06666666666666667,0.12903225806451613,rac_interval_cost,0.12903225806451613,0.14193548387096774,18,0.44644026160214134,
31,0.45161290322580644,0.4838709677419355,0.06451612903225806,0.21428571428571427,0.06666666666666667,0.12903225806451613,risktriage,0.12903225806451613,0.14193548387096774,18,0.44644026160214134,
31,0.45161290322580644,0.4838709677419355,0.06451612903225806,0.21428571428571427,0.06666666666666667,0.12903225806451613,crc,0.12903225806451613,0.14193548387096774,18,0.564517395405389,
31,0.45161290322580644,0.4838709677419355,0.06451612903225806,0.21428571428571427,0.06666666666666667,0.12903225806451613,rac,0.12903225806451613,0.14193548387096774,18,0.564517395405389,
31,0.45161290322580644,0.4838709677419355,0.06451612903225806,0.21428571428571427,0.06666666666666667,0.12903225806451613,rac_interval_cost,0.12903225806451613,0.14193548387096774,18,0.564517395405389,
31,0.45161290322580644,0.4838709677419355,0.06451612903225806,0.21428571428571427,0.06666666666666667,0.12903225806451613,risktriage,0.12903225806451613,0.14193548387096774,18,0.564517395405389,
31,0.45161290322580644,0.4838709677419355,0.06451612903225806,0.21428571428571427,0.06666666666666667,0.12903225806451613,crc,0.12903225806451613,0.14193548387096774,18,0.7138242607681424,
31,0.45161290322580644,0.4838709677419355,0.06451612903225806,0.21428571428571427,0.06666666666666667,0.12903225806451613,rac,0.12903225806451613,0.14193548387096774,18,0.7138242607681424,
31,0.45161290322580644,0.4838709677419355,0.06451612903225806,0.21428571428571427,0.06666666666666667,0.12903225806451613,rac_interval_cost,0.12903225806451613,0.14193548387096774,18,0.7138242607681424,
31,0.45161290322580644,0.4838709677419355,0.06451612903225806,0.21428571428571427,0.06666666666666667,0.12903225806451613,risktriage,0.12903225806451613,0.14193548387096774,18,0.7138242607681424,
31,0.45161290322580644,0.4838709677419355,0.06451612903225806,0.21428571428571427,0.06666666666666667,0.12903225806451613,crc,0.12903225806451613,0.14193548387096774,18,0.9026206799088485,
31,0.45161290322580644,0.4838709677419355,0.06451612903225806,0.21428571428571427,0.06666666666666667,0.12903225806451613,rac,0.12903225806451613,0.14193548387096774,18,0.9026206799088485,
31,0.45161290322580644,0.4838709677419355,0.06451612903225806,0.21428571428571427,0.06666666666666667,0.12903225806451613,rac_interval_cost,0.12903225806451613,0.14193548387096774,18,0.9026206799088485,
31,0.45161290322580644,0.4838709677419355,0.06451612903225806,0.21428571428571427,0.06666666666666667,0.12903225806451613,risktriage,0.12903225806451613,0.14193548387096774,18,0.9026206799088485,
31,0.41935483870967744,0.4838709677419355,0.0967741935483871,0.15384615384615385,0.06666666666666667,0.0967741935483871,crc,0.0967741935483871,0.11612903225806452,18,1.1413510811784287,
31,0.41935483870967744,0.4838709677419355,0.0967741935483871,0.15384615384615385,0.06666666666666667,0.0967741935483871,rac,0.0967741935483871,0.11612903225806452,18,1.1413510811784287,
31,0.41935483870967744,0.4838709677419355,0.0967741935483871,0.15384615384615385,0.06666666666666667,0.0967741935483871,rac_interval_cost,0.0967741935483871,0.11612903225806452,18,1.1413510811784287,
31,0.45161290322580644,0.4838709677419355,0.06451612903225806,0.21428571428571427,0.06666666666666667,0.12903225806451613,risktriage,0.12903225806451613,0.14193548387096774,18,1.1413510811784287,
31,0.3870967741935484,0.4838709677419355,0.12903225806451613,0.08333333333333333,0.06666666666666667,0.06451612903225806,crc,0.06451612903225806,0.09032258064516129,18,1.4432222964786505,
31,0.3870967741935484,0.4838709677419355,0.12903225806451613,0.08333333333333333,0.06666666666666667,0.06451612903225806,rac,0.06451612903225806,0.09032258064516129,18,1.4432222964786505,
31,0.3870967741935484,0.4838709677419355,0.12903225806451613,0.08333333333333333,0.06666666666666667,0.06451612903225806,rac_interval_cost,0.06451612903225806,0.09032258064516129,18,1.4432222964786505,
31,0.41935483870967744,0.4838709677419355,0.0967741935483871,0.15384615384615385,0.06666666666666667,0.0967741935483871,risktriage,0.0967741935483871,0.11612903225806452,18,1.4432222964786505,
31,0.3870967741935484,0.4838709677419355,0.12903225806451613,0.08333333333333333,0.06666666666666667,0.06451612903225806,crc,0.06451612903225806,0.09032258064516129,18,1.824934177924073,
31,0.3870967741935484,0.4838709677419355,0.12903225806451613,0.08333333333333333,0.06666666666666667,0.06451612903225806,rac,0.06451612903225806,0.09032258064516129,18,1.824934177924073,
31,0.3870967741935484,0.4838709677419355,0.12903225806451613,0.08333333333333333,0.06666666666666667,0.06451612903225806,rac_interval_cost,0.06451612903225806,0.09032258064516129,18,1.824934177924073,
31,0.3870967741935484,0.4838709677419355,0.12903225806451613,0.08333333333333333,0.06666666666666667,0.06451612903225806,risktriage,0.06451612903225806,0.09032258064516129,18,1.824934177924073,
31,0.3548387096774194,0.4838709677419355,0.16129032258064516,0.09090909090909091,0.06666666666666667,0.06451612903225806,crc,0.06451612903225806,0.0967741935483871,18,2.3076034522757105,
31,0.3548387096774194,0.4838709677419355,0.16129032258064516,0.09090909090909091,0.06666666666666667,0.06451612903225806,rac,0.06451612903225806,0.0967741935483871,18,2.3076034522757105,
31,0.3548387096774194,0.4838709677419355,0.16129032258064516,0.09090909090909091,0.06666666666666667,0.06451612903225806,rac_interval_cost,0.06451612903225806,0.0967741935483871,18,2.3076034522757105,
31,0.3870967741935484,0.4838709677419355,0.12903225806451613,0.08333333333333333,0.06666666666666667,0.06451612903225806,risktriage,0.06451612903225806,0.09032258064516129,18,2.3076034522757105,
31,0.3548387096774194,0.4838709677419355,0.16129032258064516,0.09090909090909091,0.06666666666666667,0.06451612903225806,crc,0.06451612903225806,0.0967741935483871,18,2.9179319218034454,
31,0.3548387096774194,0.4838709677419355,0.16129032258064516,0.09090909090909091,0.06666666666666667,0.06451612903225806,rac,0.06451612903225806,0.0967741935483871,18,2.9179319218034454,
31,0.3548387096774194,0.4838709677419355,0.16129032258064516,0.09090909090909091,0.06666666666666667,0.06451612903225806,rac_interval_cost,0.06451612903225806,0.0967741935483871,18,2.9179319218034454,
31,0.3548387096774194,0.4838709677419355,0.16129032258064516,0.09090909090909091,0.06666666666666667,0.06451612903225806,risktriage,0.06451612903225806,0.0967741935483871,18,2.9179319218034454,
31,0.3548387096774194,0.4838709677419355,0.16129032258064516,0.09090909090909091,0.06666666666666667,0.06451612903225806,crc,0.06451612903225806,0.0967741935483871,18,3.689683637751057,
31,0.3548387096774194,0.4838709677419355,0.16129032258064516,0.09090909090909091,0.06666666666666667,0.06451612903225806,rac,0.06451612903225806,0.0967741935483871,18,3.689683637751057,
31,0.3548387096774194,0.4838709677419355,0.16129032258064516,0.09090909090909091,0.06666666666666667,0.06451612903225806,rac_interval_cost,0.06451612903225806,0.0967741935483871,18,3.689683637751057,
31,0.3548387096774194,0.4838709677419355,0.16129032258064516,0.09090909090909091,0.06666666666666667,0.06451612903225806,risktriage,0.06451612903225806,0.0967741935483871,18,3.689683637751057,
31,0.3225806451612903,0.45161290322580644,0.22580645161290322,0.1,0.07142857142857142,0.06451612903225806,crc,0.06451612903225806,0.10967741935483871,18,4.665552765286519,
31,0.3225806451612903,0.45161290322580644,0.22580645161290322,0.1,0.07142857142857142,0.06451612903225806,rac,0.06451612903225806,0.10967741935483871,18,4.665552765286519,
31,0.3225806451612903,0.45161290322580644,0.22580645161290322,0.1,0.07142857142857142,0.06451612903225806,rac_interval_cost,0.06451612903225806,0.10967741935483871,18,4.665552765286519,
31,0.3548387096774194,0.45161290322580644,0.1935483870967742,0.09090909090909091,0.07142857142857142,0.06451612903225806,risktriage,0.06451612903225806,0.1032258064516129,18,4.665552765286519,
31,0.2903225806451613,0.45161290322580644,0.25806451612903225,0.1111111111111111,0.07142857142857142,0.06451612903225806,crc,0.06451612903225806,0.11612903225806451,18,5.899525472308625,
31,0.2903225806451613,0.45161290322580644,0.25806451612903225,0.1111111111111111,0.07142857142857142,0.06451612903225806,rac,0.06451612903225806,0.11612903225806451,18,5.899525472308625,
31,0.2903225806451613,0.45161290322580644,0.25806451612903225,0.1111111111111111,0.07142857142857142,0.06451612903225806,rac_interval_cost,0.06451612903225806,0.11612903225806451,18,5.899525472308625,
31,0.3225806451612903,0.45161290322580644,0.22580645161290322,0.1,0.07142857142857142,0.06451612903225806,risktriage,0.06451612903225806,0.10967741935483871,18,5.899525472308625,
31,0.25806451612903225,0.45161290322580644,0.2903225806451613,0.0,0.07142857142857142,0.03225806451612903,crc,0.03225806451612903,0.09032258064516129,18,7.459866504431415,
31,0.25806451612903225,0.45161290322580644,0.2903225806451613,0.0,0.07142857142857142,0.03225806451612903,rac,0.03225806451612903,0.09032258064516129,18,7.459866504431415,
31,0.25806451612903225,0.45161290322580644,0.2903225806451613,0.0,0.07142857142857142,0.03225806451612903,rac_interval_cost,0.03225806451612903,0.09032258064516129,18,7.459866504431415,
31,0.25806451612903225,0.45161290322580644,0.2903225806451613,0.0,0.07142857142857142,0.03225806451612903,risktriage,0.03225806451612903,0.09032258064516129,18,7.459866504431415,
31,0.25806451612903225,0.45161290322580644,0.2903225806451613,0.0,0.07142857142857142,0.03225806451612903,crc,0.03225806451612903,0.09032258064516129,18,9.432895666803649,
31,0.25806451612903225,0.45161290322580644,0.2903225806451613,0.0,0.07142857142857142,0.03225806451612903,rac,0.03225806451612903,0.09032258064516129,18,9.432895666803649,
31,0.25806451612903225,0.45161290322580644,0.2903225806451613,0.0,0.07142857142857142,0.03225806451612903,rac_interval_cost,0.03225806451612903,0.09032258064516129,18,9.432895666803649,
31,0.25806451612903225,0.45161290322580644,0.2903225806451613,0.0,0.07142857142857142,0.03225806451612903,risktriage,0.03225806451612903,0.09032258064516129,18,9.432895666803649,
31,0.22580645161290322,0.45161290322580644,0.3225806451612903,0.0,0.07142857142857142,0.03225806451612903,crc,0.03225806451612903,0.0967741935483871,18,11.927763131946957,
31,0.22580645161290322,0.45161290322580644,0.3225806451612903,0.0,0.07142857142857142,0.03225806451612903,rac,0.03225806451612903,0.0967741935483871,18,11.927763131946957,
31,0.22580645161290322,0.45161290322580644,0.3225806451612903,0.0,0.07142857142857142,0.03225806451612903,rac_interval_cost,0.03225806451612903,0.0967741935483871,18,11.927763131946957,
31,0.22580645161290322,0.45161290322580644,0.3225806451612903,0.0,0.07142857142857142,0.03225806451612903,risktriage,0.03225806451612903,0.0967741935483871,18,11.927763131946957,
31,0.22580645161290322,0.45161290322580644,0.3225806451612903,0.0,0.07142857142857142,0.03225806451612903,crc,0.03225806451612903,0.0967741935483871,18,15.082487748965214,
31,0.22580645161290322,0.45161290322580644,0.3225806451612903,0.0,0.07142857142857142,0.03225806451612903,rac,0.03225806451612903,0.0967741935483871,18,15.082487748965214,
31,0.22580645161290322,0.45161290322580644,0.3225806451612903,0.0,0.07142857142857142,0.03225806451612903,rac_interval_cost,0.03225806451612903,0.0967741935483871,18,15.082487748965214,
31,0.22580645161290322,0.45161290322580644,0.3225806451612903,0.0,0.07142857142857142,0.03225806451612903,risktriage,0.03225806451612903,0.0967741935483871,18,15.082487748965214,
31,0.16129032258064516,0.3548387096774194,0.4838709677419355,0.0,0.09090909090909091,0.03225806451612903,crc,0.03225806451612903,0.12903225806451613,18,19.07159240012127,
31,0.16129032258064516,0.3548387096774194,0.4838709677419355,0.0,0.09090909090909091,0.03225806451612903,rac,0.03225806451612903,0.12903225806451613,18,19.07159240012127,
31,0.16129032258064516,0.3548387096774194,0.4838709677419355,0.0,0.09090909090909091,0.03225806451612903,rac_interval_cost,0.03225806451612903,0.12903225806451613,18,19.07159240012127,
31,0.22580645161290322,0.41935483870967744,0.3548387096774194,0.0,0.07692307692307693,0.03225806451612903,risktriage,0.03225806451612903,0.1032258064516129,18,19.07159240012127,
31,0.0967741935483871,0.3548387096774194,0.5483870967741935,0.0,0.09090909090909091,0.03225806451612903,crc,0.03225806451612903,0.14193548387096774,18,24.11575880121747,
31,0.0967741935483871,0.3548387096774194,0.5483870967741935,0.0,0.09090909090909091,0.03225806451612903,rac,0.03225806451612903,0.14193548387096774,18,24.11575880121747,
31,0.0967741935483871,0.3548387096774194,0.5483870967741935,0.0,0.09090909090909091,0.03225806451612903,rac_interval_cost,0.03225806451612903,0.14193548387096774,18,24.11575880121747,
31,0.16129032258064516,0.3548387096774194,0.4838709677419355,0.0,0.09090909090909091,0.03225806451612903,risktriage,0.03225806451612903,0.12903225806451613,18,24.11575880121747,
31,0.0967741935483871,0.2903225806451613,0.6129032258064516,0.0,0.1111111111111111,0.03225806451612903,crc,0.03225806451612903,0.1548387096774194,18,30.49403586009944,
31,0.0967741935483871,0.2903225806451613,0.6129032258064516,0.0,0.1111111111111111,0.03225806451612903,rac,0.03225806451612903,0.1548387096774194,18,30.49403586009944,
31,0.0967741935483871,0.2903225806451613,0.6129032258064516,0.0,0.1111111111111111,0.03225806451612903,rac_interval_cost,0.03225806451612903,0.1548387096774194,18,30.49403586009944,
31,0.0967741935483871,0.3548387096774194,0.5483870967741935,0.0,0.09090909090909091,0.03225806451612903,risktriage,0.03225806451612903,0.14193548387096774,18,30.49403586009944,
31,0.06451612903225806,0.1935483870967742,0.7419354838709677,0.0,0.16666666666666666,0.03225806451612903,crc,0.03225806451612903,0.1806451612903226,18,38.55927697328296,
31,0.06451612903225806,0.1935483870967742,0.7419354838709677,0.0,0.16666666666666666,0.03225806451612903,rac,0.03225806451612903,0.1806451612903226,18,38.55927697328296,
31,0.06451612903225806,0.1935483870967742,0.7419354838709677,0.0,0.16666666666666666,0.03225806451612903,rac_interval_cost,0.03225806451612903,0.1806451612903226,18,38.55927697328296,
31,0.06451612903225806,0.2903225806451613,0.6451612903225806,0.0,0.1111111111111111,0.03225806451612903,risktriage,0.03225806451612903,0.16129032258064518,18,38.55927697328296,
31,0.06451612903225806,0.16129032258064516,0.7741935483870968,0.0,0.2,0.03225806451612903,crc,0.03225806451612903,0.18709677419354845,18,48.75766026916126,
31,0.06451612903225806,0.16129032258064516,0.7741935483870968,0.0,0.2,0.03225806451612903,rac,0.03225806451612903,0.18709677419354845,18,48.75766026916126,
31,0.06451612903225806,0.16129032258064516,0.7741935483870968,0.0,0.2,0.03225806451612903,rac_interval_cost,0.03225806451612903,0.18709677419354845,18,48.75766026916126,
31,0.06451612903225806,0.1935483870967742,0.7419354838709677,0.0,0.16666666666666666,0.03225806451612903,risktriage,0.03225806451612903,0.1806451612903226,18,48.75766026916126,
31,0.03225806451612903,0.0967741935483871,0.8709677419354839,0.0,0.3333333333333333,0.03225806451612903,crc,0.03225806451612903,0.20645161290322583,18,61.653371679405296,
31,0.03225806451612903,0.0967741935483871,0.8709677419354839,0.0,0.3333333333333333,0.03225806451612903,rac,0.03225806451612903,0.20645161290322583,18,61.653371679405296,
31,0.03225806451612903,0.0967741935483871,0.8709677419354839,0.0,0.3333333333333333,0.03225806451612903,rac_interval_cost,0.03225806451612903,0.20645161290322583,18,61.653371679405296,
31,0.06451612903225806,0.0967741935483871,0.8387096774193549,0.0,0.3333333333333333,0.03225806451612903,risktriage,0.03225806451612903,0.20000000000000004,18,61.653371679405296,
31,0.4838709677419355,0.5161290322580645,0.0,0.2,0.125,0.16129032258064516,uncertainty,0.16129032258064516,0.16129032258064516,18,0.0,
31,0.45161290322580644,0.4838709677419355,0.06451612903225806,0.21428571428571427,0.13333333333333333,0.16129032258064516,uncertainty,0.16129032258064516,0.17419354838709677,18,0.05,
31,0.41935483870967744,0.4838709677419355,0.0967741935483871,0.15384615384615385,0.13333333333333333,0.12903225806451613,uncertainty,0.12903225806451613,0.14838709677419357,18,0.1,
31,0.3870967741935484,0.45161290322580644,0.16129032258064516,0.08333333333333333,0.14285714285714285,0.0967741935483871,uncertainty,0.0967741935483871,0.12903225806451613,18,0.15000000000000002,
31,0.3870967741935484,0.41935483870967744,0.1935483870967742,0.08333333333333333,0.15384615384615385,0.0967741935483871,uncertainty,0.0967741935483871,0.13548387096774195,18,0.2,
31,0.3548387096774194,0.3870967741935484,0.25806451612903225,0.09090909090909091,0.16666666666666666,0.0967741935483871,uncertainty,0.0967741935483871,0.14838709677419354,18,0.25,
31,0.3225806451612903,0.3870967741935484,0.2903225806451613,0.1,0.16666666666666666,0.0967741935483871,uncertainty,0.0967741935483871,0.15483870967741936,18,0.30000000000000004,
31,0.2903225806451613,0.3548387096774194,0.3548387096774194,0.1111111111111111,0.18181818181818182,0.0967741935483871,uncertainty,0.0967741935483871,0.16774193548387098,18,0.35000000000000003,
31,0.2903225806451613,0.3225806451612903,0.3870967741935484,0.1111111111111111,0.2,0.0967741935483871,uncertainty,0.0967741935483871,0.17419354838709677,18,0.4,
31,0.22580645161290322,0.3225806451612903,0.45161290322580644,0.14285714285714285,0.2,0.0967741935483871,uncertainty,0.0967741935483871,0.1870967741935484,18,0.45,
31,0.16129032258064516,0.3225806451612903,0.5161290322580645,0.0,0.2,0.06451612903225806,uncertainty,0.06451612903225806,0.16774193548387098,18,0.5,
31,0.16129032258064516,0.2903225806451613,0.5483870967741935,0.0,0.2222222222222222,0.06451612903225806,uncertainty,0.06451612903225806,0.17419354838709677,18,0.55,
31,0.12903225806451613,0.25806451612903225,0.6129032258064516,0.0,0.25,0.06451612903225806,uncertainty,0.06451612903225806,0.18709677419354842,18,0.6000000000000001,
31,0.12903225806451613,0.22580645161290322,0.6451612903225806,0.0,0.2857142857142857,0.06451612903225806,uncertainty,0.06451612903225806,0.19354838709677422,18,0.65,
31,0.0967741935483871,0.1935483870967742,0.7096774193548387,0.0,0.16666666666666666,0.03225806451612903,uncertainty,0.03225806451612903,0.17419354838709677,18,0.7000000000000001,
31,0.0967741935483871,0.16129032258064516,0.7419354838709677,0.0,0.2,0.03225806451612903,uncertainty,0.03225806451612903,0.1806451612903226,18,0.75,
31,0.06451612903225806,0.12903225806451613,0.8064516129032258,0.0,0.25,0.03225806451612903,uncertainty,0.03225806451612903,0.19354838709677422,18,0.8,
31,0.03225806451612903,0.12903225806451613,0.8387096774193549,0.0,0.25,0.03225806451612903,uncertainty,0.03225806451612903,0.20000000000000004,18,0.8500000000000001,
31,0.03225806451612903,0.06451612903225806,0.9032258064516129,0.0,0.5,0.03225806451612903,uncertainty,0.03225806451612903,0.21290322580645166,18,0.9,
31,0.0,0.06451612903225806,0.9354838709677419,,0.5,0.03225806451612903,uncertainty,0.03225806451612903,0.21935483870967748,18,0.9500000000000001,
31,0.0,0.0,1.0,,,0.0,uncertainty,0.0,0.20000000000000007,18,1.0,
31,0.06451612903225806,0.1935483870967742,0.7419354838709677,0.0,0.16666666666666666,0.03225806451612903,split_cp,0.03225806451612903,0.1806451612903226,18,0.02,0.9032258064516129
31,0.06451612903225806,0.1935483870967742,0.7419354838709677,0.0,0.16666666666666666,0.03225806451612903,split_cp,0.03225806451612903,0.1806451612903226,18,0.05,0.9032258064516129
31,0.06451612903225806,0.1935483870967742,0.7419354838709677,0.0,0.16666666666666666,0.03225806451612903,split_cp,0.03225806451612903,0.1806451612903226,18,0.08,0.9032258064516129
31,0.06451612903225806,0.22580645161290322,0.7096774193548387,0.0,0.14285714285714285,0.03225806451612903,split_cp,0.03225806451612903,0.17419354838709677,18,0.11,0.8387096774193549
31,0.06451612903225806,0.25806451612903225,0.6774193548387096,0.0,0.125,0.03225806451612903,split_cp,0.03225806451612903,0.167741935483871,18,0.13999999999999999,0.8387096774193549
31,0.06451612903225806,0.2903225806451613,0.6451612903225806,0.0,0.1111111111111111,0.03225806451612903,split_cp,0.03225806451612903,0.16129032258064518,18,0.16999999999999998,0.8387096774193549
31,0.06451612903225806,0.2903225806451613,0.6451612903225806,0.0,0.1111111111111111,0.03225806451612903,split_cp,0.03225806451612903,0.16129032258064518,18,0.19999999999999998,0.8387096774193549
31,0.0967741935483871,0.2903225806451613,0.6129032258064516,0.0,0.1111111111111111,0.03225806451612903,split_cp,0.03225806451612903,0.1548387096774194,18,0.22999999999999998,0.8387096774193549
31,0.0967741935483871,0.3225806451612903,0.5806451612903226,0.0,0.1,0.03225806451612903,split_cp,0.03225806451612903,0.14838709677419357,18,0.26,0.7741935483870968
31,0.12903225806451613,0.3548387096774194,0.5161290322580645,0.0,0.09090909090909091,0.03225806451612903,split_cp,0.03225806451612903,0.13548387096774198,18,0.29000000000000004,0.7741935483870968
31,0.16129032258064516,0.3548387096774194,0.4838709677419355,0.0,0.09090909090909091,0.03225806451612903,split_cp,0.03225806451612903,0.12903225806451613,18,0.32,0.7741935483870968
31,0.1935483870967742,0.3548387096774194,0.45161290322580644,0.0,0.09090909090909091,0.03225806451612903,split_cp,0.03225806451612903,0.12258064516129033,18,0.35,0.6774193548387096
31,0.22580645161290322,0.41935483870967744,0.3548387096774194,0.0,0.07692307692307693,0.03225806451612903,split_cp,0.03225806451612903,0.1032258064516129,18,0.38,0.5483870967741935
31,0.22580645161290322,0.45161290322580644,0.3225806451612903,0.0,0.07142857142857142,0.03225806451612903,split_cp,0.03225806451612903,0.0967741935483871,18,0.41000000000000003,0.5483870967741935
31,0.22580645161290322,0.45161290322580644,0.3225806451612903,0.0,0.07142857142857142,0.03225806451612903,split_cp,0.03225806451612903,0.0967741935483871,18,0.44,0.5483870967741935
31,0.22580645161290322,0.45161290322580644,0.3225806451612903,0.0,0.07142857142857142,0.03225806451612903,split_cp,0.03225806451612903,0.0967741935483871,18,0.47,0.5483870967741935
31,0.22580645161290322,0.45161290322580644,0.3225806451612903,0.0,0.07142857142857142,0.03225806451612903,split_cp,0.03225806451612903,0.0967741935483871,18,0.5,0.4838709677419355
32,0.15625,0.84375,0.0,0.2,0.07407407407407407,0.09375,crc,0.09375,0.09375,19,0.0,
32,0.15625,0.84375,0.0,0.2,0.07407407407407407,0.09375,rac,0.09375,0.09375,19,0.0,
32,0.15625,0.84375,0.0,0.2,0.07407407407407407,0.09375,rac_interval_cost,0.09375,0.09375,19,0.0,
32,0.15625,0.84375,0.0,0.2,0.07407407407407407,0.09375,risktriage,0.09375,0.09375,19,0.0,
32,0.15625,0.84375,0.0,0.2,0.07407407407407407,0.09375,crc,0.09375,0.09375,19,0.001,
32,0.15625,0.84375,0.0,0.2,0.07407407407407407,0.09375,rac,0.09375,0.09375,19,0.001,
32,0.15625,0.84375,0.0,0.2,0.07407407407407407,0.09375,rac_interval_cost,0.09375,0.09375,19,0.001,
32,0.15625,0.84375,0.0,0.2,0.07407407407407407,0.09375,risktriage,0.09375,0.09375,19,0.001,
32,0.15625,0.84375,0.0,0.2,0.07407407407407407,0.09375,crc,0.09375,0.09375,19,0.0012759115873597915,
32,0.15625,0.84375,0.0,0.2,0.07407407407407407,0.09375,rac,0.09375,0.09375,19,0.0012759115873597915,
32,0.15625,0.84375,0.0,0.2,0.07407407407407407,0.09375,rac_interval_cost,0.09375,0.09375,19,0.0012759115873597915,
32,0.15625,0.84375,0.0,0.2,0.07407407407407407,0.09375,risktriage,0.09375,0.09375,19,0.0012759115873597915,
32,0.15625,0.84375,0.0,0.2,0.07407407407407407,0.09375,crc,0.09375,0.09375,19,0.0016279503787589812,
32,0.15625,0.84375,0.0,0.2,0.07407407407407407,0.09375,rac,0.09375,0.09375,19,0.0016279503787589812,
32,0.15625,0.84375,0.0,0.2,0.07407407407407407,0.09375,rac_interval_cost,0.09375,0.09375,19,0.0016279503787589812,
32,0.15625,0.84375,0.0,0.2,0.07407407407407407,0.09375,risktriage,0.09375,0.09375,19,0.0016279503787589812,
32,0.15625,0.84375,0.0,0.2,0.07407407407407407,0.09375,crc,0.09375,0.09375,19,0.0020771207519053457,
32,0.15625,0.84375,0.0,0.2,0.07407407407407407,0.09375,rac,0.09375,0.09375,19,0.0020771207519053457,
32,0.15625,0.84375,0.0,0.2,0.07407407407407407,0.09375,rac_interval_cost,0.09375,0.09375,19,0.0020771207519053457,
32,0.15625,0.84375,0.0,0.2,0.07407407407407407,0.09375,risktriage,0.09375,0.09375,19,0.0020771207519053457,
32,0.15625,0.84375,0.0,0.2,0.07407407407407407,0.09375,crc,0.09375,0.09375,19,0.0026502224357015103,
32,0.15625,0.84375,0.0,0.2,0.07407407407407407,0.09375,rac,0.09375,0.09375,19,0.0026502224357015103,
32,0.15625,0.84375,0.0,0.2,0.07407407407407407,0.09375,rac_interval_cost,0.09375,0.09375,19,0.0026502224357015103,
32,0.15625,0.84375,0.0,0.2,0.07407407407407407,0.09375,risktriage,0.09375,0.09375,19,0.0026502224357015103,
32,0.15625,0.84375,0.0,0.2,0.07407407407407407,0.09375,crc,0.09375,0.09375,19,0.0033814495147924473,
32,0.15625,0.84375,0.0,0.2,0.07407407407407407,0.09375,rac,0.09375,0.09375,19,0.0033814495147924473,
32,0.15625,0.84375,0.0,0.2,0.07407407407407407,0.09375,rac_interval_cost,0.09375,0.09375,19,0.0033814495147924473,
32,0.15625,0.84375,0.0,0.2,0.07407407407407407,0.09375,risktriage,0.09375,0.09375,19,0.0033814495147924473,
32,0.15625,0.84375,0.0,0.2,0.07407407407407407,0.09375,crc,0.09375,0.09375,19,0.004314430617995828,
32,0.15625,0.84375,0.0,0.2,0.07407407407407407,0.09375,rac,0.09375,0.09375,19,0.004314430617995828,
32,0.15625,0.84375,0.0,0.2,0.07407407407407407,0.09375,rac_interval_cost,0.09375,0.09375,19,0.004314430617995828,
32,0.15625,0.84375,0.0,0.2,0.07407407407407407,0.09375,risktriage,0.09375,0.09375,19,0.004314430617995828,
32,0.15625,0.84375,0.0,0.2,0.07407407407407407,0.09375,crc,0.09375,0.09375,19,0.005504832018360738,
32,0.15625,0.84375,0.0,0.2,0.07407407407407407,0.09375,rac,0.09375,0.09375,19,0.005504832018360738,
32,0.15625,0.84375,0.0,0.2,0.07407407407407407,0.09375,rac_interval_cost,0.09375,0.09375,19,0.005504832018360738,
32,0.15625,0.84375,0.0,0.2,0.07407407407407407,0.09375,risktriage,0.09375,0.09375,19,0.005504832018360738,
32,0.15625,0.84375,0.0,0.2,0.07407407407407407,0.09375,crc,0.09375,0.09375,19,0.0070236789586956535,
32,0.15625,0.84375,0.0,0.2,0.07407407407407407,0.09375,rac,0.09375,0.09375,19,0.0070236789586956535,
32,0.15625,0.84375,0.0,0.2,0.07407407407407407,0.09375,rac_interval_cost,0.09375,0.09375,19,0.0070236789586956535,
32,0.15625,0.84375,0.0,0.2,0.07407407407407407,0.09375,risktriage,0.09375,0.09375,19,0.0070236789586956535,
32,0.15625,0.84375,0.0,0.2,0.07407407407407407,0.09375,crc,0.09375,0.09375,19,0.008961593369294939,
32,0.15625,0.84375,0.0,0.2,0.07407407407407407,0.09375,rac,0.09375,0.09375,19,0.008961593369294939,
32,0.15625,0.84375,0.0,0.2,0.07407407407407407,0.09375,rac_interval_cost,0.09375,0.09375,19,0.008961593369294939,
32,0.15625,0.84375,0.0,0.2,0.07407407407407407,0.09375,risktriage,0.09375,0.09375,19,0.008961593369294939,
32,0.15625,0.84375,0.0,0.2,0.07407407407407407,0.09375,crc,0.09375,0.09375,19,0.011434200821090076,
32,0.15625,0.84375,0.0,0.2,0.07407407407407407,0.09375,rac,0.09375,0.09375,19,0.011434200821090076,
32,0.15625,0.84375,0.0,0.2,0.07407407407407407,0.09375,rac_interval_cost,0.09375,0.09375,19,0.011434200821090076,
32,0.15625,0.84375,0.0,0.2,0.07407407407407407,0.09375,risktriage,0.09375,0.09375,19,0.011434200821090076,
32,0.15625,0.84375,0.0,0.2,0.07407407407407407,0.09375,crc,0.09375,0.09375,19,0.014589029319827671,
32,0.15625,0.84375,0.0,0.2,0.07407407407407407,0.09375,rac,0.09375,0.09375,19,0.014589029319827671,
32,0.15625,0.84375,0.0,0.2,0.07407407407407407,0.09375,rac_interval_cost,0.09375,0.09375,19,0.014589029319827671,
32,0.15625,0.84375,0.0,0.2,0.07407407407407407,0.09375,risktriage,0.09375,0.09375,19,0.014589029319827671,
32,0.15625,0.84375,0.0,0.2,0.07407407407407407,0.09375,crc,0.09375,0.09375,19,0.018614311557499853,
32,0.15625,0.84375,0.0,0.2,0.07407407407407407,0.09375,rac,0.09375,0.09375,19,0.018614311557499853,
32,0.15625,0.84375,0.0,0.2,0.07407407407407407,0.09375,rac_interval_cost,0.09375,0.09375,19,0.018614311557499853,
32,0.15625,0.84375,0.0,0.2,0.07407407407407407,0.09375,risktriage,0.09375,0.09375,19,0.018614311557499853,
32,0.15625,0.84375,0.0,0.2,0.07407407407407407,0.09375,crc,0.09375,0.09375,19,0.02375021580693934,
32,0.15625,0.84375,0.0,0.2,0.07407407407407407,0.09375,rac,0.09375,0.09375,19,0.02375021580693934,
32,0.15625,0.84375,0.0,0.2,0.07407407407407407,0.09375,rac_interval_cost,0.09375,0.09375,19,0.02375021580693934,
32,0.15625,0.84375,0.0,0.2,0.07407407407407407,0.09375,risktriage,0.09375,0.09375,19,0.02375021580693934,
32,0.15625,0.84375,0.0,0.2,0.07407407407407407,0.09375,crc,0.09375,0.09375,19,0.03030317555036958,
32,0.15625,0.84375,0.0,0.2,0.07407407407407407,0.09375,rac,0.09375,0.09375,19,0.03030317555036958,
32,0.15625,0.84375,0.0,0.2,0.07407407407407407,0.09375,rac_interval_cost,0.09375,0.09375,19,0.03030317555036958,
32,0.15625,0.84375,0.0,0.2,0.07407407407407407,0.09375,risktriage,0.09375,0.09375,19,0.03030317555036958,
32,0.15625,0.84375,0.0,0.2,0.07407407407407407,0.09375,crc,0.09375,0.09375,19,0.03866417281851446,
32,0.15625,0.84375,0.0,0.2,0.07407407407407407,0.09375,rac,0.09375,0.09375,19,0.03866417281851446,
32,0.15625,0.84375,0.0,0.2,0.07407407407407407,0.09375,rac_interval_cost,0.09375,0.09375,19,0.03866417281851446,
32,0.15625,0.84375,0.0,0.2,0.07407407407407407,0.09375,risktriage,0.09375,0.09375,19,0.03866417281851446,
32,0.15625,0.84375,0.0,0.2,0.07407407407407407,0.09375,crc,0.09375,0.09375,19,0.04933206611482406,
32,0.15625,0.84375,0.0,0.2,0.07407407407407407,0.09375,rac,0.09375,0.09375,19,0.04933206611482406,
32,0.15625,0.84375,0.0,0.2,0.07407407407407407,0.09375,rac_interval_cost,0.09375,0.09375,19,0.04933206611482406,
32,0.15625,0.84375,0.0,0.2,0.07407407407407407,0.09375,risktriage,0.09375,0.09375,19,0.04933206611482406,
32,0.15625,0.84375,0.0,0.2,0.07407407407407407,0.09375,crc,0.09375,0.09375,19,0.06294335478430332,
32,0.15625,0.84375,0.0,0.2,0.07407407407407407,0.09375,rac,0.09375,0.09375,19,0.06294335478430332,
32,0.15625,0.84375,0.0,0.2,0.07407407407407407,0.09375,rac_interval_cost,0.09375,0.09375,19,0.06294335478430332,
32,0.15625,0.84375,0.0,0.2,0.07407407407407407,0.09375,risktriage,0.09375,0.09375,19,0.06294335478430332,
32,0.15625,0.84375,0.0,0.2,0.07407407407407407,0.09375,crc,0.09375,0.09375,19,0.08031015571659093,
32,0.15625,0.84375,0.0,0.2,0.07407407407407407,0.09375,rac,0.09375,0.09375,19,0.08031015571659093,
32,0.15625,0.84375,0.0,0.2,0.07407407407407407,0.09375,rac_interval_cost,0.09375,0.09375,19,0.08031015571659093,
32,0.15625,0.84375,0.0,0.2,0.07407407407407407,0.09375,risktriage,0.09375,0.09375,19,0.08031015571659093,
32,0.15625,0.84375,0.0,0.2,0.07407407407407407,0.09375,crc,0.09375,0.09375,19,0.10246865826146757,
32,0.15625,0.84375,0.0,0.2,0.07407407407407407,0.09375,rac,0.09375,0.09375,19,0.10246865826146757,
32,0.15625,0.84375,0.0,0.2,0.07407407407407407,0.09375,rac_interval_cost,0.09375,0.09375,19,0.10246865826146757,
32,0.15625,0.84375,0.0,0.2,0.07407407407407407,0.09375,risktriage,0.09375,0.09375,19,0.10246865826146757,
32,0.15625,0.84375,0.0,0.2,0.07407407407407407,0.09375,crc,0.09375,0.09375,19,0.13074094841701697,
32,0.15625,0.84375,0.0,0.2,0.07407407407407407,0.09375,rac,0.09375,0.09375,19,0.13074094841701697,
32,0.15625,0.84375,0.0,0.2,0.07407407407407407,0.09375,rac_interval_cost,0.09375,0.09375,19,0.13074094841701697,
32,0.15625,0.84375,0.0,0.2,0.07407407407407407,0.09375,risktriage,0.09375,0.09375,19,0.13074094841701697,
32,0.15625,0.84375,0.0,0.2,0.07407407407407407,0.09375,crc,0.09375,0.09375,19,0.16681389102768074,
32,0.15625,0.84375,0.0,0.2,0.07407407407407407,0.09375,rac,0.09375,0.09375,19,0.16681389102768074,
32,0.15625,0.84375,0.0,0.2,0.07407407407407407,0.09375,rac_interval_cost,0.09375,0.09375,19,0.16681389102768074,
32,0.15625,0.84375,0.0,0.2,0.07407407407407407,0.09375,risktriage,0.09375,0.09375,19,0.16681389102768074,
32,0.15625,0.84375,0.0,0.2,0.07407407407407407,0.09375,crc,0.09375,0.09375,19,0.2128397764947914,
32,0.15625,0.84375,0.0,0.2,0.07407407407407407,0.09375,rac,0.09375,0.09375,19,0.2128397764947914,
32,0.15625,0.84375,0.0,0.2,0.07407407407407407,0.09375,rac_interval_cost,0.09375,0.09375,19,0.2128397764947914,
32,0.15625,0.84375,0.0,0.2,0.07407407407407407,0.09375,risktriage,0.09375,0.09375,19,0.2128397764947914,
32,0.15625,0.84375,0.0,0.2,0.07407407407407407,0.09375,crc,0.09375,0.09375,19,0.2715647370807723,
32,0.15625,0.84375,0.0,0.2,0.07407407407407407,0.09375,rac,0.09375,0.09375,19,0.2715647370807723,
32,0.15625,0.84375,0.0,0.2,0.07407407407407407,0.09375,rac_interval_cost,0.09375,0.09375,19,0.2715647370807723,
32,0.15625,0.84375,0.0,0.2,0.07407407407407407,0.09375,risktriage,0.09375,0.09375,19,0.2715647370807723,
32,0.15625,0.84375,0.0,0.2,0.07407407407407407,0.09375,crc,0.09375,0.09375,19,0.3464925947596726,
32,0.15625,0.84375,0.0,0.2,0.07407407407407407,0.09375,rac,0.09375,0.09375,19,0.3464925947596726,
32,0.15625,0.84375,0.0,0.2,0.07407407407407407,0.09375,rac_interval_cost,0.09375,0.09375,19,0.3464925947596726,
32,0.15625,0.84375,0.0,0.2,0.07407407407407407,0.09375,risktriage,0.09375,0.09375,19,0.3464925947596726,
32,0.15625,0.84375,0.0,0.2,0.07407407407407407,0.09375,crc,0.09375,0.09375,19,0.44209391658822683,
32,0.15625,0.84375,0.0,0.2,0.07407407407407407,0.09375,rac,0.09375,0.09375,19,0.44209391658822683,
32,0.15625,0.84375,0.0,0.2,0.07407407407407407,0.09375,rac_interval_cost,0.09375,0.09375,19,0.44209391658822683,
32,0.15625,0.84375,0.0,0.2,0.07407407407407407,0.09375,risktriage,0.09375,0.09375,19,0.44209391658822683,
32,0.15625,0.84375,0.0,0.2,0.07407407407407407,0.09375,crc,0.09375,0.09375,19,0.5640727508761912,
32,0.15625,0.84375,0.0,0.2,0.07407407407407407,0.09375,rac,0.09375,0.09375,19,0.5640727508761912,
32,0.15625,0.84375,0.0,0.2,0.07407407407407407,0.09375,rac_interval_cost,0.09375,0.09375,19,0.5640727508761912,
32,0.15625,0.84375,0.0,0.2,0.07407407407407407,0.09375,risktriage,0.09375,0.09375,19,0.5640727508761912,
32,0.15625,0.84375,0.0,0.2,0.07407407407407407,0.09375,crc,0.09375,0.09375,19,0.7197069589568453,
32,0.15625,0.84375,0.0,0.2,0.07407407407407407,0.09375,rac,0.09375,0.09375,19,0.7197069589568453,
32,0.15625,0.84375,0.0,0.2,0.07407407407407407,0.09375,rac_interval_cost,0.09375,0.09375,19,0.7197069589568453,
32,0.15625,0.84375,0.0,0.2,0.07407407407407407,0.09375,risktriage,0.09375,0.09375,19,0.7197069589568453,
32,0.15625,0.84375,0.0,0.2,0.07407407407407407,0.09375,crc,0.09375,0.09375,19,0.9182824484365169,
32,0.15625,0.84375,0.0,0.2,0.07407407407407407,0.09375,rac,0.09375,0.09375,19,0.9182824484365169,
32,0.15625,0.84375,0.0,0.2,0.07407407407407407,0.09375,rac_interval_cost,0.09375,0.09375,19,0.9182824484365169,
32,0.15625,0.84375,0.0,0.2,0.07407407407407407,0.09375,risktriage,0.09375,0.09375,19,0.9182824484365169,
32,0.15625,0.8125,0.03125,0.2,0.07692307692307693,0.09375,crc,0.09375,0.1,19,1.1716472164292708,
32,0.15625,0.8125,0.03125,0.2,0.07692307692307693,0.09375,rac,0.09375,0.1,19,1.1716472164292708,
32,0.15625,0.8125,0.03125,0.2,0.07692307692307693,0.09375,rac_interval_cost,0.09375,0.1,19,1.1716472164292708,
32,0.15625,0.84375,0.0,0.2,0.07407407407407407,0.09375,risktriage,0.09375,0.09375,19,1.1716472164292708,
32,0.15625,0.78125,0.0625,0.2,0.04,0.0625,crc,0.0625,0.075,19,1.4949182597399522,
32,0.15625,0.78125,0.0625,0.2,0.04,0.0625,rac,0.0625,0.075,19,1.4949182597399522,
32,0.15625,0.78125,0.0625,0.2,0.04,0.0625,rac_interval_cost,0.0625,0.075,19,1.4949182597399522,
32,0.15625,0.8125,0.03125,0.2,0.07692307692307693,0.09375,risktriage,0.09375,0.1,19,1.4949182597399522,
32,0.15625,0.78125,0.0625,0.2,0.04,0.0625,crc,0.0625,0.075,19,1.9073835297579376,
32,0.15625,0.78125,0.0625,0.2,0.04,0.0625,rac,0.0625,0.075,19,1.9073835297579376,
32,0.15625,0.78125,0.0625,0.2,0.04,0.0625,rac_interval_cost,0.0625,0.075,19,1.9073835297579376,
32,0.15625,0.78125,0.0625,0.2,0.04,0.0625,risktriage,0.0625,0.075,19,1.9073835297579376,
32,0.15625,0.78125,0.0625,0.2,0.04,0.0625,crc,0.0625,0.075,19,2.4336527471573723,
32,0.15625,0.78125,0.0625,0.2,0.04,0.0625,rac,0.0625,0.075,19,2.4336527471573723,
32,0.15625,0.78125,0.0625,0.2,0.04,0.0625,rac_interval_cost,0.0625,0.075,19,2.4336527471573723,
32,0.15625,0.78125,0.0625,0.2,0.04,0.0625,risktriage,0.0625,0.075,19,2.4336527471573723,
32,0.15625,0.75,0.09375,0.2,0.041666666666666664,0.0625,crc,0.0625,0.08125,19,3.1051257397080803,
32,0.15625,0.75,0.09375,0.2,0.041666666666666664,0.0625,rac,0.0625,0.08125,19,3.1051257397080803,
32,0.15625,0.75,0.09375,0.2,0.041666666666666664,0.0625,rac_interval_cost,0.0625,0.08125,19,3.1051257397080803,
32,0.15625,0.78125,0.0625,0.2,0.04,0.0625,risktriage,0.0625,0.075,19,3.1051257397080803,
32,0.125,0.71875,0.15625,0.25,0.043478260869565216,0.0625,crc,0.0625,0.09375,19,3.9618659115026795,
32,0.125,0.71875,0.15625,0.25,0.043478260869565216,0.0625,rac,0.0625,0.09375,19,3.9618659115026795,
32,0.125,0.71875,0.15625,0.25,0.043478260869565216,0.0625,rac_interval_cost,0.0625,0.09375,19,3.9618659115026795,
32,0.15625,0.71875,0.125,0.2,0.043478260869565216,0.0625,risktriage,0.0625,0.08750000000000001,19,3.9618659115026795,
32,0.125,0.71875,0.15625,0.25,0.043478260869565216,0.0625,crc,0.0625,0.09375,19,5.054990624052031,
32,0.125,0.71875,0.15625,0.25,0.043478260869565216,0.0625,rac,0.0625,0.09375,19,5.054990624052031,
32,0.125,0.71875,0.15625,0.25,0.043478260869565216,0.0625,rac_interval_cost,0.0625,0.09375,19,5.054990624052031,
32,0.125,0.71875,0.15625,0.25,0.043478260869565216,0.0625,risktriage,0.0625,0.09375,19,5.054990624052031,
32,0.09375,0.71875,0.1875,0.0,0.043478260869565216,0.03125,crc,0.03125,0.06875,19,6.4497211112230834,
32,0.09375,0.71875,0.1875,0.0,0.043478260869565216,0.03125,rac,0.03125,0.06875,19,6.4497211112230834,
32,0.09375,0.71875,0.1875,0.0,0.043478260869565216,0.03125,rac_interval_cost,0.03125,0.06875,19,6.4497211112230834,
32,0.125,0.71875,0.15625,0.25,0.043478260869565216,0.0625,risktriage,0.0625,0.09375,19,6.4497211112230834,
32,0.03125,0.71875,0.25,0.0,0.043478260869565216,0.03125,crc,0.03125,0.08125,19,8.229273901048602,
32,0.03125,0.71875,0.25,0.0,0.043478260869565216,0.03125,rac,0.03125,0.08125,19,8.229273901048602,
32,0.03125,0.71875,0.25,0.0,0.043478260869565216,0.03125,rac_interval_cost,0.03125,0.08125,19,8.229273901048602,
32,0.09375,0.71875,0.1875,0.0,0.043478260869565216,0.03125,risktriage,0.03125,0.06875,19,8.229273901048602,
32,0.03125,0.65625,0.3125,0.0,0.0,0.0,crc,0.0,0.0625,19,10.499825925905427,
32,0.03125,0.65625,0.3125,0.0,0.0,0.0,rac,0.0,0.0625,19,10.499825925905427,
32,0.03125,0.65625,0.3125,0.0,0.0,0.0,rac_interval_cost,0.0,0.0625,19,10.499825925905427,
32,0.03125,0.6875,0.28125,0.0,0.0,0.0,risktriage,0.0,0.05625,19,10.499825925905427,
32,0.03125,0.625,0.34375,0.0,0.0,0.0,crc,0.0,0.06875,19,13.396849564123471,
32,0.03125,0.625,0.34375,0.0,0.0,0.0,rac,0.0,0.06875,19,13.396849564123471,
32,0.03125,0.625,0.34375,0.0,0.0,0.0,rac_interval_cost,0.0,0.06875,19,13.396849564123471,
32,0.03125,0.65625,0.3125,0.0,0.0,0.0,risktriage,0.0,0.0625,19,13.396849564123471,
32,0.0,0.59375,0.40625,,0.0,0.0,crc,0.0,0.08125,19,17.093195592981093,
32,0.0,0.59375,0.40625,,0.0,0.0,rac,0.0,0.08125,19,17.093195592981093,
32,0.0,0.59375,0.40625,,0.0,0.0,rac_interval_cost,0.0,0.08125,19,17.093195592981093,
32,0.03125,0.625,0.34375,0.0,0.0,0.0,risktriage,0.0,0.06875,19,17.093195592981093,
32,0.0,0.53125,0.46875,,0.0,0.0,crc,0.0,0.09375,19,21.80940632209192,
32,0.0,0.53125,0.46875,,0.0,0.0,rac,0.0,0.09375,19,21.80940632209192,
32,0.0,0.53125,0.46875,,0.0,0.0,rac_interval_cost,0.0,0.09375,19,21.80940632209192,
32,0.0,0.5625,0.4375,,0.0,0.0,risktriage,0.0,0.08750000000000001,19,21.80940632209192,
32,0.0,0.5,0.5,,0.0,0.0,crc,0.0,0.1,19,27.826874239794947,
32,0.0,0.5,0.5,,0.0,0.0,rac,0.0,0.1,19,27.826874239794947,
32,0.0,0.5,0.5,,0.0,0.0,rac_interval_cost,0.0,0.1,19,27.826874239794947,
32,0.0,0.53125,0.46875,,0.0,0.0,risktriage,0.0,0.09375,19,27.826874239794947,
32,0.0,0.375,0.625,,0.0,0.0,crc,0.0,0.125,19,35.50463128255802,
32,0.0,0.375,0.625,,0.0,0.0,rac,0.0,0.125,19,35.50463128255802,
32,0.0,0.375,0.625,,0.0,0.0,rac_interval_cost,0.0,0.125,19,35.50463128255802,
32,0.0,0.46875,0.53125,,0.0,0.0,risktriage,0.0,0.10625000000000001,19,35.50463128255802,
32,0.0,0.3125,0.6875,,0.0,0.0,crc,0.0,0.1375,19,45.300770458352766,
32,0.0,0.3125,0.6875,,0.0,0.0,rac,0.0,0.1375,19,45.300770458352766,
32,0.0,0.3125,0.6875,,0.0,0.0,rac_interval_cost,0.0,0.1375,19,45.300770458352766,
32,0.0,0.375,0.625,,0.0,0.0,risktriage,0.0,0.125,19,45.300770458352766,
32,0.0,0.1875,0.8125,,0.0,0.0,crc,0.0,0.16250000000000003,19,57.79977794413837,
32,0.0,0.1875,0.8125,,0.0,0.0,rac,0.0,0.16250000000000003,19,57.79977794413837,
32,0.0,0.1875,0.8125,,0.0,0.0,rac_interval_cost,0.0,0.16250000000000003,19,57.79977794413837,
32,0.0,0.25,0.75,,0.0,0.0,risktriage,0.0,0.15000000000000002,19,57.79977794413837,
32,0.0,0.09375,0.90625,,0.0,0.0,crc,0.0,0.18125000000000002,19,73.74740642574898,
32,0.0,0.09375,0.90625,,0.0,0.0,rac,0.0,0.18125000000000002,19,73.74740642574898,
32,0.0,0.09375,0.90625,,0.0,0.0,rac_interval_cost,0.0,0.18125000000000002,19,73.74740642574898,
32,0.0,0.15625,0.84375,,0.0,0.0,risktriage,0.0,0.16875,19,73.74740642574898,
32,0.0,0.0625,0.9375,,0.0,0.0,crc,0.0,0.1875,19,94.0951703963452,
32,0.0,0.0625,0.9375,,0.0,0.0,rac,0.0,0.1875,19,94.0951703963452,
32,0.0,0.0625,0.9375,,0.0,0.0,rac_interval_cost,0.0,0.1875,19,94.0951703963452,
32,0.0,0.09375,0.90625,,0.0,0.0,risktriage,0.0,0.18125000000000002,19,94.0951703963452,
32,0.15625,0.84375,0.0,0.2,0.07407407407407407,0.09375,uncertainty,0.09375,0.09375,19,0.0,
32,0.15625,0.78125,0.0625,0.2,0.04,0.0625,uncertainty,0.0625,0.075,19,0.05,
32,0.15625,0.75,0.09375,0.2,0.041666666666666664,0.0625,uncertainty,0.0625,0.08124999999999999,19,0.1,
32,0.15625,0.6875,0.15625,0.2,0.045454545454545456,0.0625,uncertainty,0.0625,0.09375,19,0.15000000000000002,
32,0.15625,0.65625,0.1875,0.2,0.047619047619047616,0.0625,uncertainty,0.0625,0.1,19,0.2,
32,0.15625,0.59375,0.25,0.2,0.0,0.03125,uncertainty,0.03125,0.08124999999999999,19,0.25,
32,0.15625,0.53125,0.3125,0.2,0.0,0.03125,uncertainty,0.03125,0.09375,19,0.30000000000000004,
32,0.15625,0.5,0.34375,0.2,0.0,0.03125,uncertainty,0.03125,0.1,19,0.35000000000000003,
32,0.15625,0.4375,0.40625,0.2,0.0,0.03125,uncertainty,0.03125,0.1125,19,0.4,
32,0.15625,0.40625,0.4375,0.2,0.0,0.03125,uncertainty,0.03125,0.11875,19,0.45,
32,0.125,0.375,0.5,0.25,0.0,0.03125,uncertainty,0.03125,0.13125,19,0.5,
32,0.09375,0.34375,0.5625,0.3333333333333333,0.0,0.03125,uncertainty,0.03125,0.14375,19,0.55,
32,0.0625,0.34375,0.59375,0.5,0.0,0.03125,uncertainty,0.03125,0.15000000000000002,19,0.6000000000000001,
32,0.0625,0.28125,0.65625,0.5,0.0,0.03125,uncertainty,0.03125,0.1625,19,0.65,
32,0.0625,0.25,0.6875,0.5,0.0,0.03125,uncertainty,0.03125,0.16875,19,0.7000000000000001,
32,0.0625,0.1875,0.75,0.5,0.0,0.03125,uncertainty,0.03125,0.18125000000000002,19,0.75,
32,0.0625,0.125,0.8125,0.5,0.0,0.03125,uncertainty,0.03125,0.19375000000000003,19,0.8,
32,0.03125,0.125,0.84375,1.0,0.0,0.03125,uncertainty,0.03125,0.2,19,0.8500000000000001,
32,0.0,0.09375,0.90625,,0.0,0.0,uncertainty,0.0,0.18125000000000002,19,0.9,
32,0.0,0.0625,0.9375,,0.0,0.0,uncertainty,0.0,0.1875,19,0.9500000000000001,
32,0.0,0.0,1.0,,,0.0,uncertainty,0.0,0.2,19,1.0,
32,0.0,0.125,0.875,,0.0,0.0,split_cp,0.0,0.17500000000000002,19,0.02,1.0
32,0.0,0.125,0.875,,0.0,0.0,split_cp,0.0,0.17500000000000002,19,0.05,1.0
32,0.0,0.125,0.875,,0.0,0.0,split_cp,0.0,0.17500000000000002,19,0.08,1.0
32,0.0,0.28125,0.71875,,0.0,0.0,split_cp,0.0,0.14375000000000002,19,0.11,1.0
32,0.0,0.3125,0.6875,,0.0,0.0,split_cp,0.0,0.1375,19,0.13999999999999999,1.0
32,0.0,0.34375,0.65625,,0.0,0.0,split_cp,0.0,0.13125,19,0.16999999999999998,1.0
32,0.0,0.40625,0.59375,,0.0,0.0,split_cp,0.0,0.11875000000000001,19,0.19999999999999998,1.0
32,0.0,0.5,0.5,,0.0,0.0,split_cp,0.0,0.1,19,0.22999999999999998,0.9375
32,0.0,0.5,0.5,,0.0,0.0,split_cp,0.0,0.1,19,0.26,0.9375
32,0.0,0.53125,0.46875,,0.0,0.0,split_cp,0.0,0.09375,19,0.29000000000000004,0.90625
32,0.0,0.5625,0.4375,,0.0,0.0,split_cp,0.0,0.08750000000000001,19,0.32,0.90625
32,0.03125,0.625,0.34375,0.0,0.0,0.0,split_cp,0.0,0.06875,19,0.35,0.75
32,0.03125,0.625,0.34375,0.0,0.0,0.0,split_cp,0.0,0.06875,19,0.38,0.75
32,0.03125,0.65625,0.3125,0.0,0.0,0.0,split_cp,0.0,0.0625,19,0.41000000000000003,0.75
32,0.03125,0.65625,0.3125,0.0,0.0,0.0,split_cp,0.0,0.0625,19,0.44,0.75
32,0.03125,0.65625,0.3125,0.0,0.0,0.0,split_cp,0.0,0.0625,19,0.47,0.71875
32,0.03125,0.6875,0.28125,0.0,0.0,0.0,split_cp,0.0,0.05625,19,0.5,0.625
